{
"type": "FeatureCollection",
"name": "teste_desenho",
"crs": { "type": "name", "properties": { "name": "urn:ogc:def:crs:OGC:1.3:CRS84" } },
"features": [
{ "type": "Feature", "properties": { "id": 2, "tipo": null, "nome": null, "layer": "area_verde_interna", "path": "C:/Users/ACER/Desktop/mapa_unipe/area_verde_unipe.shp" }, "geometry": { "type": "MultiPolygon", "coordinates": [ ] } },
{ "type": "Feature", "properties": { "id": 2, "tipo": null, "nome": null, "layer": "area_verde_interna", "path": "C:/Users/ACER/Desktop/mapa_unipe/area_verde_unipe.shp" }, "geometry": { "type": "MultiPolygon", "coordinates": [ ] } },
{ "type": "Feature", "properties": { "id": 2, "tipo": null, "nome": null, "layer": "area_verde_interna", "path": "C:/Users/ACER/Desktop/mapa_unipe/area_verde_unipe.shp" }, "geometry": { "type": "MultiPolygon", "coordinates": [ ] } },
{ "type": "Feature", "properties": { "id": 2, "tipo": null, "nome": null, "layer": "area_verde_interna", "path": "C:/Users/ACER/Desktop/mapa_unipe/area_verde_unipe.shp" }, "geometry": { "type": "MultiPolygon", "coordinates": [ ] } },
{ "type": "Feature", "properties": { "id": 2, "tipo": null, "nome": null, "layer": "area_verde_interna", "path": "C:/Users/ACER/Desktop/mapa_unipe/area_verde_unipe.shp" }, "geometry": { "type": "MultiPolygon", "coordinates": [ ] } },
{ "type": "Feature", "properties": { "id": 2, "tipo": null, "nome": null, "layer": "area_verde_interna", "path": "C:/Users/ACER/Desktop/mapa_unipe/area_verde_unipe.shp" }, "geometry": { "type": "MultiPolygon", "coordinates": [ ] } },
{ "type": "Feature", "properties": { "id": 2, "tipo": null, "nome": null, "layer": "area_verde_interna", "path": "C:/Users/ACER/Desktop/mapa_unipe/area_verde_unipe.shp" }, "geometry": { "type": "MultiPolygon", "coordinates": [ ] } },
{ "type": "Feature", "properties": { "id": 2, "tipo": null, "nome": null, "layer": "area_verde_interna", "path": "C:/Users/ACER/Desktop/mapa_unipe/area_verde_unipe.shp" }, "geometry": { "type": "MultiPolygon", "coordinates": [ ] } },
{ "type": "Feature", "properties": { "id": 2, "tipo": null, "nome": null, "layer": "area_verde_interna", "path": "C:/Users/ACER/Desktop/mapa_unipe/area_verde_unipe.shp" }, "geometry": { "type": "MultiPolygon", "coordinates": [ ] } },
{ "type": "Feature", "properties": { "id": 2, "tipo": null, "nome": null, "layer": "area_verde_interna", "path": "C:/Users/ACER/Desktop/mapa_unipe/area_verde_unipe.shp" }, "geometry": { "type": "MultiPolygon", "coordinates": [ ] } },
{ "type": "Feature", "properties": { "id": 2, "tipo": null, "nome": null, "layer": "area_verde_interna", "path": "C:/Users/ACER/Desktop/mapa_unipe/area_verde_unipe.shp" }, "geometry": { "type": "MultiPolygon", "coordinates": [ ] } },
{ "type": "Feature", "properties": { "id": 2, "tipo": null, "nome": null, "layer": "area_verde_interna", "path": "C:/Users/ACER/Desktop/mapa_unipe/area_verde_unipe.shp" }, "geometry": { "type": "MultiPolygon", "coordinates": [ ] } },
{ "type": "Feature", "properties": { "id": 2, "tipo": null, "nome": null, "layer": "area_verde_interna", "path": "C:/Users/ACER/Desktop/mapa_unipe/area_verde_unipe.shp" }, "geometry": { "type": "MultiPolygon", "coordinates": [ ] } },
{ "type": "Feature", "properties": { "id": 2, "tipo": null, "nome": null, "layer": "area_verde_interna", "path": "C:/Users/ACER/Desktop/mapa_unipe/area_verde_unipe.shp" }, "geometry": { "type": "MultiPolygon", "coordinates": [ ] } },
{ "type": "Feature", "properties": { "id": 2, "tipo": null, "nome": null, "layer": "area_verde_interna", "path": "C:/Users/ACER/Desktop/mapa_unipe/area_verde_unipe.shp" }, "geometry": { "type": "MultiPolygon", "coordinates": [ ] } },
{ "type": "Feature", "properties": { "id": 2, "tipo": null, "nome": null, "layer": "area_verde_interna", "path": "C:/Users/ACER/Desktop/mapa_unipe/area_verde_unipe.shp" }, "geometry": { "type": "MultiPolygon", "coordinates": [ ] } },
{ "type": "Feature", "properties": { "id": 2, "tipo": null, "nome": null, "layer": "area_verde_interna", "path": "C:/Users/ACER/Desktop/mapa_unipe/area_verde_unipe.shp" }, "geometry": { "type": "MultiPolygon", "coordinates": [ ] } },
{ "type": "Feature", "properties": { "id": 2, "tipo": null, "nome": null, "layer": "area_verde_interna", "path": "C:/Users/ACER/Desktop/mapa_unipe/area_verde_unipe.shp" }, "geometry": { "type": "MultiPolygon", "coordinates": [ ] } },
{ "type": "Feature", "properties": { "id": 2, "tipo": null, "nome": null, "layer": "area_verde_interna", "path": "C:/Users/ACER/Desktop/mapa_unipe/area_verde_unipe.shp" }, "geometry": { "type": "MultiPolygon", "coordinates": [ ] } },
{ "type": "Feature", "properties": { "id": 2, "tipo": null, "nome": null, "layer": "area_verde_interna", "path": "C:/Users/ACER/Desktop/mapa_unipe/area_verde_unipe.shp" }, "geometry": { "type": "MultiPolygon", "coordinates": [ ] } },
{ "type": "Feature", "properties": { "id": 2, "tipo": null, "nome": null, "layer": "area_verde_interna", "path": "C:/Users/ACER/Desktop/mapa_unipe/area_verde_unipe.shp" }, "geometry": { "type": "MultiPolygon", "coordinates": [ ] } },
{ "type": "Feature", "properties": { "id": 2, "tipo": null, "nome": null, "layer": "area_verde_interna", "path": "C:/Users/ACER/Desktop/mapa_unipe/area_verde_unipe.shp" }, "geometry": { "type": "MultiPolygon", "coordinates": [ ] } },
{ "type": "Feature", "properties": { "id": 2, "tipo": null, "nome": null, "layer": "area_verde_interna", "path": "C:/Users/ACER/Desktop/mapa_unipe/area_verde_unipe.shp" }, "geometry": { "type": "MultiPolygon", "coordinates": [ ] } },
{ "type": "Feature", "properties": { "id": 2, "tipo": null, "nome": null, "layer": "area_verde_interna", "path": "C:/Users/ACER/Desktop/mapa_unipe/area_verde_unipe.shp" }, "geometry": { "type": "MultiPolygon", "coordinates": [ ] } },
{ "type": "Feature", "properties": { "id": 2, "tipo": null, "nome": null, "layer": "area_verde_interna", "path": "C:/Users/ACER/Desktop/mapa_unipe/area_verde_unipe.shp" }, "geometry": { "type": "MultiPolygon", "coordinates": [ ] } },
{ "type": "Feature", "properties": { "id": 2, "tipo": null, "nome": null, "layer": "area_verde_interna", "path": "C:/Users/ACER/Desktop/mapa_unipe/area_verde_unipe.shp" }, "geometry": { "type": "MultiPolygon", "coordinates": [ ] } },
{ "type": "Feature", "properties": { "id": 2, "tipo": null, "nome": null, "layer": "area_verde_interna", "path": "C:/Users/ACER/Desktop/mapa_unipe/area_verde_unipe.shp" }, "geometry": { "type": "MultiPolygon", "coordinates": [ ] } },
{ "type": "Feature", "properties": { "id": 2, "tipo": null, "nome": null, "layer": "area_verde_interna", "path": "C:/Users/ACER/Desktop/mapa_unipe/area_verde_unipe.shp" }, "geometry": { "type": "MultiPolygon", "coordinates": [ ] } },
{ "type": "Feature", "properties": { "id": 2, "tipo": null, "nome": null, "layer": "area_verde_interna", "path": "C:/Users/ACER/Desktop/mapa_unipe/area_verde_unipe.shp" }, "geometry": { "type": "MultiPolygon", "coordinates": [ ] } },
{ "type": "Feature", "properties": { "id": 2, "tipo": null, "nome": null, "layer": "area_verde_interna", "path": "C:/Users/ACER/Desktop/mapa_unipe/area_verde_unipe.shp" }, "geometry": { "type": "MultiPolygon", "coordinates": [ ] } },
{ "type": "Feature", "properties": { "id": 2, "tipo": null, "nome": null, "layer": "area_verde_interna", "path": "C:/Users/ACER/Desktop/mapa_unipe/area_verde_unipe.shp" }, "geometry": { "type": "MultiPolygon", "coordinates": [ ] } },
{ "type": "Feature", "properties": { "id": 2, "tipo": null, "nome": null, "layer": "area_verde_interna", "path": "C:/Users/ACER/Desktop/mapa_unipe/area_verde_unipe.shp" }, "geometry": { "type": "MultiPolygon", "coordinates": [ ] } },
{ "type": "Feature", "properties": { "id": 2, "tipo": null, "nome": null, "layer": "area_verde_interna", "path": "C:/Users/ACER/Desktop/mapa_unipe/area_verde_unipe.shp" }, "geometry": { "type": "MultiPolygon", "coordinates": [ ] } },
{ "type": "Feature", "properties": { "id": 2, "tipo": null, "nome": null, "layer": "area_verde_interna", "path": "C:/Users/ACER/Desktop/mapa_unipe/area_verde_unipe.shp" }, "geometry": { "type": "MultiPolygon", "coordinates": [ ] } },
{ "type": "Feature", "properties": { "id": null, "tipo": null, "nome": null, "layer": "area_verde_interna", "path": "C:/Users/ACER/Desktop/mapa_unipe/area_verde_unipe.shp" }, "geometry": { "type": "MultiPolygon", "coordinates": [ ] } },
{ "type": "Feature", "properties": { "id": null, "tipo": null, "nome": null, "layer": "area_verde_interna", "path": "C:/Users/ACER/Desktop/mapa_unipe/area_verde_unipe.shp" }, "geometry": { "type": "MultiPolygon", "coordinates": [ ] } },
{ "type": "Feature", "properties": { "id": null, "tipo": null, "nome": null, "layer": "area_verde_interna", "path": "C:/Users/ACER/Desktop/mapa_unipe/area_verde_unipe.shp" }, "geometry": { "type": "MultiPolygon", "coordinates": [ ] } },
{ "type": "Feature", "properties": { "id": null, "tipo": null, "nome": null, "layer": "area_verde_interna", "path": "C:/Users/ACER/Desktop/mapa_unipe/area_verde_unipe.shp" }, "geometry": { "type": "MultiPolygon", "coordinates": [ ] } },
{ "type": "Feature", "properties": { "id": null, "tipo": null, "nome": null, "layer": "area_verde_interna", "path": "C:/Users/ACER/Desktop/mapa_unipe/area_verde_unipe.shp" }, "geometry": { "type": "MultiPolygon", "coordinates": [ [ [ [ -34.85456697547518, -7.158671766635194 ], [ -34.854582763691852, -7.158606871584002 ], [ -34.854239691141601, -7.158518768862259 ], [ -34.854223192067231, -7.158582549092659 ], [ -34.85456697547518, -7.158671766635194 ] ] ] ] } },
{ "type": "Feature", "properties": { "id": null, "tipo": null, "nome": null, "layer": "area_verde_interna", "path": "C:/Users/ACER/Desktop/mapa_unipe/area_verde_unipe.shp" }, "geometry": { "type": "MultiPolygon", "coordinates": [ [ [ [ -34.854621141379546, -7.158452767897818 ], [ -34.854637282184932, -7.158386476044185 ], [ -34.854296119559478, -7.158299557577386 ], [ -34.854280089639246, -7.158366437766082 ], [ -34.854621141379546, -7.158452767897818 ] ] ] ] } },
{ "type": "Feature", "properties": { "id": null, "tipo": null, "nome": null, "layer": "area_verde_interna", "path": "C:/Users/ACER/Desktop/mapa_unipe/area_verde_unipe.shp" }, "geometry": { "type": "MultiPolygon", "coordinates": [ [ [ [ -34.854183307594795, -7.158341939407984 ], [ -34.854199482437394, -7.158274937149576 ], [ -34.853886126657322, -7.158195102707061 ], [ -34.853868979992903, -7.15826237391552 ], [ -34.854183307594795, -7.158341939407984 ] ] ] ] } },
{ "type": "Feature", "properties": { "id": null, "tipo": null, "nome": null, "layer": "area_verde_interna", "path": "C:/Users/ACER/Desktop/mapa_unipe/area_verde_unipe.shp" }, "geometry": { "type": "MultiPolygon", "coordinates": [ [ [ [ -34.85383046418837, -7.158415222002562 ], [ -34.853814509965702, -7.15847650839769 ], [ -34.854126069567265, -7.158557541723301 ], [ -34.854142520012175, -7.1584939034825 ], [ -34.85383046418837, -7.158415222002562 ] ] ] ] } },
{ "type": "Feature", "properties": { "id": null, "tipo": null, "nome": null, "layer": "area_verde_interna", "path": "C:/Users/ACER/Desktop/mapa_unipe/area_verde_unipe.shp" }, "geometry": { "type": "MultiPolygon", "coordinates": [ [ [ [ -34.854690452503583, -7.159531382172548 ], [ -34.85473818301567, -7.159351517453055 ], [ -34.854470045246927, -7.159282295448805 ], [ -34.854612175719254, -7.159510506328912 ], [ -34.854690452503583, -7.159531382172548 ] ] ] ] } },
{ "type": "Feature", "properties": { "id": null, "tipo": null, "nome": null, "layer": "area_verde_interna", "path": "C:/Users/ACER/Desktop/mapa_unipe/area_verde_unipe.shp" }, "geometry": { "type": "MultiPolygon", "coordinates": [ [ [ [ -34.854561039578442, -7.15949686866794 ], [ -34.854442621207241, -7.159306730968581 ], [ -34.854404338108459, -7.159455077412122 ], [ -34.854561039578442, -7.15949686866794 ] ] ] ] } },
{ "type": "Feature", "properties": { "id": null, "tipo": null, "nome": null, "layer": "area_verde_interna", "path": "C:/Users/ACER/Desktop/mapa_unipe/area_verde_unipe.shp" }, "geometry": { "type": "MultiPolygon", "coordinates": [ ] } },
{ "type": "Feature", "properties": { "id": null, "tipo": null, "nome": null, "layer": "area_verde_interna", "path": "C:/Users/ACER/Desktop/mapa_unipe/area_verde_unipe.shp" }, "geometry": { "type": "MultiPolygon", "coordinates": [ ] } },
{ "type": "Feature", "properties": { "id": null, "tipo": null, "nome": null, "layer": "area_verde_interna", "path": "C:/Users/ACER/Desktop/mapa_unipe/area_verde_unipe.shp" }, "geometry": { "type": "MultiPolygon", "coordinates": [ [ [ [ -34.854369353663465, -7.159445747289224 ], [ -34.854408535457189, -7.159293918463246 ], [ -34.854187300075708, -7.15939719478382 ], [ -34.854369353663465, -7.159445747289224 ] ] ] ] } },
{ "type": "Feature", "properties": { "id": null, "tipo": null, "nome": null, "layer": "area_verde_interna", "path": "C:/Users/ACER/Desktop/mapa_unipe/area_verde_unipe.shp" }, "geometry": { "type": "MultiPolygon", "coordinates": [ [ [ [ -34.854132876909141, -7.159382680473711 ], [ -34.854391407057797, -7.15926199434158 ], [ -34.854062100851735, -7.159176981176284 ], [ -34.854016865216479, -7.159351740811971 ], [ -34.854132876909141, -7.159382680473711 ] ] ] ] } },
{ "type": "Feature", "properties": { "id": null, "tipo": null, "nome": null, "layer": "area_verde_interna", "path": "C:/Users/ACER/Desktop/mapa_unipe/area_verde_unipe.shp" }, "geometry": { "type": "MultiPolygon", "coordinates": [ [ [ [ -34.855084163760239, -7.159714071672231 ], [ -34.855100001185214, -7.159649829630892 ], [ -34.854952765972271, -7.159614160124971 ], [ -34.854872813602199, -7.159658986690554 ], [ -34.855084163760239, -7.159714071672231 ] ] ] ] } },
{ "type": "Feature", "properties": { "id": null, "tipo": null, "nome": null, "layer": "area_verde_interna", "path": "C:/Users/ACER/Desktop/mapa_unipe/area_verde_unipe.shp" }, "geometry": { "type": "MultiPolygon", "coordinates": [ [ [ [ -34.854901350639423, -7.159601513745642 ], [ -34.854785210891194, -7.159572836422098 ], [ -34.854769495217937, -7.15963205843144 ], [ -34.854822316548713, -7.159645825453764 ], [ -34.854901350639423, -7.159601513745642 ] ] ] ] } },
{ "type": "Feature", "properties": { "id": null, "tipo": null, "nome": null, "layer": "area_verde_interna", "path": "C:/Users/ACER/Desktop/mapa_unipe/area_verde_unipe.shp" }, "geometry": { "type": "MultiPolygon", "coordinates": [ [ [ [ -34.853669182367135, -7.15934527965593 ], [ -34.853903697753623, -7.159406402319332 ], [ -34.853921962781783, -7.159334297143935 ], [ -34.853688436271646, -7.15927410429259 ], [ -34.853669182367135, -7.15934527965593 ] ] ] ] } },
{ "type": "Feature", "properties": { "id": null, "tipo": null, "nome": null, "layer": "area_verde_interna", "path": "C:/Users/ACER/Desktop/mapa_unipe/area_verde_unipe.shp" }, "geometry": { "type": "MultiPolygon", "coordinates": [ [ [ [ -34.853960355014863, -7.15918273540775 ], [ -34.853971161254741, -7.159140075403461 ], [ -34.853733803193037, -7.159079187970281 ], [ -34.853721083389196, -7.15912375527456 ], [ -34.853960355014863, -7.15918273540775 ] ] ] ] } },
{ "type": "Feature", "properties": { "id": null, "tipo": null, "nome": null, "layer": "area_verde_interna", "path": "C:/Users/ACER/Desktop/mapa_unipe/area_verde_unipe.shp" }, "geometry": { "type": "MultiPolygon", "coordinates": [ [ [ [ -34.855144850281725, -7.159453695285259 ], [ -34.855148203284486, -7.159441979906905 ], [ -34.854840993878142, -7.159362627066185 ], [ -34.854835831538153, -7.15938208053133 ], [ -34.855144850281725, -7.159453695285259 ] ] ] ] } },
{ "type": "Feature", "properties": { "id": null, "tipo": null, "nome": null, "layer": "area_verde_interna", "path": "C:/Users/ACER/Desktop/mapa_unipe/area_verde_unipe.shp" }, "geometry": { "type": "MultiPolygon", "coordinates": [ [ [ [ -34.855065426252374, -7.15988153076834 ], [ -34.854895308259167, -7.1599925038314 ], [ -34.855155898891105, -7.160060241073708 ], [ -34.855065426252374, -7.15988153076834 ] ] ] ] } },
{ "type": "Feature", "properties": { "id": null, "tipo": null, "nome": null, "layer": "area_verde_interna", "path": "C:/Users/ACER/Desktop/mapa_unipe/area_verde_unipe.shp" }, "geometry": { "type": "MultiPolygon", "coordinates": [ [ [ [ -34.855152195944157, -7.159972780213693 ], [ -34.855270582286884, -7.159523094162651 ], [ -34.855171866208842, -7.159500353490487 ], [ -34.855091664422972, -7.159851650496492 ], [ -34.855152195944157, -7.159972780213693 ] ] ] ] } },
{ "type": "Feature", "properties": { "id": null, "tipo": null, "nome": null, "layer": "area_verde_interna", "path": "C:/Users/ACER/Desktop/mapa_unipe/area_verde_unipe.shp" }, "geometry": { "type": "MultiPolygon", "coordinates": [ [ [ [ -34.855015951813975, -7.159870609490208 ], [ -34.854696533819443, -7.159787358390979 ], [ -34.85465787573078, -7.159930786236758 ], [ -34.854847959259963, -7.15998019605621 ], [ -34.855015951813975, -7.159870609490208 ] ] ] ] } },
{ "type": "Feature", "properties": { "id": null, "tipo": null, "nome": null, "layer": "area_verde_interna", "path": "C:/Users/ACER/Desktop/mapa_unipe/area_verde_unipe.shp" }, "geometry": { "type": "MultiPolygon", "coordinates": [ [ [ [ -34.854661497211339, -7.159778226668652 ], [ -34.854339903247222, -7.159694408421336 ], [ -34.854317192761258, -7.159778204657136 ], [ -34.854637174023871, -7.15986846965919 ], [ -34.854661497211339, -7.159778226668652 ] ] ] ] } },
{ "type": "Feature", "properties": { "id": null, "tipo": null, "nome": null, "layer": "area_verde_interna", "path": "C:/Users/ACER/Desktop/mapa_unipe/area_verde_unipe.shp" }, "geometry": { "type": "MultiPolygon", "coordinates": [ [ [ [ -34.854627760899547, -7.159903393880096 ], [ -34.854199435509955, -7.159785582271555 ], [ -34.854146518416364, -7.159788487657503 ], [ -34.853892359820819, -7.159724708310748 ], [ -34.853890554675189, -7.159731330737748 ], [ -34.854622832966584, -7.159921677310965 ], [ -34.854627760899547, -7.159903393880096 ] ] ] ] } },
{ "type": "Feature", "properties": { "id": null, "tipo": null, "nome": null, "layer": "area_verde_interna", "path": "C:/Users/ACER/Desktop/mapa_unipe/area_verde_unipe.shp" }, "geometry": { "type": "MultiPolygon", "coordinates": [ [ [ [ -34.854282482298352, -7.159768992903173 ], [ -34.85430486710829, -7.159685276819439 ], [ -34.853926179490998, -7.159586578016341 ], [ -34.853901171615838, -7.159692381017656 ], [ -34.854150014914843, -7.159752076247721 ], [ -34.854202899037929, -7.159749172672469 ], [ -34.854282482298352, -7.159768992903173 ] ] ] ] } },
{ "type": "Feature", "properties": { "id": null, "tipo": null, "nome": null, "layer": "area_verde_interna", "path": "C:/Users/ACER/Desktop/mapa_unipe/area_verde_unipe.shp" }, "geometry": { "type": "MultiPolygon", "coordinates": [ [ [ [ -34.853866214988948, -7.159680048072513 ], [ -34.853891140519401, -7.159577445673983 ], [ -34.85366264198607, -7.159517891215144 ], [ -34.853693340563886, -7.159599341463244 ], [ -34.85374020581795, -7.159642764636071 ], [ -34.853866214988948, -7.159680048072513 ] ] ] ] } },
{ "type": "Feature", "properties": { "id": null, "tipo": null, "nome": null, "layer": "area_verde_interna", "path": "C:/Users/ACER/Desktop/mapa_unipe/area_verde_unipe.shp" }, "geometry": { "type": "MultiPolygon", "coordinates": [ [ [ [ -34.854147983518516, -7.159945396454326 ], [ -34.854207175050291, -7.159919103702886 ], [ -34.854204113456937, -7.159912940047526 ], [ -34.854114528588333, -7.159890441855105 ], [ -34.854108581045189, -7.159892654792106 ], [ -34.854147983518516, -7.159945396454326 ] ] ] ] } },
{ "type": "Feature", "properties": { "id": null, "tipo": null, "nome": null, "layer": "area_verde_interna", "path": "C:/Users/ACER/Desktop/mapa_unipe/area_verde_unipe.shp" }, "geometry": { "type": "MultiPolygon", "coordinates": [ [ [ [ -34.853936559238029, -7.159896286623779 ], [ -34.853990373625209, -7.159863148964421 ], [ -34.853987399853636, -7.159857985444386 ], [ -34.853904877692521, -7.159835118426356 ], [ -34.853899318844356, -7.159840885849216 ], [ -34.853936559238029, -7.159896286623779 ] ] ] ] } },
{ "type": "Feature", "properties": { "id": null, "tipo": null, "nome": null, "layer": "area_verde_interna", "path": "C:/Users/ACER/Desktop/mapa_unipe/area_verde_unipe.shp" }, "geometry": { "type": "MultiPolygon", "coordinates": [ [ [ [ -34.854053678701078, -7.160048010745627 ], [ -34.854231992565417, -7.160079094696631 ], [ -34.854347597935273, -7.160076697349184 ], [ -34.854359121300121, -7.160067107959252 ], [ -34.854380681144015, -7.159981909909224 ], [ -34.854372874993643, -7.159957567606285 ], [ -34.854274740531771, -7.159931381188035 ], [ -34.854057283485567, -7.160033545092961 ], [ -34.854053678701078, -7.160048010745627 ] ] ] ] } },
{ "type": "Feature", "properties": { "id": null, "tipo": null, "nome": null, "layer": "area_verde_interna", "path": "C:/Users/ACER/Desktop/mapa_unipe/area_verde_unipe.shp" }, "geometry": { "type": "MultiPolygon", "coordinates": [ [ [ [ -34.853965807287423, -7.160025000778931 ], [ -34.853968889013331, -7.160009262433531 ], [ -34.853841685046596, -7.159827926380133 ], [ -34.853641327186956, -7.159814648756026 ], [ -34.853617537014387, -7.160412141458054 ], [ -34.853709723933115, -7.160499183539451 ], [ -34.85383313545335, -7.160494757671305 ], [ -34.854200690642465, -7.160594499096702 ], [ -34.854331067617615, -7.160091460791865 ], [ -34.854229534242307, -7.16009406019075 ], [ -34.854120742371528, -7.160508510779374 ], [ -34.853643265512929, -7.160383479025258 ], [ -34.853752057844652, -7.159969028446407 ], [ -34.853965807287423, -7.160025000778931 ] ] ] ] } },
{ "type": "Feature", "properties": { "id": null, "tipo": null, "nome": null, "layer": "area_verde_interna", "path": "C:/Users/ACER/Desktop/mapa_unipe/area_verde_unipe.shp" }, "geometry": { "type": "MultiPolygon", "coordinates": [ [ [ [ -34.854666163214915, -7.16008573350488 ], [ -34.854692555437616, -7.160079832341991 ], [ -34.854696644373526, -7.160065448257132 ], [ -34.85468697961592, -7.160039261845094 ], [ -34.854615980819638, -7.160021558354407 ], [ -34.854593329990202, -7.160038373353234 ], [ -34.854597394747316, -7.160083889391486 ], [ -34.854611891883728, -7.160100855234417 ], [ -34.854666163214915, -7.16008573350488 ] ] ] ] } },
{ "type": "Feature", "properties": { "id": null, "tipo": null, "nome": null, "layer": "area_verde_interna", "path": "C:/Users/ACER/Desktop/mapa_unipe/area_verde_unipe.shp" }, "geometry": { "type": "MultiPolygon", "coordinates": [ [ [ [ -34.854666906657805, -7.160153596872568 ], [ -34.854672854200949, -7.160148802178449 ], [ -34.854680288629872, -7.160121878125888 ], [ -34.854672854200949, -7.160114501672857 ], [ -34.854644773131199, -7.160123768246728 ], [ -34.854637406778778, -7.160152729122644 ], [ -34.854666906657805, -7.160153596872568 ] ] ] ] } },
{ "type": "Feature", "properties": { "id": null, "tipo": null, "nome": null, "layer": "area_verde_interna", "path": "C:/Users/ACER/Desktop/mapa_unipe/area_verde_unipe.shp" }, "geometry": { "type": "MultiPolygon", "coordinates": [ [ [ [ -34.854774705877283, -7.160071718242905 ], [ -34.854765784562566, -7.160060284739383 ], [ -34.854739392339866, -7.160054383576175 ], [ -34.854722664874778, -7.16007430000172 ], [ -34.85469850298076, -7.160158760389256 ], [ -34.854720806267537, -7.160166136841584 ], [ -34.854746455047355, -7.160154703340441 ], [ -34.854778794813193, -7.160082782923435 ], [ -34.854774705877283, -7.160071718242905 ] ] ] ] } },
{ "type": "Feature", "properties": { "id": null, "tipo": null, "nome": null, "layer": "area_verde_interna", "path": "C:/Users/ACER/Desktop/mapa_unipe/area_verde_unipe.shp" }, "geometry": { "type": "MultiPolygon", "coordinates": [ [ [ [ -34.854644638290701, -7.16045509109345 ], [ -34.854672854200942, -7.160455293678454 ], [ -34.854684005844327, -7.160443491362162 ], [ -34.85469928159479, -7.16044379754457 ], [ -34.85474692752544, -7.160267571743471 ], [ -34.854722664874764, -7.160231787261965 ], [ -34.854702844698778, -7.160227775951342 ], [ -34.854644638290701, -7.16045509109345 ] ] ] ] } },
{ "type": "Feature", "properties": { "id": null, "tipo": null, "nome": null, "layer": "area_verde_interna", "path": "C:/Users/ACER/Desktop/mapa_unipe/area_verde_unipe.shp" }, "geometry": { "type": "MultiPolygon", "coordinates": [ [ [ [ -34.855974369280098, -7.159797222864117 ], [ -34.855932323784188, -7.159784361852806 ], [ -34.855842938358961, -7.160097347767714 ], [ -34.855650778313873, -7.160048441187063 ], [ -34.855631054613447, -7.160125387280643 ], [ -34.85587277623209, -7.160182625816748 ], [ -34.855974369280098, -7.159797222864117 ] ] ] ] } },
{ "type": "Feature", "properties": { "id": null, "tipo": null, "nome": null, "layer": "area_verde_interna", "path": "C:/Users/ACER/Desktop/mapa_unipe/area_verde_unipe.shp" }, "geometry": { "type": "MultiPolygon", "coordinates": [ [ [ [ -34.855596276260442, -7.160115249865912 ], [ -34.855615631934512, -7.160039496094735 ], [ -34.855418739246609, -7.159989385004513 ], [ -34.855492894240996, -7.159711329767101 ], [ -34.855439715545039, -7.159695150121696 ], [ -34.855339909592587, -7.160049407583541 ], [ -34.855596276260442, -7.160115249865912 ] ] ] ] } },
{ "type": "Feature", "properties": { "id": null, "tipo": null, "nome": null, "layer": "area_verde_interna", "path": "C:/Users/ACER/Desktop/mapa_unipe/area_verde_unipe.shp" }, "geometry": { "type": "MultiPolygon", "coordinates": [ [ [ [ -34.855463491001885, -7.159442135724125 ], [ -34.855477259411153, -7.159606263771546 ], [ -34.855516861855776, -7.15962145957619 ], [ -34.855577300584002, -7.159394835359281 ], [ -34.855505435750935, -7.159380602048968 ], [ -34.855497551060111, -7.159421610971055 ], [ -34.855463491001885, -7.159442135724125 ] ] ] ] } },
{ "type": "Feature", "properties": { "id": null, "tipo": null, "nome": null, "layer": "area_verde_interna", "path": "C:/Users/ACER/Desktop/mapa_unipe/area_verde_unipe.shp" }, "geometry": { "type": "MultiPolygon", "coordinates": [ [ [ [ -34.855983595517522, -7.159762222232747 ], [ -34.856014269001363, -7.159645859360099 ], [ -34.85601058363703, -7.159637475025139 ], [ -34.855976433474233, -7.159629910288333 ], [ -34.855942257759729, -7.159749577707655 ], [ -34.855983595517522, -7.159762222232747 ] ] ] ] } },
{ "type": "Feature", "properties": { "id": null, "tipo": null, "nome": null, "layer": "area_verde_interna", "path": "C:/Users/ACER/Desktop/mapa_unipe/area_verde_unipe.shp" }, "geometry": { "type": "MultiPolygon", "coordinates": [ [ [ [ -34.856620543778035, -7.159577263547025 ], [ -34.856573198037886, -7.159773598971952 ], [ -34.856545020316254, -7.159885237344683 ], [ -34.856023242736867, -7.159753859151148 ], [ -34.855909593671647, -7.160184997921209 ], [ -34.855997086577474, -7.160248570301948 ], [ -34.856922019433419, -7.159649911043759 ], [ -34.856809509075347, -7.159624704924462 ], [ -34.856789436117232, -7.159700682466582 ], [ -34.856700222970083, -7.159684454254754 ], [ -34.85671657871373, -7.159604788479276 ], [ -34.856620543778035, -7.159577263547025 ] ] ] ] } },
{ "type": "Feature", "properties": { "id": null, "tipo": null, "nome": null, "layer": "area_verde_interna", "path": "C:/Users/ACER/Desktop/mapa_unipe/area_verde_unipe.shp" }, "geometry": { "type": "MultiPolygon", "coordinates": [ [ [ [ -34.856270884699398, -7.159275429361678 ], [ -34.856268042830401, -7.159275231892896 ], [ -34.856265194029504, -7.159275219264922 ], [ -34.856262350495719, -7.159275391531837 ], [ -34.856259524405473, -7.159275747955961 ], [ -34.856256727860533, -7.159276287011036 ], [ -34.856253972836129, -7.159277006388768 ], [ -34.856251271129693, -7.159277903008629 ], [ -34.856248634310376, -7.159278973031171 ], [ -34.856246073669404, -7.159280211874419 ], [ -34.856243600171858, -7.159281614233399 ], [ -34.856241224409622, -7.159283174103042 ], [ -34.856238956556084, -7.159284884803726 ], [ -34.856236806322549, -7.15928673900997 ], [ -34.856234782916623, -7.159288728781772 ], [ -34.856232895002854, -7.159290845598628 ], [ -34.856231150665579, -7.159293080395985 ], [ -34.85622955737432, -7.159295423604119 ], [ -34.856228121951794, -7.159297865189046 ], [ -34.856226850544701, -7.159300394695507 ], [ -34.856225748597389, -7.159303001291777 ], [ -34.856224820828579, -7.159305673816013 ], [ -34.856224071211116, -7.159308400824067 ], [ -34.856223502954983, -7.159311170638428 ], [ -34.856223118493524, -7.159313971398371 ], [ -34.856222919473083, -7.159316791110581 ], [ -34.856222906745877, -7.159319617700638 ], [ -34.856223080366419, -7.159322439064637 ], [ -34.856223439591233, -7.159325243121075 ], [ -34.856223982882064, -7.159328017862534 ], [ -34.856224707912453, -7.159330751407159 ], [ -34.85622561157772, -7.159333432049489 ], [ -34.856226690008228, -7.159336048310614 ], [ -34.85622793858596, -7.159338588987286 ], [ -34.85622935196433, -7.159341043199948 ], [ -34.856230924091022, -7.159343400439285 ], [ -34.856232648233956, -7.15934565061124 ], [ -34.856234517010094, -7.159347784080239 ], [ -34.856236522417028, -7.159349791710426 ], [ -34.856238655867315, -7.15935166490482 ], [ -34.856240908225196, -7.15935339564213 ], [ -34.85624326984572, -7.159354976511096 ], [ -34.85624573061606, -7.159356400742139 ], [ -34.85624827999883, -7.159357662236532 ], [ -34.85625090707719, -7.159358755592356 ], [ -34.856253600601562, -7.159359676127665 ], [ -34.856256349037878, -7.159360419900628 ], [ -34.856259140616906, -7.159360983726272 ], [ -34.856261963384689, -7.159361365190212 ], [ -34.85626480525368, -7.159361562658963 ], [ -34.856267654054584, -7.15936157528694 ], [ -34.856270497588369, -7.159361403020058 ], [ -34.856273323678607, -7.159361046595991 ], [ -34.856276120223548, -7.15936050754101 ], [ -34.856278875247959, -7.159359788163433 ], [ -34.856281576954387, -7.159358891543725 ], [ -34.856284213773712, -7.159357821521355 ], [ -34.856286774414677, -7.159356582678337 ], [ -34.85628924791223, -7.159355180319581 ], [ -34.856291623674466, -7.15935362045018 ], [ -34.856293891527997, -7.159351909749759 ], [ -34.856296041761539, -7.159350055543773 ], [ -34.856298065167458, -7.159348065772245 ], [ -34.856299953081226, -7.159345948955664 ], [ -34.856301697418502, -7.159343714158555 ], [ -34.856303290709768, -7.159341370950664 ], [ -34.856304726132294, -7.159338929365977 ], [ -34.856305997539387, -7.159336399859723 ], [ -34.856307099486699, -7.159333793263645 ], [ -34.856308027255508, -7.159331120739573 ], [ -34.856308776872964, -7.159328393731669 ], [ -34.856309345129105, -7.159325623917397 ], [ -34.856309729590564, -7.159322823157529 ], [ -34.856309928611005, -7.15932000344535 ], [ -34.856309941338203, -7.159317176855308 ], [ -34.856309767717669, -7.159314355491274 ], [ -34.856309408492855, -7.159311551434764 ], [ -34.856308865202017, -7.15930877669321 ], [ -34.856308140171635, -7.159306043148447 ], [ -34.85630723650636, -7.159303362505963 ], [ -34.85630615807586, -7.15930074624465 ], [ -34.856304909498128, -7.159298205567765 ], [ -34.856303496119757, -7.159295751354862 ], [ -34.856301923993065, -7.159293394115281 ], [ -34.856300199850125, -7.159291143943079 ], [ -34.856298331073994, -7.159289010473808 ], [ -34.856296325667053, -7.159287002843365 ], [ -34.856294192216765, -7.159285129648693 ], [ -34.856291939858885, -7.15928339891112 ], [ -34.856289578238368, -7.15928181804193 ], [ -34.856287117468028, -7.159280393810628 ], [ -34.85628456808525, -7.15927913231603 ], [ -34.856281941006898, -7.159278038960028 ], [ -34.856279247482526, -7.159277118424539 ], [ -34.85627649904621, -7.159276374651443 ], [ -34.856273707467182, -7.159275810825694 ], [ -34.856270884699398, -7.159275429361678 ] ] ] ] } },
{ "type": "Feature", "properties": { "id": null, "tipo": null, "nome": null, "layer": "area_verde_interna", "path": "C:/Users/ACER/Desktop/mapa_unipe/area_verde_unipe.shp" }, "geometry": { "type": "MultiPolygon", "coordinates": [ [ [ [ -34.856064951018048, -7.159231908206288 ], [ -34.856063769908666, -7.159231886200223 ], [ -34.856062589877553, -7.159231940887264 ], [ -34.856061415977784, -7.159232072033254 ], [ -34.856060253236187, -7.159232279076568 ], [ -34.85605910663179, -7.159232561130639 ], [ -34.856057981074528, -7.159232916987666 ], [ -34.85605688138422, -7.159233345123817 ], [ -34.856055812269894, -7.159233843705728 ], [ -34.856054778309677, -7.159234410598432 ], [ -34.856053783931124, -7.159235043374366 ], [ -34.856052833392347, -7.159235739323904 ], [ -34.856051930763677, -7.159236495466883 ], [ -34.856051079910316, -7.159237308565401 ], [ -34.856050284475742, -7.159238175137617 ], [ -34.856049547866135, -7.159239091472739 ], [ -34.856048873235778, -7.159240053646896 ], [ -34.856048263473518, -7.159241057539884 ], [ -34.856047721190471, -7.159242098852904 ], [ -34.856047248708769, -7.159243173126883 ], [ -34.856046848051655, -7.159244275761621 ], [ -34.856046520934797, -7.159245402035447 ], [ -34.856046268758973, -7.15924654712552 ], [ -34.856046092604018, -7.159247706128341 ], [ -34.856045993224278, -7.159248874080919 ], [ -34.85604597104529, -7.15925004598189 ], [ -34.856046026162041, -7.159251216813002 ], [ -34.856046158338515, -7.159252381560557 ], [ -34.856046367008702, -7.159253535236945 ], [ -34.856046651279051, -7.159254672901934 ], [ -34.856047009932276, -7.159255789683876 ], [ -34.856047441432565, -7.159256880800538 ], [ -34.856047943932154, -7.159257941579585 ], [ -34.856048515279284, -7.159258967478613 ], [ -34.856049153027342, -7.159259954104551 ], [ -34.856049854445409, -7.159260897232524 ], [ -34.856050616529892, -7.159261792823907 ], [ -34.856051436017438, -7.159262637043635 ], [ -34.856052309398869, -7.15926342627666 ], [ -34.856053232934237, -7.159264157143324 ], [ -34.856054202668808, -7.159264826513973 ], [ -34.856055214450052, -7.159265431522251 ], [ -34.856056263945341, -7.159265969577418 ], [ -34.856057346660599, -7.159266438375453 ], [ -34.856058457959463, -7.159266835908857 ], [ -34.856059593083174, -7.159267160475371 ], [ -34.856060747170957, -7.15926741068512 ], [ -34.856061915280854, -7.159267585466681 ], [ -34.856063092410814, -7.159267684071619 ], [ -34.856064273520197, -7.159267706077696 ], [ -34.856065453551302, -7.159267651390643 ], [ -34.856066627451071, -7.15926752024469 ], [ -34.856067790192675, -7.159267313201386 ], [ -34.856068936797072, -7.159267031147325 ], [ -34.856070062354334, -7.159266675290336 ], [ -34.856071162044643, -7.159266247154222 ], [ -34.856072231158961, -7.159265748572327 ], [ -34.856073265119178, -7.159265181679674 ], [ -34.856074259497731, -7.159264548903788 ], [ -34.856075210036515, -7.159263852954285 ], [ -34.856076112665185, -7.159263096811341 ], [ -34.856076963518547, -7.159262283712881 ], [ -34.856077758953113, -7.159261417140721 ], [ -34.85607849556272, -7.159260500805626 ], [ -34.856079170193084, -7.159259538631519 ], [ -34.856079779955337, -7.159258534738569 ], [ -34.856080322238391, -7.159257493425591 ], [ -34.856080794720086, -7.159256419151647 ], [ -34.856081195377207, -7.15925531651693 ], [ -34.856081522494065, -7.159254190243133 ], [ -34.856081774669889, -7.159253045153079 ], [ -34.856081950824837, -7.159251886150266 ], [ -34.856082050204584, -7.159250718197689 ], [ -34.856082072383572, -7.159249546296724 ], [ -34.856082017266814, -7.159248375465621 ], [ -34.85608188509034, -7.159247210718049 ], [ -34.856081676420153, -7.159246057041648 ], [ -34.856081392149804, -7.159244919376634 ], [ -34.856081033496586, -7.159243802594668 ], [ -34.856080601996297, -7.159242711477971 ], [ -34.856080099496701, -7.15924165069889 ], [ -34.856079528149579, -7.159240624799828 ], [ -34.856078890401513, -7.159239638173842 ], [ -34.856078188983446, -7.159238695045835 ], [ -34.856077426898963, -7.159237799454398 ], [ -34.856076607411417, -7.159236955234618 ], [ -34.856075734029986, -7.15923616600155 ], [ -34.856074810494626, -7.159235435134842 ], [ -34.856073840760054, -7.159234765764143 ], [ -34.85607282897881, -7.159234160755826 ], [ -34.856071779483514, -7.159233622700633 ], [ -34.856070696768256, -7.159233153902564 ], [ -34.856069585469399, -7.15923275636912 ], [ -34.856068450345688, -7.159232431802595 ], [ -34.856067296257905, -7.159232181592825 ], [ -34.856066128148008, -7.159232006811241 ], [ -34.856064951018048, -7.159231908206288 ] ] ] ] } },
{ "type": "Feature", "properties": { "id": null, "tipo": null, "nome": null, "layer": "area_verde_interna", "path": "C:/Users/ACER/Desktop/mapa_unipe/area_verde_unipe.shp" }, "geometry": { "type": "MultiPolygon", "coordinates": [ [ [ [ -34.853008536667254, -7.160794679403876 ], [ -34.853006763407684, -7.160794965906126 ], [ -34.853005012830259, -7.160795366867088 ], [ -34.85300329243119, -7.160795880569777 ], [ -34.853001609577518, -7.160796504814468 ], [ -34.852999971475469, -7.160797236928021 ], [ -34.852998385139642, -7.16079807377541 ], [ -34.852996857362989, -7.160799011773118 ], [ -34.85299539468766, -7.160800046904529 ], [ -34.852994003377077, -7.160801174737028 ], [ -34.85299268938904, -7.160802390441069 ], [ -34.852991458350239, -7.160803688810792 ], [ -34.852990315532175, -7.160805064286407 ], [ -34.852989265828569, -7.160806510977918 ], [ -34.852988313734421, -7.160808022690366 ], [ -34.852987463326727, -7.160809592950333 ], [ -34.852986718247095, -7.160811215033778 ], [ -34.852986081686026, -7.160812881994664 ], [ -34.852985556369418, -7.160814586694787 ], [ -34.852985144546714, -7.160816321834387 ], [ -34.852984847981439, -7.160818079983332 ], [ -34.852984667943502, -7.160819853612916 ], [ -34.852984605203879, -7.160821635128242 ], [ -34.852984660031211, -7.160823416900564 ], [ -34.852984832190721, -7.160825191300034 ], [ -34.852985120945199, -7.160826950728442 ], [ -34.852985525058159, -7.160828687651627 ], [ -34.852986042799124, -7.160830394631815 ], [ -34.852986671951037, -7.160832064359468 ], [ -34.852987409819782, -7.160833689684531 ], [ -34.852988253245698, -7.160835263647122 ], [ -34.852989198617088, -7.160836779507314 ], [ -34.852990241885742, -7.160838230773957 ], [ -34.852991378584228, -7.160839611232504 ], [ -34.852992603845003, -7.160840914971596 ], [ -34.852993912421333, -7.160842136408437 ], [ -34.852995298709693, -7.160843270312658 ], [ -34.852996756773777, -7.16084431182869 ], [ -34.852998280369931, -7.160845256496616 ], [ -34.852999862973896, -7.160846100271236 ], [ -34.853001497808691, -7.160846839539339 ], [ -34.853003177873738, -7.160847471135303 ], [ -34.853004895974706, -7.160847992354535 ], [ -34.853006644754444, -7.160848400965047 ], [ -34.853008416724407, -7.160848695217179 ], [ -34.853010204296744, -7.160848873850853 ], [ -34.853011999816793, -7.160848936101144 ], [ -34.853013795595864, -7.160848881701485 ], [ -34.853015583944163, -7.16084871088482 ], [ -34.853017357203697, -7.16084842438262 ], [ -34.853019107781101, -7.160848023421718 ], [ -34.853020828180142, -7.160847509719107 ], [ -34.853022511033792, -7.160846885474527 ], [ -34.853024149135834, -7.160846153361096 ], [ -34.85302573547164, -7.160845316513826 ], [ -34.853027263248286, -7.160844378516233 ], [ -34.853028725923608, -7.160843343384959 ], [ -34.853030117234191, -7.160842215552599 ], [ -34.853031431222249, -7.160840999848717 ], [ -34.853032662261057, -7.160839701479128 ], [ -34.853033805079136, -7.160838326003621 ], [ -34.853034854782763, -7.160836879312248 ], [ -34.853035806876932, -7.160835367599946 ], [ -34.853036657284648, -7.160833797340055 ], [ -34.853037402364315, -7.160832175256733 ], [ -34.853038038925405, -7.160830508295937 ], [ -34.853038564242055, -7.160828803595884 ], [ -34.853038976064788, -7.160827068456334 ], [ -34.853039272630099, -7.160825310307425 ], [ -34.853039452668064, -7.160823536677855 ], [ -34.85303951540773, -7.160821755162541 ], [ -34.85303946058044, -7.160819973390211 ], [ -34.853039288420959, -7.160818198990682 ], [ -34.853038999666509, -7.160816439562237 ], [ -34.853038595553571, -7.160814702638996 ], [ -34.853038077812634, -7.16081299565871 ], [ -34.853037448660736, -7.160811325930964 ], [ -34.853036710792011, -7.160809700605797 ], [ -34.853035867366117, -7.160808126643055 ], [ -34.85303492199472, -7.160806610782747 ], [ -34.853033878726066, -7.16080515951595 ], [ -34.853032742027587, -7.16080377905728 ], [ -34.853031516766798, -7.160802475318061 ], [ -34.853030208190454, -7.160801253881069 ], [ -34.853028821902086, -7.160800119976725 ], [ -34.853027363837981, -7.160799078460538 ], [ -34.853025840241799, -7.160798133792481 ], [ -34.85302425763782, -7.160797290017786 ], [ -34.853022622802989, -7.160796550749558 ], [ -34.853020942737921, -7.160795919153522 ], [ -34.853019224636917, -7.160795397934223 ], [ -34.853017475857143, -7.160794989323623 ], [ -34.853015703887145, -7.160794695071476 ], [ -34.853013916314779, -7.160794516437771 ], [ -34.853012120794688, -7.1607944541875 ], [ -34.853010325015589, -7.160794508587166 ], [ -34.853008536667254, -7.160794679403876 ] ] ] ] } },
{ "type": "Feature", "properties": { "id": null, "tipo": null, "nome": null, "layer": "area_verde_interna", "path": "C:/Users/ACER/Desktop/mapa_unipe/area_verde_unipe.shp" }, "geometry": { "type": "MultiPolygon", "coordinates": [ [ [ [ -34.854670543393823, -7.159606268191807 ], [ -34.854681238560275, -7.159566099727254 ], [ -34.854537673559854, -7.159527811875717 ], [ -34.85452606653201, -7.159568660322138 ], [ -34.854670543393823, -7.159606268191807 ] ] ] ] } },
{ "type": "Feature", "properties": { "id": null, "tipo": null, "nome": null, "layer": "area_verde_interna", "path": "C:/Users/ACER/Desktop/mapa_unipe/area_verde_unipe.shp" }, "geometry": { "type": "MultiPolygon", "coordinates": [ [ [ [ -34.854491351037538, -7.159559564659627 ], [ -34.854502968561697, -7.159518556257867 ], [ -34.854394528721144, -7.1594896360815 ], [ -34.854383593520424, -7.159531454508017 ], [ -34.854491351037538, -7.159559564659627 ] ] ] ] } },
{ "type": "Feature", "properties": { "id": null, "tipo": null, "nome": null, "layer": "area_verde_interna", "path": "C:/Users/ACER/Desktop/mapa_unipe/area_verde_unipe.shp" }, "geometry": { "type": "MultiPolygon", "coordinates": [ [ [ [ -34.854348838314365, -7.159522420949469 ], [ -34.854359797877215, -7.159480373879754 ], [ -34.854137268033497, -7.159421026327123 ], [ -34.854073895851506, -7.159450761710837 ], [ -34.854348838314365, -7.159522420949469 ] ] ] ] } },
{ "type": "Feature", "properties": { "id": null, "tipo": null, "nome": null, "layer": "area_verde_interna", "path": "C:/Users/ACER/Desktop/mapa_unipe/area_verde_unipe.shp" }, "geometry": { "type": "MultiPolygon", "coordinates": [ [ [ [ -34.853996461299459, -7.159430579626058 ], [ -34.854019862029901, -7.159436670827633 ], [ -34.854083679829685, -7.159406739493818 ], [ -34.854007864257817, -7.159386515176793 ], [ -34.853996461299459, -7.159430579626058 ] ] ] ] } },
{ "type": "Feature", "properties": { "id": 2, "tipo": null, "nome": null, "layer": "area_verde_interna", "path": "C:/Users/ACER/Desktop/mapa_unipe/area_verde_unipe.shp" }, "geometry": { "type": "MultiPolygon", "coordinates": [ [ [ [ -34.85346715358228, -7.159636506537264 ], [ -34.853514869911074, -7.159619274630951 ], [ -34.85353327925101, -7.159604797337309 ], [ -34.85355222902944, -7.15956391880437 ], [ -34.853554976175801, -7.15917349340367 ], [ -34.852942376401408, -7.159176675990699 ], [ -34.852894740817923, -7.159183150381326 ], [ -34.852924012933855, -7.159237774014653 ], [ -34.853016225838537, -7.159378125471169 ], [ -34.853020345449437, -7.159386772626372 ], [ -34.853024387224323, -7.159454273015776 ], [ -34.853023604439706, -7.159462975559694 ], [ -34.853020754305483, -7.159471235214921 ], [ -34.853005866508937, -7.159501656366503 ], [ -34.85346715358228, -7.159636506537264 ] ] ] ] } },
{ "type": "Feature", "properties": { "id": 1, "tipo": null, "nome": null, "layer": "cor_fundo_mapa", "path": "C:/Users/ACER/Desktop/mapa_unipe/cor_fundo_mapa.shp" }, "geometry": { "type": "MultiPolygon", "coordinates": [ [ [ [ -34.88557868692854, -7.187055258453827 ], [ -34.883699399897985, -7.128402381426513 ], [ -34.824044612088905, -7.128249029875446 ], [ -34.822350534835486, -7.186308455839922 ], [ -34.88557868692854, -7.187055258453827 ] ] ] ] } },
{ "type": "Feature", "properties": { "id": 1, "tipo": "esporte", "nome": "Campo", "layer": "esportes", "path": "C:/Users/ACER/Desktop/mapa_unipe/espaco_esporte_unipe.shp" }, "geometry": { "type": "MultiPolygon", "coordinates": [ [ [ [ -34.8578957, -7.1589976 ], [ -34.8578107, -7.1583272 ], [ -34.8573605, -7.1583834 ], [ -34.8574455, -7.1590538 ], [ -34.8578957, -7.1589976 ] ] ] ] } },
{ "type": "Feature", "properties": { "id": 2, "tipo": "esporte", "nome": "Campo", "layer": "esportes", "path": "C:/Users/ACER/Desktop/mapa_unipe/espaco_esporte_unipe.shp" }, "geometry": { "type": "MultiPolygon", "coordinates": [ [ [ [ -34.8577553, -7.1582642 ], [ -34.8577145, -7.1578211 ], [ -34.8573362, -7.1578554 ], [ -34.857377, -7.1582985 ], [ -34.8577553, -7.1582642 ] ] ] ] } },
{ "type": "Feature", "properties": { "id": 3, "tipo": "esporte", "nome": "Campo", "layer": "esportes", "path": "C:/Users/ACER/Desktop/mapa_unipe/espaco_esporte_unipe.shp" }, "geometry": { "type": "MultiPolygon", "coordinates": [ [ [ [ -34.8573452, -7.1578134 ], [ -34.8576026, -7.1576804 ], [ -34.8574149, -7.1573184 ], [ -34.8571628, -7.1574408 ], [ -34.8573452, -7.1578134 ] ] ] ] } },
{ "type": "Feature", "properties": { "id": 4, "tipo": "esporte", "nome": "Ginásio", "layer": "esportes", "path": "C:/Users/ACER/Desktop/mapa_unipe/espaco_esporte_unipe.shp" }, "geometry": { "type": "MultiPolygon", "coordinates": [ [ [ [ -34.855989758478167, -7.159517330717327 ], [ -34.855590196988409, -7.159416730466411 ], [ -34.855440944260927, -7.159976376161188 ], [ -34.855830355589696, -7.160075485101683 ], [ -34.855989758478167, -7.159517330717327 ] ] ] ] } },
{ "type": "Feature", "properties": { "id": 5, "tipo": "esporte", "nome": "Piscina", "layer": "esportes", "path": "C:/Users/ACER/Desktop/mapa_unipe/espaco_esporte_unipe.shp" }, "geometry": { "type": "MultiPolygon", "coordinates": [ [ [ [ -34.856243520132153, -7.15850016917389 ], [ -34.856228742752961, -7.158181173972812 ], [ -34.856008738127443, -7.15819482351358 ], [ -34.856028490106745, -7.158515216717678 ], [ -34.856243520132153, -7.15850016917389 ] ] ] ] } },
{ "type": "Feature", "properties": { "id": 6, "tipo": "esporte", "nome": "Campo", "layer": "esportes", "path": "C:/Users/ACER/Desktop/mapa_unipe/espaco_esporte_unipe.shp" }, "geometry": { "type": "MultiPolygon", "coordinates": [ [ [ [ -34.8562294, -7.159176 ], [ -34.8561999, -7.1587635 ], [ -34.855970526210008, -7.158778868430485 ], [ -34.855996053559878, -7.159196138897932 ], [ -34.8562294, -7.159176 ] ] ] ] } },
{ "type": "Feature", "properties": { "id": 7, "tipo": "esporte", "nome": null, "layer": "esportes", "path": "C:/Users/ACER/Desktop/mapa_unipe/espaco_esporte_unipe.shp" }, "geometry": { "type": "MultiPolygon", "coordinates": [ [ [ [ -34.8564959, -7.1580749 ], [ -34.8571484, -7.1580269 ], [ -34.857147450599882, -7.158021280887731 ], [ -34.857146403580323, -7.158015679101842 ], [ -34.8571452592575, -7.158010096334054 ], [ -34.857144017976999, -7.158004534270288 ], [ -34.857142680113675, -7.157998994590235 ], [ -34.857141246071549, -7.157993478966817 ], [ -34.857139716283704, -7.157987989065693 ], [ -34.857138091212107, -7.157982526544783 ], [ -34.857136371347522, -7.157977093053685 ], [ -34.857134557209342, -7.157971690233262 ], [ -34.857132649345409, -7.157966319715132 ], [ -34.857130648331889, -7.157960983121116 ], [ -34.85712855477307, -7.157955682062837 ], [ -34.857126369301184, -7.157950418141123 ], [ -34.857124092576228, -7.157945192945645 ], [ -34.857121725285758, -7.157940008054377 ], [ -34.857119268144658, -7.157934865033074 ], [ -34.857116721894982, -7.157929765434884 ], [ -34.857114087305661, -7.157924710799833 ], [ -34.857111365172322, -7.157919702654395 ], [ -34.857108556317016, -7.157914742510944 ], [ -34.857105661588001, -7.157909831867402 ], [ -34.857102681859452, -7.15790497220675 ], [ -34.857099618031228, -7.157900164996541 ], [ -34.857096471028555, -7.157895411688491 ], [ -34.85709324180182, -7.157890713718085 ], [ -34.857089931326207, -7.157886072504037 ], [ -34.857086540601458, -7.157881489447954 ], [ -34.85708307065152, -7.157876965933875 ], [ -34.857079522524295, -7.157872503327845 ], [ -34.857075897291288, -7.157868102977525 ], [ -34.85707219604727, -7.157863766211788 ], [ -34.85706841991, -7.157859494340302 ], [ -34.857064570019816, -7.15785528865309 ], [ -34.857060647539356, -7.157851150420267 ], [ -34.857056653653167, -7.157847080891506 ], [ -34.857052589567367, -7.157843081295793 ], [ -34.857048456509254, -7.157839152840936 ], [ -34.85704425572699, -7.157835296713326 ], [ -34.857039988489163, -7.157831514077423 ], [ -34.857035656084427, -7.157827806075589 ], [ -34.857031259821134, -7.157824173827578 ], [ -34.857026801026905, -7.157820618430292 ], [ -34.857022281048252, -7.157817140957443 ], [ -34.857017701250165, -7.157813742459181 ], [ -34.8570130630157, -7.157810423961804 ], [ -34.857008367745543, -7.157807186467485 ], [ -34.857003616857625, -7.157804030953915 ], [ -34.856998811786674, -7.157800958374014 ], [ -34.856993953983768, -7.157797969655682 ], [ -34.856989044915899, -7.15779506570146 ], [ -34.856984086065573, -7.157792247388349 ], [ -34.856979078930301, -7.157789515567412 ], [ -34.85697402502219, -7.157786871063656 ], [ -34.85696892586747, -7.15778431467568 ], [ -34.85696378300603, -7.1577818471755 ], [ -34.85695859799096, -7.15777946930828 ], [ -34.856953372388084, -7.157777181792083 ], [ -34.856948107775473, -7.157774985317745 ], [ -34.856942805742996, -7.157772880548571 ], [ -34.856937467891811, -7.157770868120185 ], [ -34.856932095833884, -7.157768948640312 ], [ -34.856926691191525, -7.157767122688614 ], [ -34.856921255596873, -7.1577653908165 ], [ -34.856915790691438, -7.15776375354701 ], [ -34.856910298125555, -7.157762211374569 ], [ -34.856904779557915, -7.157760764764878 ], [ -34.856899236655075, -7.157759414154839 ], [ -34.856893671090937, -7.157758159952278 ], [ -34.856888084546235, -7.157757002535973 ], [ -34.856882478708052, -7.157755942255463 ], [ -34.856876855269299, -7.157754979430926 ], [ -34.856871215928173, -7.157754114353141 ], [ -34.856865562387725, -7.157753347283337 ], [ -34.856859896355246, -7.157752678453178 ], [ -34.85685421954183, -7.157752108064631 ], [ -34.856848533661804, -7.157751636289952 ], [ -34.85684284043225, -7.157751263271619 ], [ -34.85683714157247, -7.15775098912227 ], [ -34.856831438803454, -7.157750813924705 ], [ -34.856825733847373, -7.157750737731845 ], [ -34.856820028427073, -7.157750760566664 ], [ -34.856814324265535, -7.157750882422294 ], [ -34.85680862308535, -7.157751103261933 ], [ -34.856802926608211, -7.157751423018898 ], [ -34.856797236554399, -7.157751841596609 ], [ -34.856791554642257, -7.157752358868684 ], [ -34.856785882587658, -7.157752974678887 ], [ -34.856780222103502, -7.157753688841263 ], [ -34.856774574899198, -7.157754501140141 ], [ -34.856768942680141, -7.157755411330228 ], [ -34.856763327147213, -7.15775641913663 ], [ -34.856757729996239, -7.157757524255032 ], [ -34.856752152917494, -7.157758726351685 ], [ -34.856746597595212, -7.157760025063567 ], [ -34.856741065707034, -7.157761419998479 ], [ -34.856735558923539, -7.157762910735183 ], [ -34.856730078907724, -7.157764496823491 ], [ -34.856724627314485, -7.157766177784393 ], [ -34.856719205790149, -7.157767953110276 ], [ -34.856713815971972, -7.157769822265031 ], [ -34.856708459487606, -7.157771784684162 ], [ -34.856703137954675, -7.157773839775036 ], [ -34.856697852980218, -7.15777598691708 ], [ -34.856692606160244, -7.157778225461837 ], [ -34.856687399079242, -7.1577805547333 ], [ -34.856682233309691, -7.157782974028073 ], [ -34.85667711041161, -7.157785482615531 ], [ -34.856672031932057, -7.157788079738119 ], [ -34.856666999404688, -7.157790764611531 ], [ -34.856662014349261, -7.157793536424974 ], [ -34.856657078271233, -7.157796394341369 ], [ -34.856652192661237, -7.157799337497686 ], [ -34.856647358994685, -7.157802365005084 ], [ -34.856642578731289, -7.157805475949307 ], [ -34.856637853314645, -7.157808669390886 ], [ -34.856633184171791, -7.157811944365411 ], [ -34.856628572712751, -7.15781529988392 ], [ -34.856624020330145, -7.157818734933046 ], [ -34.856619528398745, -7.157822248475436 ], [ -34.856615098275071, -7.157825839450049 ], [ -34.856610731296982, -7.157829506772454 ], [ -34.856606428783259, -7.157833249335158 ], [ -34.856602192033215, -7.157837066007935 ], [ -34.856598022326317, -7.157840955638181 ], [ -34.856593920921775, -7.15784491705127 ], [ -34.856589889058164, -7.157848949050931 ], [ -34.856585927953084, -7.15785305041949 ], [ -34.856582038802742, -7.157857219918422 ], [ -34.856578222781614, -7.157861456288531 ], [ -34.856574481042124, -7.157865758250531 ], [ -34.856570814714225, -7.157870124505223 ], [ -34.856567224905135, -7.157874553734077 ], [ -34.856563712698915, -7.1578790445995 ], [ -34.856560279156234, -7.157883595745294 ], [ -34.856556925313996, -7.157888205797065 ], [ -34.856553652185021, -7.157892873362607 ], [ -34.856550460757759, -7.157897597032376 ], [ -34.856547351996014, -7.157902375379884 ], [ -34.856544326838581, -7.157907206962093 ], [ -34.856541386199034, -7.157912090319909 ], [ -34.856538530965437, -7.157917023978638 ], [ -34.856535762000028, -7.157922006448354 ], [ -34.856533080139016, -7.157927036224379 ], [ -34.856530486192305, -7.157932111787798 ], [ -34.856527980943234, -7.157937231605813 ], [ -34.856525565148374, -7.157942394132314 ], [ -34.856523239537275, -7.157947597808278 ], [ -34.856521004812244, -7.157952841062214 ], [ -34.856518861648155, -7.157958122310735 ], [ -34.856516810692227, -7.157963439958943 ], [ -34.856514852563834, -7.157968792400954 ], [ -34.856512987854309, -7.157974178020412 ], [ -34.856511217126787, -7.15797959519089 ], [ -34.856509540916008, -7.157985042276472 ], [ -34.856507959728177, -7.157990517632168 ], [ -34.856506474040792, -7.157996019604489 ], [ -34.85650508430254, -7.158001546531891 ], [ -34.85650379093309, -7.158007096745303 ], [ -34.856502594323047, -7.158012668568614 ], [ -34.856501494833772, -7.158018260319158 ], [ -34.856500492797302, -7.158023870308329 ], [ -34.856499588516257, -7.15802949684193 ], [ -34.856498782263714, -7.158035138220812 ], [ -34.856498074283152, -7.158040792741334 ], [ -34.85649746478839, -7.158046458695895 ], [ -34.856496953963493, -7.158052134373418 ], [ -34.856496541962727, -7.158057818059899 ], [ -34.856496228910508, -7.158063508038931 ], [ -34.856496014901388, -7.158069202592194 ], [ -34.8564959, -7.1580749 ] ] ] ] } },
{ "type": "Feature", "properties": { "id": 8, "tipo": "esporte", "nome": null, "layer": "esportes", "path": "C:/Users/ACER/Desktop/mapa_unipe/espaco_esporte_unipe.shp" }, "geometry": { "type": "MultiPolygon", "coordinates": [ [ [ [ -34.8571925, -7.1588653 ], [ -34.8565605, -7.158939 ], [ -34.856562171418553, -7.158944372653915 ], [ -34.856563936342781, -7.158949715393958 ], [ -34.85656579423646, -7.158955026596869 ], [ -34.856567744535099, -7.158960304648909 ], [ -34.856569786646141, -7.158965547946438 ], [ -34.856571919949133, -7.158970754896403 ], [ -34.856574143795903, -7.158975923916748 ], [ -34.856576457510791, -7.158981053436969 ], [ -34.856578860390819, -7.158986141898569 ], [ -34.856581351705906, -7.158991187755491 ], [ -34.856583930699138, -7.158996189474638 ], [ -34.856586596586915, -7.159001145536359 ], [ -34.856589348559261, -7.159006054434824 ], [ -34.856592185780059, -7.159010914678577 ], [ -34.856595107387257, -7.159015724790896 ], [ -34.856598112493195, -7.159020483310327 ], [ -34.856601200184812, -7.159025188791088 ], [ -34.856604369523986, -7.159029839803504 ], [ -34.856607619547766, -7.159034434934432 ], [ -34.856610949268692, -7.159038972787767 ], [ -34.856614357675099, -7.15904345198472 ], [ -34.856617843731399, -7.159047871164396 ], [ -34.85662140637843, -7.159052228984097 ], [ -34.856625044533743, -7.1590565241198 ], [ -34.856628757091954, -7.159060755266494 ], [ -34.856632542925063, -7.159064921138599 ], [ -34.856636400882827, -7.159069020470431 ], [ -34.856640329793066, -7.159073052016463 ], [ -34.856644328462068, -7.159077014551788 ], [ -34.856648395674895, -7.159080906872466 ], [ -34.856652530195817, -7.159084727795876 ], [ -34.856656730768634, -7.159088476161122 ], [ -34.856660996117071, -7.15909215082931 ], [ -34.856665324945183, -7.159095750683965 ], [ -34.856669715937734, -7.159099274631336 ], [ -34.856674167760616, -7.159102721600751 ], [ -34.856678679061204, -7.159106090544885 ], [ -34.85668324846884, -7.159109380440174 ], [ -34.856687874595181, -7.159112590287045 ], [ -34.856692556034673, -7.159115719110217 ], [ -34.856697291364938, -7.159118765959075 ], [ -34.85670207914724, -7.159121729907888 ], [ -34.856706917926893, -7.159124610056123 ], [ -34.856711806233733, -7.159127405528673 ], [ -34.856716742582528, -7.159130115476209 ], [ -34.856721725473463, -7.159132739075362 ], [ -34.856726753392572, -7.159135275528993 ], [ -34.856731824812215, -7.159137724066434 ], [ -34.856736938191546, -7.159140083943788 ], [ -34.856742091976948, -7.159142354443995 ], [ -34.856747284602527, -7.159144534877235 ], [ -34.856752514490623, -7.159146624581028 ], [ -34.856757780052206, -7.159148622920441 ], [ -34.856763079687447, -7.159150529288322 ], [ -34.856768411786142, -7.159152343105464 ], [ -34.856773774728232, -7.159154063820765 ], [ -34.856779166884273, -7.159155690911407 ], [ -34.85678458661598, -7.159157223883061 ], [ -34.856790032276649, -7.159158662269923 ], [ -34.856795502211718, -7.159160005635001 ], [ -34.856800994759254, -7.159161253570099 ], [ -34.856806508250429, -7.159162405696097 ], [ -34.856812041010087, -7.159163461662918 ], [ -34.856817591357192, -7.159164421149746 ], [ -34.856823157605376, -7.159165283865049 ], [ -34.856828738063427, -7.159166049546696 ], [ -34.856834331035834, -7.159166717962065 ], [ -34.856839934823263, -7.159167288908065 ], [ -34.856845547723118, -7.159167762211222 ], [ -34.856851168030019, -7.15916813772774 ], [ -34.856856794036325, -7.159168415343515 ], [ -34.856862424032691, -7.159168594974219 ], [ -34.856868056308542, -7.15916867656525 ], [ -34.856873689152607, -7.159168660091845 ], [ -34.856879320853459, -7.159168545558984 ], [ -34.856884949700003, -7.159168333001497 ], [ -34.856890573982014, -7.159168022483935 ], [ -34.856896191990657, -7.15916761410068 ], [ -34.856901802019003, -7.159167107975764 ], [ -34.856907402362559, -7.159166504263006 ], [ -34.856912991319739, -7.159165803145828 ], [ -34.856918567192459, -7.159165004837233 ], [ -34.856924128286593, -7.159164109579792 ], [ -34.856929672912493, -7.159163117645501 ], [ -34.856935199385532, -7.159162029335754 ], [ -34.856940706026592, -7.159160844981208 ], [ -34.856946191162578, -7.159159564941715 ], [ -34.856951653126934, -7.159158189606184 ], [ -34.856957090260146, -7.159156719392479 ], [ -34.856962500910235, -7.159155154747317 ], [ -34.856967883433285, -7.159153496146076 ], [ -34.856973236193902, -7.159151744092696 ], [ -34.856978557565753, -7.15914989911951 ], [ -34.856983845932042, -7.159147961787067 ], [ -34.85698909968599, -7.159145932684003 ], [ -34.856994317231347, -7.159143812426832 ], [ -34.856999496982858, -7.159141601659744 ], [ -34.857004637366742, -7.159139301054433 ], [ -34.85700973682119, -7.159136911309913 ], [ -34.857014793796836, -7.159134433152257 ], [ -34.857019806757215, -7.159131867334421 ], [ -34.857024774179223, -7.159129214635959 ], [ -34.857029694553596, -7.159126475862862 ], [ -34.857034566385387, -7.159123651847251 ], [ -34.857039388194359, -7.159120743447158 ], [ -34.857044158515521, -7.159117751546233 ], [ -34.85704887589948, -7.159114677053522 ], [ -34.85705353891295, -7.159111520903163 ], [ -34.857058146139174, -7.159108284054084 ], [ -34.857062696178318, -7.159104967489724 ], [ -34.857067187647949, -7.159101572217804 ], [ -34.857071619183415, -7.159098099269868 ], [ -34.857075989438272, -7.159094549701132 ], [ -34.857080297084707, -7.159090924590078 ], [ -34.857084540813929, -7.159087225038118 ], [ -34.857088719336545, -7.159083452169281 ], [ -34.857092831383, -7.159079607129887 ], [ -34.857096875703924, -7.159075691088199 ], [ -34.857100851070541, -7.159071705234036 ], [ -34.857104756274992, -7.159067650778388 ], [ -34.857108590130764, -7.159063528953173 ], [ -34.857112351473006, -7.159059341010704 ], [ -34.857116039158925, -7.159055088223411 ], [ -34.857119652068072, -7.159050771883437 ], [ -34.857123189102737, -7.159046393302221 ], [ -34.85712664918826, -7.159041953810102 ], [ -34.857130031273371, -7.15903745475595 ], [ -34.857133334330477, -7.159032897506711 ], [ -34.857136557356014, -7.159028283447022 ], [ -34.857139699370727, -7.159023613978778 ], [ -34.857142759419979, -7.159018890520704 ], [ -34.857145736574026, -7.159014114507959 ], [ -34.857148629928325, -7.159009287391634 ], [ -34.8571514386038, -7.159004410638347 ], [ -34.857154161747061, -7.158999485729815 ], [ -34.85715679853076, -7.158994514162374 ], [ -34.857159348153743, -7.158989497446565 ], [ -34.857161809841379, -7.158984437106597 ], [ -34.857164182845729, -7.158979334679965 ], [ -34.857166466445783, -7.158974191716966 ], [ -34.857168659947739, -7.158969009780165 ], [ -34.857170762685136, -7.158963790444012 ], [ -34.857172774019105, -7.158958535294294 ], [ -34.857174693338528, -7.15895324592772 ], [ -34.857176520060278, -7.15894792395132 ], [ -34.857178253629336, -7.158942570982105 ], [ -34.857179893518996, -7.158937188646482 ], [ -34.857181439231006, -7.15893177857974 ], [ -34.857182890295739, -7.158926342425654 ], [ -34.857184246272325, -7.158920881835871 ], [ -34.857185506748763, -7.158915398469524 ], [ -34.857186671342106, -7.158909893992597 ], [ -34.857187739698503, -7.158904370077547 ], [ -34.857188711493357, -7.158898828402692 ], [ -34.857189586431424, -7.158893270651762 ], [ -34.857190364246854, -7.1588876985134 ], [ -34.857191044703349, -7.158882113680574 ], [ -34.85719162759414, -7.158876517850143 ], [ -34.857192112742162, -7.158870912722279 ], [ -34.8571925, -7.1588653 ] ] ] ] } },
{ "type": "Feature", "properties": { "id": 9, "tipo": "esporte", "nome": "Campo", "layer": "esportes", "path": "C:/Users/ACER/Desktop/mapa_unipe/espaco_esporte_unipe.shp" }, "geometry": { "type": "MultiPolygon", "coordinates": [ [ [ [ -34.8571925, -7.1588653 ], [ -34.8571484, -7.1580269 ], [ -34.8564959, -7.1580749 ], [ -34.8565605, -7.158939 ], [ -34.8571925, -7.1588653 ] ] ] ] } },
{ "type": "Feature", "properties": { "id": 10, "tipo": "esporte", "nome": null, "layer": "esportes", "path": "C:/Users/ACER/Desktop/mapa_unipe/espaco_esporte_unipe.shp" }, "geometry": { "type": "MultiPolygon", "coordinates": [ [ [ [ -34.8572448, -7.1579992 ], [ -34.8572078, -7.1578947 ], [ -34.857132549997537, -7.157777100001844 ], [ -34.8570228, -7.1576925 ], [ -34.856881300000069, -7.157655550002771 ], [ -34.8567299, -7.1576603 ], [ -34.856582200003295, -7.157732400001448 ], [ -34.8564686, -7.1578433 ], [ -34.8564636, -7.1577926 ], [ -34.8563923, -7.1578058 ], [ -34.8564634, -7.1591398 ], [ -34.8565405, -7.1591361 ], [ -34.8565395, -7.1590898 ], [ -34.8565976, -7.1591668 ], [ -34.8566674, -7.1592161 ], [ -34.8567465, -7.1592547 ], [ -34.8569115, -7.1592813 ], [ -34.8570818, -7.1592254 ], [ -34.8571471, -7.1591706 ], [ -34.8572433, -7.1590243 ], [ -34.8572852, -7.1588398 ], [ -34.8572448, -7.1579992 ] ], [ [ -34.856562171418553, -7.158944372653915 ], [ -34.8565605, -7.158939 ], [ -34.8564959, -7.1580749 ], [ -34.856496014901388, -7.158069202592194 ], [ -34.856496228910508, -7.158063508038931 ], [ -34.856496541962727, -7.158057818059899 ], [ -34.856496953963493, -7.158052134373418 ], [ -34.85649746478839, -7.158046458695895 ], [ -34.856498074283152, -7.158040792741334 ], [ -34.856498782263714, -7.158035138220812 ], [ -34.856499588516257, -7.15802949684193 ], [ -34.856500492797302, -7.158023870308329 ], [ -34.856501494833772, -7.158018260319158 ], [ -34.856502594323047, -7.158012668568614 ], [ -34.85650379093309, -7.158007096745303 ], [ -34.85650508430254, -7.158001546531891 ], [ -34.856506474040792, -7.157996019604489 ], [ -34.856507959728177, -7.157990517632168 ], [ -34.856509540916008, -7.157985042276472 ], [ -34.856511217126787, -7.15797959519089 ], [ -34.856512987854309, -7.157974178020412 ], [ -34.856514852563834, -7.157968792400954 ], [ -34.856516810692227, -7.157963439958943 ], [ -34.856518861648155, -7.157958122310735 ], [ -34.856521004812244, -7.157952841062214 ], [ -34.856523239537275, -7.157947597808278 ], [ -34.856525565148374, -7.157942394132314 ], [ -34.856527980943234, -7.157937231605813 ], [ -34.856530486192305, -7.157932111787798 ], [ -34.856533080139016, -7.157927036224379 ], [ -34.856535762000028, -7.157922006448354 ], [ -34.856538530965437, -7.157917023978638 ], [ -34.856541386199034, -7.157912090319909 ], [ -34.856544326838581, -7.157907206962093 ], [ -34.856547351996014, -7.157902375379884 ], [ -34.856550460757759, -7.157897597032376 ], [ -34.856553652185021, -7.157892873362607 ], [ -34.856556925313996, -7.157888205797065 ], [ -34.856560279156234, -7.157883595745294 ], [ -34.856563712698915, -7.1578790445995 ], [ -34.856567224905135, -7.157874553734077 ], [ -34.856570814714225, -7.157870124505223 ], [ -34.856574481042124, -7.157865758250531 ], [ -34.856578222781614, -7.157861456288531 ], [ -34.856582038802742, -7.157857219918422 ], [ -34.856585927953084, -7.15785305041949 ], [ -34.856589889058164, -7.157848949050931 ], [ -34.856593920921775, -7.15784491705127 ], [ -34.856598022326317, -7.157840955638181 ], [ -34.856602192033215, -7.157837066007935 ], [ -34.856606428783259, -7.157833249335158 ], [ -34.856610731296982, -7.157829506772454 ], [ -34.856615098275071, -7.157825839450049 ], [ -34.856619528398745, -7.157822248475436 ], [ -34.856624020330145, -7.157818734933046 ], [ -34.856628572712751, -7.15781529988392 ], [ -34.856633184171791, -7.157811944365411 ], [ -34.856637853314645, -7.157808669390886 ], [ -34.856642578731289, -7.157805475949307 ], [ -34.856647358994685, -7.157802365005084 ], [ -34.856652192661237, -7.157799337497686 ], [ -34.856657078271233, -7.157796394341369 ], [ -34.856662014349261, -7.157793536424974 ], [ -34.856666999404688, -7.157790764611531 ], [ -34.856672031932057, -7.157788079738119 ], [ -34.85667711041161, -7.157785482615531 ], [ -34.856682233309691, -7.157782974028073 ], [ -34.856687399079242, -7.1577805547333 ], [ -34.856692606160244, -7.157778225461837 ], [ -34.856697852980218, -7.15777598691708 ], [ -34.856703137954675, -7.157773839775036 ], [ -34.856708459487606, -7.157771784684162 ], [ -34.856713815971972, -7.157769822265031 ], [ -34.856719205790149, -7.157767953110276 ], [ -34.856724627314485, -7.157766177784393 ], [ -34.856730078907724, -7.157764496823491 ], [ -34.856735558923539, -7.157762910735183 ], [ -34.856741065707034, -7.157761419998479 ], [ -34.856746597595212, -7.157760025063567 ], [ -34.856752152917494, -7.157758726351685 ], [ -34.856757729996239, -7.157757524255032 ], [ -34.856763327147213, -7.15775641913663 ], [ -34.856768942680141, -7.157755411330228 ], [ -34.856774574899198, -7.157754501140141 ], [ -34.856780222103502, -7.157753688841263 ], [ -34.856785882587658, -7.157752974678887 ], [ -34.856791554642257, -7.157752358868684 ], [ -34.856797236554399, -7.157751841596609 ], [ -34.856802926608211, -7.157751423018898 ], [ -34.85680862308535, -7.157751103261933 ], [ -34.856814324265535, -7.157750882422294 ], [ -34.856820028427073, -7.157750760566664 ], [ -34.856825733847373, -7.157750737731845 ], [ -34.856831438803454, -7.157750813924705 ], [ -34.85683714157247, -7.15775098912227 ], [ -34.85684284043225, -7.157751263271619 ], [ -34.856848533661804, -7.157751636289952 ], [ -34.85685421954183, -7.157752108064631 ], [ -34.856859896355246, -7.157752678453178 ], [ -34.856865562387725, -7.157753347283337 ], [ -34.856871215928173, -7.157754114353141 ], [ -34.856876855269299, -7.157754979430926 ], [ -34.856882478708052, -7.157755942255463 ], [ -34.856888084546235, -7.157757002535973 ], [ -34.856893671090937, -7.157758159952278 ], [ -34.856899236655075, -7.157759414154839 ], [ -34.856904779557915, -7.157760764764878 ], [ -34.856910298125555, -7.157762211374569 ], [ -34.856915790691438, -7.15776375354701 ], [ -34.856921255596873, -7.1577653908165 ], [ -34.856926691191525, -7.157767122688614 ], [ -34.856932095833884, -7.157768948640312 ], [ -34.856937467891811, -7.157770868120185 ], [ -34.856942805742996, -7.157772880548571 ], [ -34.856948107775473, -7.157774985317745 ], [ -34.856953372388084, -7.157777181792083 ], [ -34.85695859799096, -7.15777946930828 ], [ -34.85696378300603, -7.1577818471755 ], [ -34.85696892586747, -7.15778431467568 ], [ -34.85697402502219, -7.157786871063656 ], [ -34.856979078930301, -7.157789515567412 ], [ -34.856984086065573, -7.157792247388349 ], [ -34.856989044915899, -7.15779506570146 ], [ -34.856993953983768, -7.157797969655682 ], [ -34.856998811786674, -7.157800958374014 ], [ -34.857003616857625, -7.157804030953915 ], [ -34.857008367745543, -7.157807186467485 ], [ -34.8570130630157, -7.157810423961804 ], [ -34.857017701250165, -7.157813742459181 ], [ -34.857022281048252, -7.157817140957443 ], [ -34.857026801026905, -7.157820618430292 ], [ -34.857031259821134, -7.157824173827578 ], [ -34.857035656084427, -7.157827806075589 ], [ -34.857039988489163, -7.157831514077423 ], [ -34.85704425572699, -7.157835296713326 ], [ -34.857048456509254, -7.157839152840936 ], [ -34.857052589567367, -7.157843081295793 ], [ -34.857056653653167, -7.157847080891506 ], [ -34.857060647539356, -7.157851150420267 ], [ -34.857064570019816, -7.15785528865309 ], [ -34.85706841991, -7.157859494340302 ], [ -34.85707219604727, -7.157863766211788 ], [ -34.857075897291288, -7.157868102977525 ], [ -34.857079522524295, -7.157872503327845 ], [ -34.85708307065152, -7.157876965933875 ], [ -34.857086540601458, -7.157881489447954 ], [ -34.857089931326207, -7.157886072504037 ], [ -34.85709324180182, -7.157890713718085 ], [ -34.857096471028555, -7.157895411688491 ], [ -34.857099618031228, -7.157900164996541 ], [ -34.857102681859452, -7.15790497220675 ], [ -34.857105661588001, -7.157909831867402 ], [ -34.857108556317016, -7.157914742510944 ], [ -34.857111365172322, -7.157919702654395 ], [ -34.857114087305661, -7.157924710799833 ], [ -34.857116721894982, -7.157929765434884 ], [ -34.857119268144658, -7.157934865033074 ], [ -34.857121725285758, -7.157940008054377 ], [ -34.857124092576228, -7.157945192945645 ], [ -34.857126369301184, -7.157950418141123 ], [ -34.85712855477307, -7.157955682062837 ], [ -34.857130648331889, -7.157960983121116 ], [ -34.857132649345409, -7.157966319715132 ], [ -34.857134557209342, -7.157971690233262 ], [ -34.857136371347522, -7.157977093053685 ], [ -34.857138091212107, -7.157982526544783 ], [ -34.857139716283704, -7.157987989065693 ], [ -34.857141246071549, -7.157993478966817 ], [ -34.857142680113675, -7.157998994590235 ], [ -34.857144017976999, -7.158004534270288 ], [ -34.8571452592575, -7.158010096334054 ], [ -34.857146403580323, -7.158015679101842 ], [ -34.857147450599882, -7.158021280887731 ], [ -34.8571484, -7.1580269 ], [ -34.8571925, -7.1588653 ], [ -34.857192112742162, -7.158870912722279 ], [ -34.85719162759414, -7.158876517850143 ], [ -34.857191044703349, -7.158882113680574 ], [ -34.857190364246854, -7.1588876985134 ], [ -34.857189586431424, -7.158893270651762 ], [ -34.857188711493357, -7.158898828402692 ], [ -34.857187739698503, -7.158904370077547 ], [ -34.857186671342106, -7.158909893992597 ], [ -34.857185506748763, -7.158915398469524 ], [ -34.857184246272325, -7.158920881835871 ], [ -34.857182890295739, -7.158926342425654 ], [ -34.857181439231006, -7.15893177857974 ], [ -34.857179893518996, -7.158937188646482 ], [ -34.857178253629336, -7.158942570982105 ], [ -34.857176520060278, -7.15894792395132 ], [ -34.857174693338528, -7.15895324592772 ], [ -34.857172774019105, -7.158958535294294 ], [ -34.857170762685136, -7.158963790444012 ], [ -34.857168659947739, -7.158969009780165 ], [ -34.857166466445783, -7.158974191716966 ], [ -34.857164182845729, -7.158979334679965 ], [ -34.857161809841379, -7.158984437106597 ], [ -34.857159348153743, -7.158989497446565 ], [ -34.85715679853076, -7.158994514162374 ], [ -34.857154161747061, -7.158999485729815 ], [ -34.8571514386038, -7.159004410638347 ], [ -34.857148629928325, -7.159009287391634 ], [ -34.857145736574026, -7.159014114507959 ], [ -34.857142759419979, -7.159018890520704 ], [ -34.857139699370727, -7.159023613978778 ], [ -34.857136557356014, -7.159028283447022 ], [ -34.857133334330477, -7.159032897506711 ], [ -34.857130031273371, -7.15903745475595 ], [ -34.85712664918826, -7.159041953810102 ], [ -34.857123189102737, -7.159046393302221 ], [ -34.857119652068072, -7.159050771883437 ], [ -34.857116039158925, -7.159055088223411 ], [ -34.857112351473006, -7.159059341010704 ], [ -34.857108590130764, -7.159063528953173 ], [ -34.857104756274992, -7.159067650778388 ], [ -34.857100851070541, -7.159071705234036 ], [ -34.857096875703924, -7.159075691088199 ], [ -34.857092831383, -7.159079607129887 ], [ -34.857088719336545, -7.159083452169281 ], [ -34.857084540813929, -7.159087225038118 ], [ -34.857080297084707, -7.159090924590078 ], [ -34.857075989438272, -7.159094549701132 ], [ -34.857071619183415, -7.159098099269868 ], [ -34.857067187647949, -7.159101572217804 ], [ -34.857062696178318, -7.159104967489724 ], [ -34.857058146139174, -7.159108284054084 ], [ -34.85705353891295, -7.159111520903163 ], [ -34.85704887589948, -7.159114677053522 ], [ -34.857044158515521, -7.159117751546233 ], [ -34.857039388194359, -7.159120743447158 ], [ -34.857034566385387, -7.159123651847251 ], [ -34.857029694553596, -7.159126475862862 ], [ -34.857024774179223, -7.159129214635959 ], [ -34.857019806757215, -7.159131867334421 ], [ -34.857014793796836, -7.159134433152257 ], [ -34.85700973682119, -7.159136911309913 ], [ -34.857004637366742, -7.159139301054433 ], [ -34.856999496982858, -7.159141601659744 ], [ -34.856994317231347, -7.159143812426832 ], [ -34.85698909968599, -7.159145932684003 ], [ -34.856983845932042, -7.159147961787067 ], [ -34.856978557565753, -7.15914989911951 ], [ -34.856973236193902, -7.159151744092696 ], [ -34.856967883433285, -7.159153496146076 ], [ -34.856962500910235, -7.159155154747317 ], [ -34.856957090260146, -7.159156719392479 ], [ -34.856951653126934, -7.159158189606184 ], [ -34.856946191162578, -7.159159564941715 ], [ -34.856940706026592, -7.159160844981208 ], [ -34.856935199385532, -7.159162029335754 ], [ -34.856929672912493, -7.159163117645501 ], [ -34.856924128286593, -7.159164109579792 ], [ -34.856918567192459, -7.159165004837233 ], [ -34.856912991319739, -7.159165803145828 ], [ -34.856907402362559, -7.159166504263006 ], [ -34.856901802019003, -7.159167107975764 ], [ -34.856896191990657, -7.15916761410068 ], [ -34.856890573982014, -7.159168022483935 ], [ -34.856884949700003, -7.159168333001497 ], [ -34.856879320853459, -7.159168545558984 ], [ -34.856873689152607, -7.159168660091845 ], [ -34.856868056308542, -7.15916867656525 ], [ -34.856862424032691, -7.159168594974219 ], [ -34.856856794036325, -7.159168415343515 ], [ -34.856851168030019, -7.15916813772774 ], [ -34.856845547723118, -7.159167762211222 ], [ -34.856839934823263, -7.159167288908065 ], [ -34.856834331035834, -7.159166717962065 ], [ -34.856828738063427, -7.159166049546696 ], [ -34.856823157605376, -7.159165283865049 ], [ -34.856817591357192, -7.159164421149746 ], [ -34.856812041010087, -7.159163461662918 ], [ -34.856806508250429, -7.159162405696097 ], [ -34.856800994759254, -7.159161253570099 ], [ -34.856795502211718, -7.159160005635001 ], [ -34.856790032276649, -7.159158662269923 ], [ -34.85678458661598, -7.159157223883061 ], [ -34.856779166884273, -7.159155690911407 ], [ -34.856773774728232, -7.159154063820765 ], [ -34.856768411786142, -7.159152343105464 ], [ -34.856763079687447, -7.159150529288322 ], [ -34.856757780052206, -7.159148622920441 ], [ -34.856752514490623, -7.159146624581028 ], [ -34.856747284602527, -7.159144534877235 ], [ -34.856742091976948, -7.159142354443995 ], [ -34.856736938191546, -7.159140083943788 ], [ -34.856731824812215, -7.159137724066434 ], [ -34.856726753392572, -7.159135275528993 ], [ -34.856721725473463, -7.159132739075362 ], [ -34.856716742582528, -7.159130115476209 ], [ -34.856711806233733, -7.159127405528673 ], [ -34.856706917926893, -7.159124610056123 ], [ -34.85670207914724, -7.159121729907888 ], [ -34.856697291364938, -7.159118765959075 ], [ -34.856692556034673, -7.159115719110217 ], [ -34.856687874595181, -7.159112590287045 ], [ -34.85668324846884, -7.159109380440174 ], [ -34.856678679061204, -7.159106090544885 ], [ -34.856674167760616, -7.159102721600751 ], [ -34.856669715937734, -7.159099274631336 ], [ -34.856665324945183, -7.159095750683965 ], [ -34.856660996117071, -7.15909215082931 ], [ -34.856656730768634, -7.159088476161122 ], [ -34.856652530195817, -7.159084727795876 ], [ -34.856648395674895, -7.159080906872466 ], [ -34.856644328462068, -7.159077014551788 ], [ -34.856640329793066, -7.159073052016463 ], [ -34.856636400882827, -7.159069020470431 ], [ -34.856632542925063, -7.159064921138599 ], [ -34.856628757091954, -7.159060755266494 ], [ -34.856625044533743, -7.1590565241198 ], [ -34.85662140637843, -7.159052228984097 ], [ -34.856617843731399, -7.159047871164396 ], [ -34.856614357675099, -7.15904345198472 ], [ -34.856610949268692, -7.159038972787767 ], [ -34.856607619547766, -7.159034434934432 ], [ -34.856604369523986, -7.159029839803504 ], [ -34.856601200184812, -7.159025188791088 ], [ -34.856598112493195, -7.159020483310327 ], [ -34.856595107387257, -7.159015724790896 ], [ -34.856592185780059, -7.159010914678577 ], [ -34.856589348559261, -7.159006054434824 ], [ -34.856586596586915, -7.159001145536359 ], [ -34.856583930699138, -7.158996189474638 ], [ -34.856581351705906, -7.158991187755491 ], [ -34.856578860390819, -7.158986141898569 ], [ -34.856576457510791, -7.158981053436969 ], [ -34.856574143795903, -7.158975923916748 ], [ -34.856571919949133, -7.158970754896403 ], [ -34.856569786646141, -7.158965547946438 ], [ -34.856567744535099, -7.158960304648909 ], [ -34.85656579423646, -7.158955026596869 ], [ -34.856563936342781, -7.158949715393958 ], [ -34.856562171418553, -7.158944372653915 ] ] ] ] } },
{ "type": "Feature", "properties": { "id": 11, "tipo": "esporte", "nome": "Campo", "layer": "esportes", "path": "C:/Users/ACER/Desktop/mapa_unipe/espaco_esporte_unipe.shp" }, "geometry": { "type": "MultiPolygon", "coordinates": [ [ [ [ -34.856197715415071, -7.157994607739638 ], [ -34.856177269205801, -7.157736610304172 ], [ -34.855986164830917, -7.157758178675127 ], [ -34.856004217991583, -7.158009568362925 ], [ -34.856197715415071, -7.157994607739638 ] ] ] ] } },
{ "type": "Feature", "properties": { "id": null, "tipo": null, "nome": null, "layer": "esportes", "path": "C:/Users/ACER/Desktop/mapa_unipe/espaco_esporte_unipe.shp" }, "geometry": { "type": "MultiPolygon", "coordinates": [ ] } },
{ "type": "Feature", "properties": { "id": null, "tipo": null, "nome": null, "layer": "mata_preservada", "path": "C:/Users/ACER/Desktop/mapa_unipe/mata_unipe.shp" }, "geometry": { "type": "MultiPolygon", "coordinates": [ [ [ [ -34.854309099174394, -7.16118392282907 ], [ -34.854139782413917, -7.161128394023392 ], [ -34.854138, -7.1611734 ], [ -34.854107442648072, -7.161196626057706 ], [ -34.8540683, -7.1612027 ], [ -34.854042019673507, -7.161193306661684 ], [ -34.8540254, -7.1611761 ], [ -34.854010795072007, -7.16114720393658 ], [ -34.8540133, -7.1611136 ], [ -34.8539785, -7.1610537 ], [ -34.8539114, -7.1610257 ], [ -34.8535547, -7.161039 ], [ -34.8527402, -7.1614052 ], [ -34.852570746188526, -7.161016272171868 ], [ -34.852621300305238, -7.160716051025798 ], [ -34.852786344627454, -7.160661465341644 ], [ -34.852867379902783, -7.160738180355354 ], [ -34.8529839, -7.1606876 ], [ -34.8530296, -7.1604954 ], [ -34.852917934019501, -7.160367882766162 ], [ -34.853228693148715, -7.160113395204847 ], [ -34.8530817, -7.1599312 ], [ -34.853059, -7.1596018 ], [ -34.852841254594921, -7.159558507936961 ], [ -34.852585796418687, -7.159719504448896 ], [ -34.852577058985972, -7.159723497441433 ], [ -34.852522307705172, -7.159740145229161 ], [ -34.852513982334401, -7.1597416428832 ], [ -34.852505534816935, -7.159741167446078 ], [ -34.852460497473047, -7.159733281651988 ], [ -34.852449878508708, -7.159729654019093 ], [ -34.852440906904015, -7.159722950952135 ], [ -34.852389687963921, -7.159670378986813 ], [ -34.852384006734496, -7.159662724142897 ], [ -34.852223630768563, -7.159375335710648 ], [ -34.85218548985965, -7.159292223922246 ], [ -34.852182602773297, -7.159282267762468 ], [ -34.852182074920449, -7.159278392754369 ], [ -34.852043260217975, -7.159213703184602 ], [ -34.852034874121998, -7.15920826404357 ], [ -34.851806822482011, -7.159004712746562 ], [ -34.851691551895151, -7.158869499582162 ], [ -34.851647397636441, -7.158805536903861 ], [ -34.851642036917568, -7.158793433571017 ], [ -34.851622609043737, -7.158710194453498 ], [ -34.851621698646426, -7.158701086630048 ], [ -34.851634635339778, -7.158653496086239 ], [ -34.851642271179102, -7.158639875956871 ], [ -34.851683701638052, -7.158594801093867 ], [ -34.852142553132651, -7.158256198897441 ], [ -34.852576577403859, -7.157989251546105 ], [ -34.852681636800781, -7.157935248854438 ], [ -34.852771860413092, -7.157877595967691 ], [ -34.852722520348749, -7.157725484097559 ], [ -34.852580787964889, -7.157191312586217 ], [ -34.85255449063088, -7.157102598325953 ], [ -34.852528193296877, -7.157013884048443 ], [ -34.85248221690717, -7.15688040866453 ], [ -34.852455960903136, -7.156840565288918 ], [ -34.852396667490716, -7.156772278782387 ], [ -34.852301658820274, -7.15667845456719 ], [ -34.852280023233504, -7.156645596870295 ], [ -34.852258387646735, -7.156612739171051 ], [ -34.852255272657153, -7.156606884707901 ], [ -34.852229663187096, -7.156545550328838 ], [ -34.852227506729285, -7.156538282356186 ], [ -34.852190417151967, -7.156335878843578 ], [ -34.852194187053207, -7.15628150830817 ], [ -34.852196856001861, -7.156270960604416 ], [ -34.852215405170611, -7.156227319011681 ], [ -34.85221957057928, -7.156220044946926 ], [ -34.85224340949889, -7.156187894713756 ], [ -34.8522761424084, -7.156156395208132 ], [ -34.852289759357227, -7.156148380848975 ], [ -34.852355583582046, -7.156127224781603 ], [ -34.852394394967327, -7.15611803015513 ], [ -34.8523748, -7.156063099999989 ], [ -34.8502601, -7.1565786 ], [ -34.852090482079738, -7.160256498372737 ], [ -34.851876370526597, -7.160347966353439 ], [ -34.851923950871736, -7.160603191428383 ], [ -34.85183473772458, -7.160769899059181 ], [ -34.852065205021368, -7.16104282734972 ], [ -34.85209940339444, -7.161495740422787 ], [ -34.851813921323576, -7.161711132149871 ], [ -34.8520127, -7.1624095 ], [ -34.8522415, -7.1623993 ], [ -34.852472611726647, -7.162121261321477 ], [ -34.852651781463834, -7.162003976218347 ], [ -34.852729099524694, -7.162102820269522 ], [ -34.8528012, -7.1622392 ], [ -34.85306945, -7.162390850025217 ], [ -34.8535311, -7.1619225 ], [ -34.854222676296473, -7.161362227006638 ], [ -34.854309099174394, -7.16118392282907 ] ] ] ] } },
{ "type": "Feature", "properties": { "id": null, "tipo": null, "nome": null, "layer": "mata_preservada", "path": "C:/Users/ACER/Desktop/mapa_unipe/mata_unipe.shp" }, "geometry": { "type": "MultiPolygon", "coordinates": [ [ [ [ -34.852664325253535, -7.156862329027858 ], [ -34.852685014566163, -7.156942337169744 ], [ -34.852697719657407, -7.156986458520816 ], [ -34.852793966243702, -7.157315221692095 ], [ -34.852865135100927, -7.157581422964647 ], [ -34.852932222280508, -7.157813088883112 ], [ -34.852974872642868, -7.157903533175678 ], [ -34.853030645145481, -7.157871473415101 ], [ -34.853148978558814, -7.157822406048496 ], [ -34.8532127294052, -7.157809745212345 ], [ -34.853683509963751, -7.157830191361513 ], [ -34.85378333103197, -7.157846333945033 ], [ -34.853809438568049, -7.15772528221378 ], [ -34.853850991842393, -7.157645026506557 ], [ -34.853995949446947, -7.157625679609422 ], [ -34.854355775807143, -7.157699444536838 ], [ -34.854453910269015, -7.157557815865654 ], [ -34.855161667903111, -7.157705345730522 ], [ -34.855349015512147, -7.157430940143728 ], [ -34.854888080918506, -7.156548710311019 ], [ -34.854941608806797, -7.156292007664748 ], [ -34.854834553030209, -7.156230044935403 ], [ -34.854596651304462, -7.15646019217345 ], [ -34.853897814985075, -7.156643129638834 ], [ -34.853630175543607, -7.15646019217345 ], [ -34.853196004894116, -7.15651330305806 ], [ -34.853100844203816, -7.156731647740915 ], [ -34.852664325253535, -7.156862329027858 ] ] ] ] } },
{ "type": "Feature", "properties": { "id": 4, "tipo": "predio", "nome": "Bloco J", "layer": "predios_academicos", "path": "C:/Users/ACER/Desktop/mapa_unipe/predios_unipe.shp" }, "geometry": { "type": "MultiPolygon", "coordinates": [ [ [ [ -34.856529853425293, -7.159682219752417 ], [ -34.856557826931414, -7.159570957247202 ], [ -34.856243181140456, -7.159492041165158 ], [ -34.856215207552935, -7.159603303671377 ], [ -34.856529853425293, -7.159682219752417 ] ] ] ] } },
{ "type": "Feature", "properties": { "id": 4, "tipo": "predio", "nome": "CT", "layer": "predios_academicos", "path": "C:/Users/ACER/Desktop/mapa_unipe/predios_unipe.shp" }, "geometry": { "type": "MultiPolygon", "coordinates": [ [ [ [ -34.856169505781139, -7.159660630778543 ], [ -34.856233104127909, -7.159419742937164 ], [ -34.856070610692562, -7.159376946052594 ], [ -34.856007012255574, -7.159617833893107 ], [ -34.856169505781139, -7.159660630778543 ] ] ] ] } },
{ "type": "Feature", "properties": { "id": 4, "tipo": "predio", "nome": null, "layer": "predios_academicos", "path": "C:/Users/ACER/Desktop/mapa_unipe/predios_unipe.shp" }, "geometry": { "type": "MultiPolygon", "coordinates": [ [ [ [ -34.85655121733005, -7.159786712599971 ], [ -34.856059432841086, -7.159662886327229 ], [ -34.856040106162204, -7.159739457060943 ], [ -34.856531890739461, -7.159863283332092 ], [ -34.85655121733005, -7.159786712599971 ] ] ] ] } },
{ "type": "Feature", "properties": { "id": 5, "tipo": "predio", "nome": "EVA", "layer": "predios_academicos", "path": "C:/Users/ACER/Desktop/mapa_unipe/predios_unipe.shp" }, "geometry": { "type": "MultiPolygon", "coordinates": [ [ [ [ -34.854692009240118, -7.160200259088731 ], [ -34.85434365283416, -7.160111913025932 ], [ -34.854209759344599, -7.1606316644876 ], [ -34.854558115750564, -7.160720010449721 ], [ -34.854692009240118, -7.160200259088731 ] ] ] ] } },
{ "type": "Feature", "properties": { "id": 5, "tipo": "predio", "nome": null, "layer": "predios_academicos", "path": "C:/Users/ACER/Desktop/mapa_unipe/predios_unipe.shp" }, "geometry": { "type": "MultiPolygon", "coordinates": [ [ [ [ -34.854107821214441, -7.160486433705747 ], [ -34.854207430308925, -7.160106965634149 ], [ -34.853764602374383, -7.159992530708645 ], [ -34.853664993279899, -7.160371998875454 ], [ -34.854107821214441, -7.160486433705747 ] ] ] ] } },
{ "type": "Feature", "properties": { "id": 1, "tipo": "predio", "nome": null, "layer": "predios_academicos", "path": "C:/Users/ACER/Desktop/mapa_unipe/predios_unipe.shp" }, "geometry": { "type": "MultiPolygon", "coordinates": [ ] } },
{ "type": "Feature", "properties": { "id": 1, "tipo": "predio", "nome": "Bloco A", "layer": "predios_academicos", "path": "C:/Users/ACER/Desktop/mapa_unipe/predios_unipe.shp" }, "geometry": { "type": "MultiPolygon", "coordinates": [ ] } },
{ "type": "Feature", "properties": { "id": 1, "tipo": "predio", "nome": "Bloco B", "layer": "predios_academicos", "path": "C:/Users/ACER/Desktop/mapa_unipe/predios_unipe.shp" }, "geometry": { "type": "MultiPolygon", "coordinates": [ [ [ [ -34.855116226421174, -7.159624880642801 ], [ -34.855147227697621, -7.159507782579178 ], [ -34.854804845088275, -7.159418546055441 ], [ -34.854773843811834, -7.159535644141983 ], [ -34.855116226421174, -7.159624880642801 ] ] ] ] } },
{ "type": "Feature", "properties": { "id": 1, "tipo": "predio", "nome": null, "layer": "predios_academicos", "path": "C:/Users/ACER/Desktop/mapa_unipe/predios_unipe.shp" }, "geometry": { "type": "MultiPolygon", "coordinates": [ ] } },
{ "type": "Feature", "properties": { "id": 1, "tipo": "predio", "nome": "Bloco B", "layer": "predios_academicos", "path": "C:/Users/ACER/Desktop/mapa_unipe/predios_unipe.shp" }, "geometry": { "type": "MultiPolygon", "coordinates": [ [ [ [ -34.853682863274784, -7.159132959050897 ], [ -34.853653862137989, -7.1592465177494 ], [ -34.853943933635541, -7.159321285412055 ], [ -34.853938653935451, -7.159319924537903 ], [ -34.853969449821797, -7.159203602245987 ], [ -34.853682863274784, -7.159132959050897 ] ] ] ] } },
{ "type": "Feature", "properties": { "id": 4, "tipo": "predio", "nome": "Pós", "layer": "predios_academicos", "path": "C:/Users/ACER/Desktop/mapa_unipe/predios_unipe.shp" }, "geometry": { "type": "MultiPolygon", "coordinates": [ [ [ [ -34.855874974353227, -7.159270888066772 ], [ -34.855956429357626, -7.158945535885302 ], [ -34.855931468988373, -7.158939383874754 ], [ -34.855947912986331, -7.158875674869077 ], [ -34.855854570952303, -7.158851956428643 ], [ -34.855893780102853, -7.15869534817688 ], [ -34.855779343964834, -7.158667150132361 ], [ -34.855664058313117, -7.159127621201566 ], [ -34.855778758968974, -7.159155892478746 ], [ -34.855757234052071, -7.159241868501113 ], [ -34.855874974353227, -7.159270888066772 ] ] ] ] } },
{ "type": "Feature", "properties": { "id": 2, "tipo": "predio", "nome": null, "layer": "predios_academicos", "path": "C:/Users/ACER/Desktop/mapa_unipe/predios_unipe.shp" }, "geometry": { "type": "MultiPolygon", "coordinates": [ [ [ [ -34.855592376387335, -7.158639235559849 ], [ -34.855623125868526, -7.158519288719045 ], [ -34.854906132644118, -7.158337836464636 ], [ -34.854876084228515, -7.158455653443178 ], [ -34.855592376387335, -7.158639235559849 ] ] ] ] } },
{ "type": "Feature", "properties": { "id": 3, "tipo": "predio", "nome": null, "layer": "predios_academicos", "path": "C:/Users/ACER/Desktop/mapa_unipe/predios_unipe.shp" }, "geometry": { "type": "MultiPolygon", "coordinates": [ [ [ [ -34.854958457489367, -7.157966213368587 ], [ -34.854929731141077, -7.158083402970648 ], [ -34.855727974931845, -7.158291273418969 ], [ -34.855758735839345, -7.15817416257977 ], [ -34.854958457489367, -7.157966213368587 ] ] ] ] } },
{ "type": "Feature", "properties": { "id": 3, "tipo": "predio", "nome": null, "layer": "predios_academicos", "path": "C:/Users/ACER/Desktop/mapa_unipe/predios_unipe.shp" }, "geometry": { "type": "MultiPolygon", "coordinates": [ [ [ [ -34.855195164330055, -7.157738535623286 ], [ -34.855161186486256, -7.157862834405578 ], [ -34.855760633389266, -7.158024152793715 ], [ -34.855794611233065, -7.157899854055382 ], [ -34.855195164330055, -7.157738535623286 ] ] ] ] } },
{ "type": "Feature", "properties": { "id": 3, "tipo": "predio", "nome": null, "layer": "predios_academicos", "path": "C:/Users/ACER/Desktop/mapa_unipe/predios_unipe.shp" }, "geometry": { "type": "MultiPolygon", "coordinates": [ [ [ [ -34.855807404783071, -7.157838441093753 ], [ -34.855836017579612, -7.157723300826344 ], [ -34.855323982214692, -7.157598033580129 ], [ -34.855295369418151, -7.15771317387915 ], [ -34.855807404783071, -7.157838441093753 ] ] ] ] } },
{ "type": "Feature", "properties": { "id": 2, "tipo": "predio", "nome": null, "layer": "predios_academicos", "path": "C:/Users/ACER/Desktop/mapa_unipe/predios_unipe.shp" }, "geometry": { "type": "MultiPolygon", "coordinates": [ [ [ [ -34.854565755808025, -7.158690123363789 ], [ -34.853775931946473, -7.158484265191363 ], [ -34.853745866254137, -7.158597828227464 ], [ -34.854536769334963, -7.158803967269419 ], [ -34.854565755808025, -7.158690123363789 ] ] ] ] } },
{ "type": "Feature", "properties": { "id": 2, "tipo": "predio", "nome": null, "layer": "predios_academicos", "path": "C:/Users/ACER/Desktop/mapa_unipe/predios_unipe.shp" }, "geometry": { "type": "MultiPolygon", "coordinates": [ [ [ [ -34.854591166194439, -7.158590324362317 ], [ -34.854620152654839, -7.158476480453126 ], [ -34.853832393129331, -7.158271156989374 ], [ -34.853802327436995, -7.158384720025487 ], [ -34.854591166194439, -7.158590324362317 ] ] ] ] } },
{ "type": "Feature", "properties": { "id": 2, "tipo": "predio", "nome": null, "layer": "predios_academicos", "path": "C:/Users/ACER/Desktop/mapa_unipe/predios_unipe.shp" }, "geometry": { "type": "MultiPolygon", "coordinates": [ [ [ [ -34.853889182001716, -7.158051311863922 ], [ -34.85385911630938, -7.158164874900034 ], [ -34.854647192762343, -7.158370280807598 ], [ -34.854676179209683, -7.158256436894821 ], [ -34.853889182001716, -7.158051311863922 ] ] ] ] } },
{ "type": "Feature", "properties": { "id": 5, "tipo": "predio", "nome": null, "layer": "predios_academicos", "path": "C:/Users/ACER/Desktop/mapa_unipe/predios_unipe.shp" }, "geometry": { "type": "MultiPolygon", "coordinates": [ [ [ [ -34.852833875293754, -7.159445684926941 ], [ -34.852638897582146, -7.159092911913584 ], [ -34.852290000190834, -7.159285279637221 ], [ -34.852484977790198, -7.159638052843113 ], [ -34.852833875293754, -7.159445684926941 ] ] ] ] } },
{ "type": "Feature", "properties": { "id": 6, "tipo": "predio", "nome": null, "layer": "predios_academicos", "path": "C:/Users/ACER/Desktop/mapa_unipe/predios_unipe.shp" }, "geometry": { "type": "MultiPolygon", "coordinates": [ [ [ [ -34.852563631119452, -7.15852931577703 ], [ -34.852343394624164, -7.15830982633052 ], [ -34.852198444880784, -7.15845491712371 ], [ -34.852418681410853, -7.158674406638597 ], [ -34.852563631119452, -7.15852931577703 ] ] ] ] } },
{ "type": "Feature", "properties": { "id": 6, "tipo": "predio", "nome": null, "layer": "predios_academicos", "path": "C:/Users/ACER/Desktop/mapa_unipe/predios_unipe.shp" }, "geometry": { "type": "MultiPolygon", "coordinates": [ [ [ [ -34.852204580457638, -7.158770733544143 ], [ -34.852302619496825, -7.158676456573365 ], [ -34.852105877837523, -7.158486951177621 ], [ -34.852007838798336, -7.158581228188666 ], [ -34.852204580457638, -7.158770733544143 ] ] ] ] } },
{ "type": "Feature", "properties": { "id": 6, "tipo": "predio", "nome": null, "layer": "predios_academicos", "path": "C:/Users/ACER/Desktop/mapa_unipe/predios_unipe.shp" }, "geometry": { "type": "MultiPolygon", "coordinates": [ [ [ [ -34.852137557157072, -7.158964708037944 ], [ -34.851814577386541, -7.158667715335753 ], [ -34.851718691239988, -7.158761171147622 ], [ -34.85204343998695, -7.159059107437849 ], [ -34.852137557157072, -7.158964708037944 ] ] ] ] } },
{ "type": "Feature", "properties": { "id": 1, "tipo": "predio", "nome": null, "layer": "predios_academicos", "path": "C:/Users/ACER/Desktop/mapa_unipe/predios_unipe.shp" }, "geometry": { "type": "MultiPolygon", "coordinates": [ ] } },
{ "type": "Feature", "properties": { "id": 3, "tipo": "predio", "nome": null, "layer": "predios_academicos", "path": "C:/Users/ACER/Desktop/mapa_unipe/predios_unipe.shp" }, "geometry": { "type": "MultiPolygon", "coordinates": [ [ [ [ -34.853951949739603, -7.157789053570363 ], [ -34.85480524021208, -7.158005444014004 ], [ -34.854837165162401, -7.157885118832477 ], [ -34.85398266491373, -7.157668346054426 ], [ -34.853951949739603, -7.157789053570363 ] ] ] ] } },
{ "type": "Feature", "properties": { "id": 3, "tipo": "predio", "nome": null, "layer": "predios_academicos", "path": "C:/Users/ACER/Desktop/mapa_unipe/predios_unipe.shp" }, "geometry": { "type": "MultiPolygon", "coordinates": [ [ [ [ -34.854411958010452, -7.157724435883993 ], [ -34.854849722174045, -7.157833201284501 ], [ -34.854878876990433, -7.157712059587282 ], [ -34.854442441731436, -7.157603635719552 ], [ -34.854411958010452, -7.157724435883993 ] ] ] ] } },
{ "type": "Feature", "properties": { "id": 7, "tipo": "predio", "nome": null, "layer": "predios_academicos", "path": "C:/Users/ACER/Desktop/mapa_unipe/predios_unipe.shp" }, "geometry": { "type": "MultiPolygon", "coordinates": [ [ [ [ -34.854861445782952, -7.160981387536628 ], [ -34.854473322818237, -7.160879916692616 ], [ -34.854441852759777, -7.160998418233235 ], [ -34.854829975724499, -7.161099889050872 ], [ -34.854861445782952, -7.160981387536628 ] ] ] ] } },
{ "type": "Feature", "properties": { "id": 7, "tipo": "predio", "nome": null, "layer": "predios_academicos", "path": "C:/Users/ACER/Desktop/mapa_unipe/predios_unipe.shp" }, "geometry": { "type": "MultiPolygon", "coordinates": [ [ [ [ -34.854356832164321, -7.160966007306354 ], [ -34.854386276567411, -7.160852211361697 ], [ -34.854041601113764, -7.160764413315881 ], [ -34.854012156710674, -7.160878209282444 ], [ -34.854356832164321, -7.160966007306354 ] ] ] ] } },
{ "type": "Feature", "properties": { "id": 7, "tipo": "predio", "nome": null, "layer": "predios_academicos", "path": "C:/Users/ACER/Desktop/mapa_unipe/predios_unipe.shp" }, "geometry": { "type": "MultiPolygon", "coordinates": [ [ [ [ -34.854661128894165, -7.161124351945215 ], [ -34.854428702254943, -7.161070245997879 ], [ -34.854385886217415, -7.161254892918107 ], [ -34.854531430874331, -7.161288117422624 ], [ -34.854548649765363, -7.161212871171012 ], [ -34.854636351596902, -7.161232628415647 ], [ -34.854661128894165, -7.161124351945215 ] ] ] ] } },
{ "type": "Feature", "properties": { "id": 7, "tipo": "predio", "nome": null, "layer": "predios_academicos", "path": "C:/Users/ACER/Desktop/mapa_unipe/predios_unipe.shp" }, "geometry": { "type": "MultiPolygon", "coordinates": [ [ [ [ -34.854316973785124, -7.161157644879044 ], [ -34.854346488313894, -7.161045414187428 ], [ -34.854156339944048, -7.160996185873672 ], [ -34.854126825415278, -7.161108416577393 ], [ -34.854316973785124, -7.161157644879044 ] ] ] ] } },
{ "type": "Feature", "properties": { "id": 7, "tipo": "predio", "nome": null, "layer": "predios_academicos", "path": "C:/Users/ACER/Desktop/mapa_unipe/predios_unipe.shp" }, "geometry": { "type": "MultiPolygon", "coordinates": [ [ [ [ -34.854031452669972, -7.160768839424359 ], [ -34.853792692599335, -7.160707424549074 ], [ -34.853784440114438, -7.160739008876297 ], [ -34.853764203331949, -7.160733734481513 ], [ -34.853711188239757, -7.160933981941995 ], [ -34.853888638769064, -7.16098023157145 ], [ -34.853917183908273, -7.160872411510404 ], [ -34.85399889896096, -7.160893430595227 ], [ -34.854031452669972, -7.160768839424359 ] ] ] ] } },
{ "type": "Feature", "properties": { "id": 8, "tipo": "predio", "nome": null, "layer": "predios_academicos", "path": "C:/Users/ACER/Desktop/mapa_unipe/predios_unipe.shp" }, "geometry": { "type": "MultiPolygon", "coordinates": [ [ [ [ -34.853606854288969, -7.160921569923238 ], [ -34.853507238785923, -7.160727333524679 ], [ -34.852662083057957, -7.161159722246342 ], [ -34.852761698393628, -7.161353958895783 ], [ -34.853606854288969, -7.160921569923238 ] ] ] ] } },
{ "type": "Feature", "properties": { "id": 8, "tipo": "predio", "nome": null, "layer": "predios_academicos", "path": "C:/Users/ACER/Desktop/mapa_unipe/predios_unipe.shp" }, "geometry": { "type": "MultiPolygon", "coordinates": [ [ [ [ -34.852676965935082, -7.160966818902637 ], [ -34.852888821182582, -7.160858465327388 ], [ -34.852833567505087, -7.160750694943737 ], [ -34.852621712281611, -7.160859048484594 ], [ -34.852676965935082, -7.160966818902637 ] ] ] ] } },
{ "type": "Feature", "properties": { "id": 8, "tipo": "predio", "nome": null, "layer": "predios_academicos", "path": "C:/Users/ACER/Desktop/mapa_unipe/predios_unipe.shp" }, "geometry": { "type": "MultiPolygon", "coordinates": [ [ [ [ -34.853113246626343, -7.160685330602579 ], [ -34.853317343819441, -7.160599427011217 ], [ -34.85326680835918, -7.160485728695226 ], [ -34.853064697058919, -7.160572427522834 ], [ -34.853113246626343, -7.160685330602579 ] ] ] ] } },
{ "type": "Feature", "properties": { "id": 5, "tipo": "predio", "nome": "Descanso", "layer": "predios_academicos", "path": "C:/Users/ACER/Desktop/mapa_unipe/predios_unipe.shp" }, "geometry": { "type": "MultiPolygon", "coordinates": [ [ [ [ -34.854432293305308, -7.160084105977945 ], [ -34.854420127776571, -7.160131307704661 ], [ -34.854611661300943, -7.160179882189017 ], [ -34.854623821156736, -7.160132702478186 ], [ -34.854432293305308, -7.160084105977945 ] ] ] ] } },
{ "type": "Feature", "properties": { "id": 6, "tipo": "predio", "nome": null, "layer": "predios_academicos", "path": "C:/Users/ACER/Desktop/mapa_unipe/predios_unipe.shp" }, "geometry": { "type": "MultiPolygon", "coordinates": [ [ [ [ -34.852476028863379, -7.158381345194702 ], [ -34.852751642841682, -7.158154550639491 ], [ -34.85265824774082, -7.158054955931616 ], [ -34.852383033358556, -7.158284365710665 ], [ -34.852476028863379, -7.158381345194702 ] ] ] ] } },
{ "type": "Feature", "properties": { "id": 3, "tipo": "predio", "nome": null, "layer": "predios_academicos", "path": "C:/Users/ACER/Desktop/mapa_unipe/predios_unipe.shp" }, "geometry": { "type": "MultiPolygon", "coordinates": [ [ [ [ -34.855014800866769, -7.157745827230462 ], [ -34.854878876990433, -7.157712059587282 ], [ -34.854797124598086, -7.158036025874019 ], [ -34.854933048474415, -7.158069793493214 ], [ -34.855014800866769, -7.157745827230462 ] ] ] ] } },
{ "type": "Feature", "properties": { "id": 3, "tipo": "predio", "nome": null, "layer": "predios_academicos", "path": "C:/Users/ACER/Desktop/mapa_unipe/predios_unipe.shp" }, "geometry": { "type": "MultiPolygon", "coordinates": [ [ [ [ -34.855079777633513, -7.157840926297493 ], [ -34.855049067255315, -7.157957442021976 ], [ -34.855152970842916, -7.157984402976254 ], [ -34.855183390010147, -7.157868718274062 ], [ -34.855079777633513, -7.157840926297493 ] ] ] ] } },
{ "type": "Feature", "properties": { "id": 2, "tipo": null, "nome": null, "layer": "predios_academicos", "path": "C:/Users/ACER/Desktop/mapa_unipe/predios_unipe.shp" }, "geometry": { "type": "MultiPolygon", "coordinates": [ [ [ [ -34.8542012425902, -7.158595117158662 ], [ -34.854227176880926, -7.158495451759199 ], [ -34.854165165497513, -7.158479289263568 ], [ -34.854139231208649, -7.158578954659496 ], [ -34.8542012425902, -7.158595117158662 ] ] ] ] } },
{ "type": "Feature", "properties": { "id": 2, "tipo": null, "nome": null, "layer": "predios_academicos", "path": "C:/Users/ACER/Desktop/mapa_unipe/predios_unipe.shp" }, "geometry": { "type": "MultiPolygon", "coordinates": [ [ [ [ -34.854194748841529, -7.158365600532878 ], [ -34.854256760224942, -7.158381763032536 ], [ -34.854284357012958, -7.15827570861072 ], [ -34.854222345627655, -7.158259546114583 ], [ -34.854194748841529, -7.158365600532878 ] ] ] ] } },
{ "type": "Feature", "properties": { "id": 1, "tipo": null, "nome": null, "layer": "predios_academicos", "path": "C:/Users/ACER/Desktop/mapa_unipe/predios_unipe.shp" }, "geometry": { "type": "MultiPolygon", "coordinates": [ [ [ [ -34.854763989130149, -7.159324152656827 ], [ -34.854761635967883, -7.159323551075623 ], [ -34.854680766214969, -7.159629012476993 ], [ -34.854744877129278, -7.159645502299037 ], [ -34.854825607948008, -7.159340565691385 ], [ -34.854763989130149, -7.159324152656827 ] ] ] ] } },
{ "type": "Feature", "properties": { "id": 1, "tipo": null, "nome": null, "layer": "predios_academicos", "path": "C:/Users/ACER/Desktop/mapa_unipe/predios_unipe.shp" }, "geometry": { "type": "MultiPolygon", "coordinates": [ [ [ [ -34.853991077962704, -7.159121908365269 ], [ -34.853909353266133, -7.159430599065131 ], [ -34.853973464178701, -7.159447088893899 ], [ -34.854055122260512, -7.159138649822664 ], [ -34.853991077962704, -7.159121908365269 ] ] ] ] } },
{ "type": "Feature", "properties": { "id": 6, "tipo": null, "nome": null, "layer": "predios_academicos", "path": "C:/Users/ACER/Desktop/mapa_unipe/predios_unipe.shp" }, "geometry": { "type": "MultiPolygon", "coordinates": [ [ [ [ -34.852228030526497, -7.1584844024247 ], [ -34.852165887397788, -7.158544753562491 ], [ -34.852237407356817, -7.158613642979509 ], [ -34.852300155537051, -7.158556282803088 ], [ -34.852228030526497, -7.1584844024247 ] ] ] ] } },
{ "type": "Feature", "properties": { "id": 6, "tipo": null, "nome": null, "layer": "predios_academicos", "path": "C:/Users/ACER/Desktop/mapa_unipe/predios_unipe.shp" }, "geometry": { "type": "MultiPolygon", "coordinates": [ [ [ [ -34.85207360427588, -7.158904599290445 ], [ -34.852204580457638, -7.158770733544143 ], [ -34.85216105331984, -7.158728807373475 ], [ -34.852025581702634, -7.158860682019987 ], [ -34.85207360427588, -7.158904599290445 ] ] ] ] } },
{ "type": "Feature", "properties": { "id": 6, "tipo": null, "nome": null, "layer": "predios_academicos", "path": "C:/Users/ACER/Desktop/mapa_unipe/predios_unipe.shp" }, "geometry": { "type": "MultiPolygon", "coordinates": [ [ [ [ -34.852109991286504, -7.158755010148184 ], [ -34.852125982493263, -7.158739962293497 ], [ -34.852085648593622, -7.15869776831612 ], [ -34.852001870714943, -7.15877660572446 ], [ -34.852042185728187, -7.158818815720537 ], [ -34.852057218947451, -7.158804669341824 ], [ -34.852069957442417, -7.158817484525569 ], [ -34.852121816362249, -7.158766906414999 ], [ -34.852109991286504, -7.158755010148184 ] ] ] ] } },
{ "type": "Feature", "properties": { "id": 6, "tipo": null, "nome": null, "layer": "predios_academicos", "path": "C:/Users/ACER/Desktop/mapa_unipe/predios_unipe.shp" }, "geometry": { "type": "MultiPolygon", "coordinates": [ [ [ [ -34.852552489063342, -7.15857205786491 ], [ -34.852600145623327, -7.158620364480548 ], [ -34.852770608848516, -7.158463346814981 ], [ -34.852724528218609, -7.158414803055676 ], [ -34.852552489063342, -7.15857205786491 ] ] ] ] } },
{ "type": "Feature", "properties": { "id": 6, "tipo": null, "nome": null, "layer": "predios_academicos", "path": "C:/Users/ACER/Desktop/mapa_unipe/predios_unipe.shp" }, "geometry": { "type": "MultiPolygon", "coordinates": [ [ [ [ -34.85253675648449, -7.158556216591349 ], [ -34.85245549533952, -7.158638600649613 ], [ -34.852580253790514, -7.158765204412192 ], [ -34.852663348145633, -7.158684444042404 ], [ -34.85253675648449, -7.158556216591349 ] ] ] ] } },
{ "type": "Feature", "properties": { "id": 6, "tipo": null, "nome": null, "layer": "predios_academicos", "path": "C:/Users/ACER/Desktop/mapa_unipe/predios_unipe.shp" }, "geometry": { "type": "MultiPolygon", "coordinates": [ [ [ [ -34.852463534547091, -7.158647353382446 ], [ -34.85204343998695, -7.159059107437849 ], [ -34.852101771408904, -7.15911714635142 ], [ -34.852523236680611, -7.158707656818698 ], [ -34.852522585170526, -7.158706998746937 ], [ -34.852463534547091, -7.158647353382446 ] ] ] ] } },
{ "type": "Feature", "properties": { "id": 6, "tipo": null, "nome": null, "layer": "predios_academicos", "path": "C:/Users/ACER/Desktop/mapa_unipe/predios_unipe.shp" }, "geometry": { "type": "MultiPolygon", "coordinates": [ [ [ [ -34.852290620734919, -7.158687425264565 ], [ -34.852290620734813, -7.158687425264667 ], [ -34.852290620734323, -7.158687425265159 ], [ -34.852236343550032, -7.158741415109906 ], [ -34.852301584752333, -7.158806087890294 ], [ -34.852356209667029, -7.158752547483138 ], [ -34.852290620734919, -7.158687425264565 ] ] ] ] } },
{ "type": "Feature", "properties": { "id": 1, "tipo": "predio", "nome": "Bloco A", "layer": "predios_academicos", "path": "C:/Users/ACER/Desktop/mapa_unipe/predios_unipe.shp" }, "geometry": { "type": "MultiPolygon", "coordinates": [ [ [ [ -34.855053525499869, -7.159861714556417 ], [ -34.855087022408462, -7.159733504695852 ], [ -34.854371442683664, -7.159549452068617 ], [ -34.854337945775079, -7.159677661980917 ], [ -34.855053525499869, -7.159861714556417 ] ] ] ] } },
{ "type": "Feature", "properties": { "id": 1, "tipo": "predio", "nome": "bloco a", "layer": "predios_academicos", "path": "C:/Users/ACER/Desktop/mapa_unipe/predios_unipe.shp" }, "geometry": { "type": "MultiPolygon", "coordinates": [ [ [ [ -34.854316534589032, -7.159672159821685 ], [ -34.854350032379806, -7.159543950496793 ], [ -34.853680727837492, -7.159371794809655 ], [ -34.853647230046718, -7.159500004182926 ], [ -34.854316534589032, -7.159672159821685 ] ] ] ] } },
{ "type": "Feature", "properties": { "id": 1, "tipo": "predio", "nome": "bloco c", "layer": "predios_academicos", "path": "C:/Users/ACER/Desktop/mapa_unipe/predios_unipe.shp" }, "geometry": { "type": "MultiPolygon", "coordinates": [ [ [ [ -34.855168224324572, -7.159428474074111 ], [ -34.855202110733792, -7.159300478226275 ], [ -34.854486033666774, -7.159113844144169 ], [ -34.854452147257547, -7.159241840044361 ], [ -34.855168224324572, -7.159428474074111 ] ] ] ] } },
{ "type": "Feature", "properties": { "id": 1, "tipo": "predio", "nome": "bloco c", "layer": "predios_academicos", "path": "C:/Users/ACER/Desktop/mapa_unipe/predios_unipe.shp" }, "geometry": { "type": "MultiPolygon", "coordinates": [ [ [ [ -34.854463910975419, -7.159108078215859 ], [ -34.853715060094643, -7.158912902076999 ], [ -34.853681173685423, -7.159040898033513 ], [ -34.854430024566206, -7.159236074117602 ], [ -34.854463910975419, -7.159108078215859 ] ] ] ] } },
{ "type": "Feature", "properties": { "id": null, "tipo": null, "nome": null, "layer": "predios_comerciais", "path": "C:/Users/ACER/Desktop/mapa_unipe/predios_comerciais.shp" }, "geometry": { "type": "MultiPolygon", "coordinates": [ [ [ [ -34.853614870829418, -7.158390440414733 ], [ -34.853555524536702, -7.158375102355397 ], [ -34.853527594731389, -7.158481490757439 ], [ -34.853587515179079, -7.158496977203593 ], [ -34.853615444984413, -7.158390588805172 ], [ -34.853614870829418, -7.158390440414733 ] ] ] ] } },
{ "type": "Feature", "properties": { "id": null, "tipo": null, "nome": null, "layer": "predios_comerciais", "path": "C:/Users/ACER/Desktop/mapa_unipe/predios_comerciais.shp" }, "geometry": { "type": "MultiPolygon", "coordinates": [ [ [ [ -34.855325883088703, -7.15931791905451 ], [ -34.855242297999943, -7.15929663169056 ], [ -34.855218280603737, -7.159387466788862 ], [ -34.855301749470598, -7.159409193706042 ], [ -34.855325883088703, -7.15931791905451 ] ] ] ] } },
{ "type": "Feature", "properties": { "id": null, "tipo": null, "nome": null, "layer": "predios_comerciais", "path": "C:/Users/ACER/Desktop/mapa_unipe/predios_comerciais.shp" }, "geometry": { "type": "MultiPolygon", "coordinates": [ [ [ [ -34.856001138551179, -7.159400179316521 ], [ -34.855900594120655, -7.15937659692721 ], [ -34.855890425363633, -7.1594192784056 ], [ -34.855990970130165, -7.159442860868568 ], [ -34.856001138551179, -7.159400179316521 ] ] ] ] } },
{ "type": "Feature", "properties": { "id": null, "tipo": null, "nome": null, "layer": "predios_comerciais", "path": "C:/Users/ACER/Desktop/mapa_unipe/predios_comerciais.shp" }, "geometry": { "type": "MultiPolygon", "coordinates": [ [ [ [ -34.855836338081879, -7.158672779307438 ], [ -34.85587871586948, -7.158576540454058 ], [ -34.855830234150076, -7.158555524417006 ], [ -34.855787857791668, -7.158651763987559 ], [ -34.855836338081879, -7.158672779307438 ] ] ] ] } },
{ "type": "Feature", "properties": { "id": null, "tipo": null, "nome": null, "layer": "predios_comerciais", "path": "C:/Users/ACER/Desktop/mapa_unipe/predios_comerciais.shp" }, "geometry": { "type": "MultiPolygon", "coordinates": [ [ [ [ -34.854722891671059, -7.158457931635211 ], [ -34.854738920167108, -7.158392692609921 ], [ -34.854673410055476, -7.158376847441948 ], [ -34.854657374965917, -7.158442113306346 ], [ -34.854722891671059, -7.158457931635211 ] ] ] ] } },
{ "type": "Feature", "properties": { "id": null, "tipo": null, "nome": null, "layer": "predios_comerciais", "path": "C:/Users/ACER/Desktop/mapa_unipe/predios_comerciais.shp" }, "geometry": { "type": "MultiPolygon", "coordinates": [ [ [ [ -34.85344998499167, -7.160463286358051 ], [ -34.853466569632957, -7.160397273047242 ], [ -34.853429891035759, -7.160388266802957 ], [ -34.853413419081015, -7.160454307784676 ], [ -34.85344998499167, -7.160463286358051 ] ] ] ] } }
]
}
