2026-01-07 10:43:16.406 [main] INFO  i.d.core.server.DefaultServerFactory - Registering jersey handler with root path prefix: /
2026-01-07 10:43:16.409 [main] INFO  i.d.core.server.DefaultServerFactory - Registering admin handler with root path prefix: /
2026-01-07 10:43:16.694 [main] INFO  io.dropwizard.assets.AssetsBundle - Registering AssetBundle with name: assets for path /maps/*
2026-01-07 10:43:16.696 [main] INFO  io.dropwizard.assets.AssetsBundle - Registering AssetBundle with name: webjars for path /webjars/*
2026-01-07 10:43:16.704 [main] INFO  i.d.core.server.ServerFactory - Starting GraphHopperApplication
                        _     _
   __ _ _ __ __ _ _ __ | |__ | |__   ___  _ __  _ __   ___ _ __
  / _` | '__/ _` | '_ \| '_ \| '_ \ / _ \| '_ \| '_ \ / _ \ '__|
 | (_| | | | (_| | |_) | | | | | | | (_) | |_) | |_) |  __/ |
  \__, |_|  \__,_| .__/|_| |_|_| |_|\___/| .__/| .__/ \___|_|
  |___/          |_|                     |_|   |_|
2026-01-07 10:43:16.810 [main] INFO  o.e.jetty.setuid.SetUIDListener - Opened application@64693226{HTTP/1.1, (http/1.1)}{localhost:8989}
2026-01-07 10:43:16.810 [main] INFO  o.e.jetty.setuid.SetUIDListener - Opened admin@1c758545{HTTP/1.1, (http/1.1)}{localhost:8990}
2026-01-07 10:43:16.813 [main] INFO  org.eclipse.jetty.server.Server - jetty-10.0.23; built: 2024-08-14T01:14:42.815Z; git: 570aa4a1395ca8f9f800045f3a1fe5fe3af9a598; jvm 17.0.12+8-LTS-286
2026-01-07 10:43:17.114 [main] INFO  com.graphhopper.GraphHopper - version 10.0|2024-11-04T16:04:43Z (9,23,7,5,2,9)
2026-01-07 10:43:17.132 [main] INFO  com.graphhopper.GraphHopper - graph foot|RAM_STORE|2D|no_turn_cost|nodes:9,edges:23,geometry:7,location_index:5,string_index:2,nodesCH:0,shortcuts:9, details:edges: 196(1MB), nodes: 208(1MB), bounds: -34.8580337,-34.8522197,-7.1609484,-7.1561425, name:(1MB), geo:1,605/-1(1MB)
2026-01-07 10:43:17.150 [main] INFO  c.g.http.GraphHopperManaged - loaded graph at:graph-cache-unipe, data_reader_file:caminhos_unipe.osm, encoded values:["{\"className\":\"com.graphhopper.routing.ev.SimpleBooleanEncodedValue\",\"name\":\"foot_access\",\"bits\":1,\"min_storable_value\":0,\"max_storable_value\":1,\"max_value\":1,\"negate_reverse_direction\":false,\"store_two_directions\":true,\"fwd_data_index\":0,\"bwd_data_index\":0,\"fwd_shift\":0,\"bwd_shift\":1,\"fwd_mask\":1,\"bwd_mask\":2}","{\"className\":\"com.graphhopper.routing.ev.DecimalEncodedValueImpl\",\"name\":\"foot_average_speed\",\"bits\":4,\"min_storable_value\":0,\"max_storable_value\":15,\"max_value\":5,\"negate_reverse_direction\":false,\"store_two_directions\":false,\"fwd_data_index\":0,\"bwd_data_index\":0,\"fwd_shift\":2,\"bwd_shift\":-1,\"fwd_mask\":60,\"bwd_mask\":0,\"factor\":1.0,\"use_maximum_as_infinity\":false}","{\"className\":\"com.graphhopper.routing.ev.EnumEncodedValue\",\"name\":\"road_class\",\"bits\":5,\"min_storable_value\":0,\"max_storable_value\":31,\"max_value\":16,\"negate_reverse_direction\":false,\"store_two_directions\":false,\"fwd_data_index\":0,\"bwd_data_index\":0,\"fwd_shift\":6,\"bwd_shift\":-1,\"fwd_mask\":1984,\"bwd_mask\":0,\"enum_type\":\"com.graphhopper.routing.ev.RoadClass\"}","{\"className\":\"com.graphhopper.routing.ev.EnumEncodedValue\",\"name\":\"road_environment\",\"bits\":3,\"min_storable_value\":0,\"max_storable_value\":7,\"max_value\":1,\"negate_reverse_direction\":false,\"store_two_directions\":false,\"fwd_data_index\":0,\"bwd_data_index\":0,\"fwd_shift\":11,\"bwd_shift\":-1,\"fwd_mask\":14336,\"bwd_mask\":0,\"enum_type\":\"com.graphhopper.routing.ev.RoadEnvironment\"}","{\"className\":\"com.graphhopper.routing.ev.SimpleBooleanEncodedValue\",\"name\":\"roundabout\",\"bits\":1,\"min_storable_value\":0,\"max_storable_value\":1,\"max_value\":-2147483648,\"negate_reverse_direction\":false,\"store_two_directions\":false,\"fwd_data_index\":0,\"bwd_data_index\":0,\"fwd_shift\":14,\"bwd_shift\":-1,\"fwd_mask\":16384,\"bwd_mask\":0}","{\"className\":\"com.graphhopper.routing.ev.SimpleBooleanEncodedValue\",\"name\":\"road_class_link\",\"bits\":1,\"min_storable_value\":0,\"max_storable_value\":1,\"max_value\":-2147483648,\"negate_reverse_direction\":false,\"store_two_directions\":false,\"fwd_data_index\":0,\"bwd_data_index\":0,\"fwd_shift\":15,\"bwd_shift\":-1,\"fwd_mask\":32768,\"bwd_mask\":0}","{\"className\":\"com.graphhopper.routing.ev.DecimalEncodedValueImpl\",\"name\":\"max_speed\",\"bits\":7,\"min_storable_value\":0,\"max_storable_value\":127,\"max_value\":127,\"negate_reverse_direction\":false,\"store_two_directions\":true,\"fwd_data_index\":0,\"bwd_data_index\":0,\"fwd_shift\":16,\"bwd_shift\":23,\"fwd_mask\":8323072,\"bwd_mask\":1065353216,\"factor\":2.0,\"use_maximum_as_infinity\":true}","{\"className\":\"com.graphhopper.routing.ev.DecimalEncodedValueImpl\",\"name\":\"ferry_speed\",\"bits\":5,\"min_storable_value\":0,\"max_storable_value\":31,\"max_value\":-2147483648,\"negate_reverse_direction\":false,\"store_two_directions\":false,\"fwd_data_index\":1,\"bwd_data_index\":0,\"fwd_shift\":0,\"bwd_shift\":-1,\"fwd_mask\":31,\"bwd_mask\":0,\"factor\":2.0,\"use_maximum_as_infinity\":false}","{\"className\":\"com.graphhopper.routing.ev.SimpleBooleanEncodedValue\",\"name\":\"foot_subnetwork\",\"bits\":1,\"min_storable_value\":0,\"max_storable_value\":1,\"max_value\":1,\"negate_reverse_direction\":false,\"store_two_directions\":false,\"fwd_data_index\":1,\"bwd_data_index\":0,\"fwd_shift\":5,\"bwd_shift\":-1,\"fwd_mask\":32,\"bwd_mask\":0}"], 5 bytes for edge flags, edges: 196(1MB), nodes: 208(1MB), bounds: -34.8580337,-34.8522197,-7.1609484,-7.1561425, name:(1MB), geo:1,605/-1(1MB)
2026-01-07 10:43:17.479 [main] WARN  o.g.jersey.internal.inject.Providers - A provider com.codahale.metrics.health.HealthCheckRegistry registered in SERVER runtime does not implement any provider interfaces applicable in the SERVER runtime. Due to constraint configuration problems the provider com.codahale.metrics.health.HealthCheckRegistry will be ignored. 
2026-01-07 10:43:17.619 [main] INFO  i.d.jersey.DropwizardResourceConfig - The following paths were found for the configured resources:

    GET     / (com.graphhopper.application.resources.RootResource)
    GET     /health (com.graphhopper.resources.HealthCheckResource)
    GET     /i18n (com.graphhopper.resources.I18NResource)
    GET     /i18n/{locale} (com.graphhopper.resources.I18NResource)
    GET     /info (com.graphhopper.resources.InfoResource)
    GET     /isochrone (com.graphhopper.resources.IsochroneResource)
    POST    /match (com.graphhopper.resources.MapMatchingResource)
    GET     /mvt/{z}/{x}/{y}.mvt (com.graphhopper.resources.MVTResource)
    GET     /navigate/directions/v5/gh/{profile}/{coordinatesArray : .+} (com.graphhopper.navigation.NavigateResource)
    GET     /nearest (com.graphhopper.resources.NearestResource)
    GET     /route (com.graphhopper.resources.RouteResource)
    POST    /route (com.graphhopper.resources.RouteResource)
    GET     /spt (com.graphhopper.resources.SPTResource)

2026-01-07 10:43:17.622 [main] INFO  o.e.j.server.handler.ContextHandler - Started i.d.j.MutableServletContextHandler@6b8d54da{/,null,AVAILABLE}
2026-01-07 10:43:17.628 [main] INFO  i.d.core.setup.AdminEnvironment - tasks = 

    POST    /tasks/log-level (io.dropwizard.servlets.tasks.LogConfigurationTask)
    POST    /tasks/gc (io.dropwizard.servlets.tasks.GarbageCollectionTask)

2026-01-07 10:43:17.628 [main] INFO  o.e.j.server.handler.ContextHandler - Started i.d.j.MutableServletContextHandler@1d6a8386{/,null,AVAILABLE}
2026-01-07 10:43:17.689 [main] INFO  o.e.jetty.server.AbstractConnector - Started application@64693226{HTTP/1.1, (http/1.1)}{localhost:8989}
2026-01-07 10:43:17.696 [main] INFO  o.e.jetty.server.AbstractConnector - Started admin@1c758545{HTTP/1.1, (http/1.1)}{localhost:8990}
2026-01-07 10:43:17.698 [main] INFO  org.eclipse.jetty.server.Server - Started Server@5524b72f{STARTING}[10.0.23,sto=30000] @2428ms
2026-01-07 10:45:59.491 [pool-3-thread-12 - GET /route?point=-7.159,-34.855&point=-7.158689125458933,-34.85387921333314&profile=foot&points_encoded=false] INFO  c.g.resources.RouteResource - 127.0.0.1 * node [-7.159,-34.855, -7.158689125458933,-34.85387921333314], took: 56,5ms, algo: , profile: foot, alternatives: 1, distance0: 128.3770867151286, weight0: 92.4315024348926, time0: 2min, points0: 2, debugInfo: idLookup:0.0161432s; , algoInit:5283 ?s, astarbi|beeline-routing:3 ms, path extraction: 865 ?s, visited nodes sum: 2
2026-01-07 10:46:01.301 [pool-3-thread-2 - GET /route?point=-7.159,-34.855&point=-7.159530095700561,-34.85436201095582&profile=foot&points_encoded=false] INFO  c.g.resources.RouteResource - 127.0.0.1 * node [-7.159,-34.855, -7.159530095700561,-34.85436201095582], took: 5,6ms, algo: , profile: foot, alternatives: 1, distance0: 268.3557443458035, weight0: 193.21613592897853, time0: 3min, points0: 4, debugInfo: idLookup:0.00139s; , algoInit:120 ?s, astarbi|beeline-routing:2 ms, path extraction: 23 ?s, visited nodes sum: 8
2026-01-07 10:46:14.771 [pool-3-thread-3 - GET /route?point=-7.159,-34.855&point=-7.159386385705817,-34.85632002353669&profile=foot&points_encoded=false] INFO  c.g.resources.RouteResource - 127.0.0.1 * node [-7.159,-34.855, -7.159386385705817,-34.85632002353669], took: 1,9ms, algo: , profile: foot, alternatives: 1, distance0: 341.57673848484285, weight0: 245.93525170908688, time0: 4min, points0: 5, debugInfo: idLookup:7.507E-4s; , algoInit:103 ?s, astarbi|beeline-routing:0 ms, path extraction: 35 ?s, visited nodes sum: 6
2026-01-07 10:46:23.978 [pool-3-thread-7 - GET /route?point=-7.159,-34.855&point=-7.159386385705817,-34.85632002353669&profile=foot&points_encoded=false] INFO  c.g.resources.RouteResource - 127.0.0.1 * node [-7.159,-34.855, -7.159386385705817,-34.85632002353669], took: 5,3ms, algo: , profile: foot, alternatives: 1, distance0: 341.57673848484285, weight0: 245.93525170908688, time0: 4min, points0: 5, debugInfo: idLookup:0.0039783s; , algoInit:155 ?s, astarbi|beeline-routing:0 ms, path extraction: 29 ?s, visited nodes sum: 6
2026-01-07 10:48:37.042 [pool-3-thread-3 - GET /route?point=-7.159,-34.855&point=-7.159428966449722,-34.85430836677552&profile=foot&points_encoded=false] INFO  c.g.resources.RouteResource - 127.0.0.1 * node [-7.159,-34.855, -7.159428966449722,-34.85430836677552], took: 1,6ms, algo: , profile: foot, alternatives: 1, distance0: 276.97379539178786, weight0: 199.4211326820873, time0: 3min, points0: 4, debugInfo: idLookup:5.894E-4s; , algoInit:112 ?s, astarbi|beeline-routing:0 ms, path extraction: 14 ?s, visited nodes sum: 14
2026-01-07 11:07:11.607 [JettyShutdownThread] INFO  org.eclipse.jetty.server.Server - Stopped Server@5524b72f{STOPPING}[10.0.23,sto=30000]
2026-01-07 11:07:11.607 [JettyShutdownThread] INFO  org.eclipse.jetty.server.Server - Shutdown Server@5524b72f{STOPPING}[10.0.23,sto=30000]
2026-01-07 11:07:11.628 [JettyShutdownThread] INFO  o.e.jetty.server.AbstractConnector - Stopped application@64693226{HTTP/1.1, (http/1.1)}{localhost:8989}
2026-01-07 11:07:11.629 [JettyShutdownThread] INFO  o.e.jetty.server.AbstractConnector - Stopped admin@1c758545{HTTP/1.1, (http/1.1)}{localhost:8990}
2026-01-07 11:07:11.630 [JettyShutdownThread] INFO  o.e.j.server.handler.ContextHandler - Stopped i.d.j.MutableServletContextHandler@1d6a8386{/,null,STOPPED}
2026-01-07 11:07:11.634 [JettyShutdownThread] INFO  o.e.j.server.handler.ContextHandler - Stopped i.d.j.MutableServletContextHandler@6b8d54da{/,null,STOPPED}
2026-01-07 11:41:32.920 [main] INFO  i.d.core.server.DefaultServerFactory - Registering jersey handler with root path prefix: /
2026-01-07 11:41:32.924 [main] INFO  i.d.core.server.DefaultServerFactory - Registering admin handler with root path prefix: /
2026-01-07 11:41:33.172 [main] INFO  io.dropwizard.assets.AssetsBundle - Registering AssetBundle with name: assets for path /maps/*
2026-01-07 11:41:33.174 [main] INFO  io.dropwizard.assets.AssetsBundle - Registering AssetBundle with name: webjars for path /webjars/*
2026-01-07 11:41:33.182 [main] INFO  i.d.core.server.ServerFactory - Starting GraphHopperApplication
                        _     _
   __ _ _ __ __ _ _ __ | |__ | |__   ___  _ __  _ __   ___ _ __
  / _` | '__/ _` | '_ \| '_ \| '_ \ / _ \| '_ \| '_ \ / _ \ '__|
 | (_| | | | (_| | |_) | | | | | | | (_) | |_) | |_) |  __/ |
  \__, |_|  \__,_| .__/|_| |_|_| |_|\___/| .__/| .__/ \___|_|
  |___/          |_|                     |_|   |_|
2026-01-07 11:41:33.292 [main] INFO  o.e.jetty.setuid.SetUIDListener - Opened application@64693226{HTTP/1.1, (http/1.1)}{localhost:8989}
2026-01-07 11:41:33.292 [main] INFO  o.e.jetty.setuid.SetUIDListener - Opened admin@1c758545{HTTP/1.1, (http/1.1)}{localhost:8990}
2026-01-07 11:41:33.294 [main] INFO  org.eclipse.jetty.server.Server - jetty-10.0.23; built: 2024-08-14T01:14:42.815Z; git: 570aa4a1395ca8f9f800045f3a1fe5fe3af9a598; jvm 17.0.12+8-LTS-286
2026-01-07 11:41:33.307 [main] INFO  com.graphhopper.GraphHopper - version 10.0|2024-11-04T16:04:43Z (9,23,7,5,2,9)
2026-01-07 11:41:33.610 [main] INFO  com.graphhopper.GraphHopper - No custom areas are used, custom_areas.directory not given
2026-01-07 11:41:33.633 [main] INFO  com.graphhopper.GraphHopper - No country rules available
2026-01-07 11:41:33.633 [main] INFO  com.graphhopper.GraphHopper - start creating graph from caminhos_unipe.osm
2026-01-07 11:41:33.694 [main] INFO  com.graphhopper.GraphHopper - using foot|RAM_STORE|2D|no_turn_cost|nodes:9,edges:23,geometry:7,location_index:5,string_index:2,nodesCH:0,shortcuts:9, memory:totalMB:54, usedMB:31
2026-01-07 11:41:33.709 [main] INFO  c.g.reader.osm.WaySegmentParser - Start reading OSM file: 'caminhos_unipe.osm'
2026-01-07 11:41:33.709 [main] INFO  c.g.reader.osm.WaySegmentParser - pass1 - start
2026-01-07 11:41:33.775 [main] INFO  c.g.reader.osm.WaySegmentParser - pass1 - start reading OSM ways
2026-01-07 11:41:33.784 [main] INFO  c.g.reader.osm.WaySegmentParser - pass1 - finished, processed ways: 136, accepted ways: 136, way nodes: 423, relations: 0, totalMB:54, usedMB:31
2026-01-07 11:41:33.785 [main] INFO  c.g.reader.osm.WaySegmentParser - pass1 - finished, took: 75,19ms
2026-01-07 11:41:33.788 [main] INFO  c.g.reader.osm.WaySegmentParser - Creating graph. Node count (pillar+tower): 423, totalMB:54, usedMB:31
2026-01-07 11:41:33.788 [main] INFO  c.g.reader.osm.WaySegmentParser - pass2 - start
2026-01-07 11:41:33.790 [main] INFO  c.g.reader.osm.WaySegmentParser - pass2 - start reading OSM nodes
2026-01-07 11:41:33.795 [main] INFO  c.g.reader.osm.WaySegmentParser - pass2 - start reading OSM ways
2026-01-07 11:41:33.848 [main] INFO  c.g.reader.osm.WaySegmentParser - pass2 - finished, processed ways: 136, way nodes: 423, nodes with tags: 0, node tag capacity: 1,056,768, ignored barriers at junctions: 0
2026-01-07 11:41:33.848 [main] INFO  c.g.reader.osm.WaySegmentParser - pass2 - finished, took: 59,96ms
2026-01-07 11:41:33.853 [main] INFO  c.g.reader.osm.WaySegmentParser - Finished reading OSM file. pass1: 0s,  pass2: 0s,  total: 0s
2026-01-07 11:41:33.853 [main] INFO  c.graphhopper.reader.osm.OSMReader - Finished reading OSM file: C:\dev\NodeJs\Uniclass\backend\graphHopper_server\caminhos_unipe.osm, nodes: 208, edges: 196, zero distance edges: 0
2026-01-07 11:41:33.866 [main] INFO  c.g.r.s.PrepareRoutingSubnetworks - Start marking subnetworks, prepare.min_network_size: 200, threads: 1, nodes: 208, edges: 196, jobs: [foot_subnetwork|com.graphhopper.routing.weighting.custom.CustomWeighting@5f96f6a2], totalMB:54, usedMB:33
2026-01-07 11:41:33.898 [ForkJoinPool-1-worker-1] INFO  c.g.r.s.PrepareRoutingSubnetworks - foot - Found 43 subnetworks (0 single edges and 43 components with more than one edge, total nodes: 392), took: 0.0125783s
2026-01-07 11:41:33.906 [ForkJoinPool-1-worker-1] INFO  c.g.r.s.PrepareRoutingSubnetworks - foot - Marked 42 subnetworks (biggest: 52 edges) -> 1 components(s) remain (smallest: 162, biggest: 162 edges), total marked edges: 115, took: 0.0026959s
2026-01-07 11:41:33.909 [main] INFO  c.g.r.s.PrepareRoutingSubnetworks - Finished finding and marking subnetworks for 1 jobs, took: 0.0475956s, totalMB:54, usedMB:35
2026-01-07 11:41:33.910 [main] INFO  com.graphhopper.GraphHopper - nodes: 208, edges: 196
2026-01-07 11:41:33.956 [main] INFO  c.g.storage.index.LocationIndexTree - location index created in 0.0159813s, size:221, leafs:4, precision:300, depth:1, checksum:20, entries:[4], entriesPerLeaf:55.25
2026-01-07 11:41:33.968 [main] INFO  com.graphhopper.GraphHopper - flushing graph foot|RAM_STORE|2D|no_turn_cost|nodes:9,edges:23,geometry:7,location_index:5,string_index:2,nodesCH:0,shortcuts:9, details:edges: 196(1MB), nodes: 208(1MB), bounds: -34.8580337,-34.85221974458527,-7.1609484,-7.1561425, name:(1MB), geo:1,605/-1(1MB), totalMB:54, usedMB:29)
2026-01-07 11:41:33.981 [main] INFO  com.graphhopper.GraphHopper - flushed graph totalMB:54, usedMB:32)
2026-01-07 11:41:33.984 [main] INFO  c.g.http.GraphHopperManaged - loaded graph at:graph-cache-unipe, data_reader_file:caminhos_unipe.osm, encoded values:["{\"className\":\"com.graphhopper.routing.ev.SimpleBooleanEncodedValue\",\"name\":\"foot_access\",\"bits\":1,\"min_storable_value\":0,\"max_storable_value\":1,\"max_value\":1,\"negate_reverse_direction\":false,\"store_two_directions\":true,\"fwd_data_index\":0,\"bwd_data_index\":0,\"fwd_shift\":0,\"bwd_shift\":1,\"fwd_mask\":1,\"bwd_mask\":2}","{\"className\":\"com.graphhopper.routing.ev.DecimalEncodedValueImpl\",\"name\":\"foot_average_speed\",\"bits\":4,\"min_storable_value\":0,\"max_storable_value\":15,\"max_value\":5,\"negate_reverse_direction\":false,\"store_two_directions\":false,\"fwd_data_index\":0,\"bwd_data_index\":0,\"fwd_shift\":2,\"bwd_shift\":-1,\"fwd_mask\":60,\"bwd_mask\":0,\"factor\":1.0,\"use_maximum_as_infinity\":false}","{\"className\":\"com.graphhopper.routing.ev.EnumEncodedValue\",\"name\":\"road_class\",\"bits\":5,\"min_storable_value\":0,\"max_storable_value\":31,\"max_value\":16,\"negate_reverse_direction\":false,\"store_two_directions\":false,\"fwd_data_index\":0,\"bwd_data_index\":0,\"fwd_shift\":6,\"bwd_shift\":-1,\"fwd_mask\":1984,\"bwd_mask\":0,\"enum_type\":\"com.graphhopper.routing.ev.RoadClass\"}","{\"className\":\"com.graphhopper.routing.ev.EnumEncodedValue\",\"name\":\"road_environment\",\"bits\":3,\"min_storable_value\":0,\"max_storable_value\":7,\"max_value\":1,\"negate_reverse_direction\":false,\"store_two_directions\":false,\"fwd_data_index\":0,\"bwd_data_index\":0,\"fwd_shift\":11,\"bwd_shift\":-1,\"fwd_mask\":14336,\"bwd_mask\":0,\"enum_type\":\"com.graphhopper.routing.ev.RoadEnvironment\"}","{\"className\":\"com.graphhopper.routing.ev.SimpleBooleanEncodedValue\",\"name\":\"roundabout\",\"bits\":1,\"min_storable_value\":0,\"max_storable_value\":1,\"max_value\":-2147483648,\"negate_reverse_direction\":false,\"store_two_directions\":false,\"fwd_data_index\":0,\"bwd_data_index\":0,\"fwd_shift\":14,\"bwd_shift\":-1,\"fwd_mask\":16384,\"bwd_mask\":0}","{\"className\":\"com.graphhopper.routing.ev.SimpleBooleanEncodedValue\",\"name\":\"road_class_link\",\"bits\":1,\"min_storable_value\":0,\"max_storable_value\":1,\"max_value\":-2147483648,\"negate_reverse_direction\":false,\"store_two_directions\":false,\"fwd_data_index\":0,\"bwd_data_index\":0,\"fwd_shift\":15,\"bwd_shift\":-1,\"fwd_mask\":32768,\"bwd_mask\":0}","{\"className\":\"com.graphhopper.routing.ev.DecimalEncodedValueImpl\",\"name\":\"max_speed\",\"bits\":7,\"min_storable_value\":0,\"max_storable_value\":127,\"max_value\":127,\"negate_reverse_direction\":false,\"store_two_directions\":true,\"fwd_data_index\":0,\"bwd_data_index\":0,\"fwd_shift\":16,\"bwd_shift\":23,\"fwd_mask\":8323072,\"bwd_mask\":1065353216,\"factor\":2.0,\"use_maximum_as_infinity\":true}","{\"className\":\"com.graphhopper.routing.ev.DecimalEncodedValueImpl\",\"name\":\"ferry_speed\",\"bits\":5,\"min_storable_value\":0,\"max_storable_value\":31,\"max_value\":-2147483648,\"negate_reverse_direction\":false,\"store_two_directions\":false,\"fwd_data_index\":1,\"bwd_data_index\":0,\"fwd_shift\":0,\"bwd_shift\":-1,\"fwd_mask\":31,\"bwd_mask\":0,\"factor\":2.0,\"use_maximum_as_infinity\":false}","{\"className\":\"com.graphhopper.routing.ev.SimpleBooleanEncodedValue\",\"name\":\"foot_subnetwork\",\"bits\":1,\"min_storable_value\":0,\"max_storable_value\":1,\"max_value\":1,\"negate_reverse_direction\":false,\"store_two_directions\":false,\"fwd_data_index\":1,\"bwd_data_index\":0,\"fwd_shift\":5,\"bwd_shift\":-1,\"fwd_mask\":32,\"bwd_mask\":0}"], 5 bytes for edge flags, edges: 196(1MB), nodes: 208(1MB), bounds: -34.8580337,-34.85221974458527,-7.1609484,-7.1561425, name:(1MB), geo:1,605/-1(1MB)
2026-01-07 11:41:34.254 [main] WARN  o.g.jersey.internal.inject.Providers - A provider com.codahale.metrics.health.HealthCheckRegistry registered in SERVER runtime does not implement any provider interfaces applicable in the SERVER runtime. Due to constraint configuration problems the provider com.codahale.metrics.health.HealthCheckRegistry will be ignored. 
2026-01-07 11:41:34.395 [main] INFO  i.d.jersey.DropwizardResourceConfig - The following paths were found for the configured resources:

    GET     / (com.graphhopper.application.resources.RootResource)
    GET     /health (com.graphhopper.resources.HealthCheckResource)
    GET     /i18n (com.graphhopper.resources.I18NResource)
    GET     /i18n/{locale} (com.graphhopper.resources.I18NResource)
    GET     /info (com.graphhopper.resources.InfoResource)
    GET     /isochrone (com.graphhopper.resources.IsochroneResource)
    POST    /match (com.graphhopper.resources.MapMatchingResource)
    GET     /mvt/{z}/{x}/{y}.mvt (com.graphhopper.resources.MVTResource)
    GET     /navigate/directions/v5/gh/{profile}/{coordinatesArray : .+} (com.graphhopper.navigation.NavigateResource)
    GET     /nearest (com.graphhopper.resources.NearestResource)
    GET     /route (com.graphhopper.resources.RouteResource)
    POST    /route (com.graphhopper.resources.RouteResource)
    GET     /spt (com.graphhopper.resources.SPTResource)

2026-01-07 11:41:34.397 [main] INFO  o.e.j.server.handler.ContextHandler - Started i.d.j.MutableServletContextHandler@6812c8cc{/,null,AVAILABLE}
2026-01-07 11:41:34.404 [main] INFO  i.d.core.setup.AdminEnvironment - tasks = 

    POST    /tasks/log-level (io.dropwizard.servlets.tasks.LogConfigurationTask)
    POST    /tasks/gc (io.dropwizard.servlets.tasks.GarbageCollectionTask)

2026-01-07 11:41:34.405 [main] INFO  o.e.j.server.handler.ContextHandler - Started i.d.j.MutableServletContextHandler@93bf0e0{/,null,AVAILABLE}
2026-01-07 11:41:34.460 [main] INFO  o.e.jetty.server.AbstractConnector - Started application@64693226{HTTP/1.1, (http/1.1)}{localhost:8989}
2026-01-07 11:41:34.466 [main] INFO  o.e.jetty.server.AbstractConnector - Started admin@1c758545{HTTP/1.1, (http/1.1)}{localhost:8990}
2026-01-07 11:41:34.468 [main] INFO  org.eclipse.jetty.server.Server - Started Server@149c3204{STARTING}[10.0.23,sto=30000] @2576ms
2026-01-07 11:41:54.852 [pool-2-thread-12 - GET /route?point=-7.159,-34.855&point=-7.158886061667199,-34.85454976558686&profile=pedestrian&profile=foot&points_encoded=false] INFO  c.g.h.IllegalArgumentExceptionMapper - bad request: The requested profile 'pedestrian' does not exist.
Available profiles: [foot]
java.lang.IllegalArgumentException: The requested profile 'pedestrian' does not exist.
Available profiles: [foot]
	at com.graphhopper.http.ProfileResolver.resolveProfile(ProfileResolver.java:46)
	at com.graphhopper.resources.RouteResource.doGet(RouteResource.java:151)
	at java.base/jdk.internal.reflect.NativeMethodAccessorImpl.invoke0(Native Method)
	at java.base/jdk.internal.reflect.NativeMethodAccessorImpl.invoke(NativeMethodAccessorImpl.java:77)
	at java.base/jdk.internal.reflect.DelegatingMethodAccessorImpl.invoke(DelegatingMethodAccessorImpl.java:43)
	at java.base/java.lang.reflect.Method.invoke(Method.java:568)
	at org.glassfish.jersey.server.model.internal.ResourceMethodInvocationHandlerFactory.lambda$static$0(ResourceMethodInvocationHandlerFactory.java:52)
	at org.glassfish.jersey.server.model.internal.AbstractJavaResourceMethodDispatcher$1.run(AbstractJavaResourceMethodDispatcher.java:146)
	at org.glassfish.jersey.server.model.internal.AbstractJavaResourceMethodDispatcher.invoke(AbstractJavaResourceMethodDispatcher.java:189)
	at org.glassfish.jersey.server.model.internal.JavaResourceMethodDispatcherProvider$ResponseOutInvoker.doDispatch(JavaResourceMethodDispatcherProvider.java:176)
	at org.glassfish.jersey.server.model.internal.AbstractJavaResourceMethodDispatcher.dispatch(AbstractJavaResourceMethodDispatcher.java:93)
	at org.glassfish.jersey.server.model.ResourceMethodInvoker.invoke(ResourceMethodInvoker.java:478)
	at org.glassfish.jersey.server.model.ResourceMethodInvoker.apply(ResourceMethodInvoker.java:400)
	at org.glassfish.jersey.server.model.ResourceMethodInvoker.apply(ResourceMethodInvoker.java:81)
	at org.glassfish.jersey.server.ServerRuntime$1.run(ServerRuntime.java:256)
	at org.glassfish.jersey.internal.Errors$1.call(Errors.java:248)
	at org.glassfish.jersey.internal.Errors$1.call(Errors.java:244)
	at org.glassfish.jersey.internal.Errors.process(Errors.java:292)
	at org.glassfish.jersey.internal.Errors.process(Errors.java:274)
	at org.glassfish.jersey.internal.Errors.process(Errors.java:244)
	at org.glassfish.jersey.process.internal.RequestScope.runInScope(RequestScope.java:265)
	at org.glassfish.jersey.server.ServerRuntime.process(ServerRuntime.java:235)
	at org.glassfish.jersey.server.ApplicationHandler.handle(ApplicationHandler.java:684)
	at org.glassfish.jersey.servlet.WebComponent.serviceImpl(WebComponent.java:397)
	at org.glassfish.jersey.servlet.WebComponent.service(WebComponent.java:349)
	at org.glassfish.jersey.servlet.ServletContainer.service(ServletContainer.java:379)
	at org.glassfish.jersey.servlet.ServletContainer.service(ServletContainer.java:312)
	at org.glassfish.jersey.servlet.ServletContainer.service(ServletContainer.java:205)
	at org.eclipse.jetty.servlet.ServletHolder.handle(ServletHolder.java:764)
	at org.eclipse.jetty.servlet.ServletHandler$ChainEnd.doFilter(ServletHandler.java:1665)
	at io.dropwizard.servlets.ThreadNameFilter.doFilter(ThreadNameFilter.java:35)
	at org.eclipse.jetty.servlet.FilterHolder.doFilter(FilterHolder.java:202)
	at org.eclipse.jetty.servlet.ServletHandler$Chain.doFilter(ServletHandler.java:1635)
	at io.dropwizard.jersey.filter.AllowedMethodsFilter.handle(AllowedMethodsFilter.java:46)
	at io.dropwizard.jersey.filter.AllowedMethodsFilter.doFilter(AllowedMethodsFilter.java:40)
	at org.eclipse.jetty.servlet.FilterHolder.doFilter(FilterHolder.java:202)
	at org.eclipse.jetty.servlet.ServletHandler$Chain.doFilter(ServletHandler.java:1635)
	at com.graphhopper.http.CORSFilter.doFilter(CORSFilter.java:36)
	at org.eclipse.jetty.servlet.FilterHolder.doFilter(FilterHolder.java:202)
	at org.eclipse.jetty.servlet.ServletHandler$Chain.doFilter(ServletHandler.java:1635)
	at org.eclipse.jetty.servlet.ServletHandler.doHandle(ServletHandler.java:527)
	at org.eclipse.jetty.server.handler.ScopedHandler.nextHandle(ScopedHandler.java:221)
	at org.eclipse.jetty.server.handler.ContextHandler.doHandle(ContextHandler.java:1384)
	at org.eclipse.jetty.server.handler.ScopedHandler.nextScope(ScopedHandler.java:176)
	at org.eclipse.jetty.servlet.ServletHandler.doScope(ServletHandler.java:484)
	at org.eclipse.jetty.server.handler.ScopedHandler.nextScope(ScopedHandler.java:174)
	at org.eclipse.jetty.server.handler.ContextHandler.doScope(ContextHandler.java:1306)
	at org.eclipse.jetty.server.handler.ScopedHandler.handle(ScopedHandler.java:129)
	at org.eclipse.jetty.server.handler.HandlerWrapper.handle(HandlerWrapper.java:122)
	at io.dropwizard.metrics.jetty10.InstrumentedHandler.handle(InstrumentedHandler.java:314)
	at io.dropwizard.jetty.RoutingHandler.handle(RoutingHandler.java:52)
	at org.eclipse.jetty.server.handler.HandlerWrapper.handle(HandlerWrapper.java:122)
	at org.eclipse.jetty.server.handler.gzip.GzipHandler.handle(GzipHandler.java:822)
	at io.dropwizard.jetty.ZipExceptionHandlingGzipHandler.handle(ZipExceptionHandlingGzipHandler.java:26)
	at org.eclipse.jetty.server.handler.StatisticsHandler.handle(StatisticsHandler.java:173)
	at org.eclipse.jetty.server.handler.HandlerWrapper.handle(HandlerWrapper.java:122)
	at org.eclipse.jetty.server.Server.handle(Server.java:563)
	at org.eclipse.jetty.server.HttpChannel$RequestDispatchable.dispatch(HttpChannel.java:1598)
	at org.eclipse.jetty.server.HttpChannel.dispatch(HttpChannel.java:753)
	at org.eclipse.jetty.server.HttpChannel.handle(HttpChannel.java:501)
	at org.eclipse.jetty.server.HttpConnection.onFillable(HttpConnection.java:287)
	at org.eclipse.jetty.io.AbstractConnection$ReadCallback.succeeded(AbstractConnection.java:314)
	at org.eclipse.jetty.io.FillInterest.fillable(FillInterest.java:100)
	at org.eclipse.jetty.io.SelectableChannelEndPoint$1.run(SelectableChannelEndPoint.java:53)
	at org.eclipse.jetty.util.thread.QueuedThreadPool.runJob(QueuedThreadPool.java:969)
	at org.eclipse.jetty.util.thread.QueuedThreadPool$Runner.doRunJob(QueuedThreadPool.java:1194)
	at org.eclipse.jetty.util.thread.QueuedThreadPool$Runner.run(QueuedThreadPool.java:1149)
	at java.base/java.lang.Thread.run(Thread.java:842)
2026-01-07 11:41:55.809 [pool-2-thread-2 - GET /route?point=-7.159,-34.855&point=-7.159471547189645,-34.854410290718086&profile=pedestrian&profile=foot&points_encoded=false] INFO  c.g.h.IllegalArgumentExceptionMapper - bad request: The requested profile 'pedestrian' does not exist.
Available profiles: [foot]
java.lang.IllegalArgumentException: The requested profile 'pedestrian' does not exist.
Available profiles: [foot]
	at com.graphhopper.http.ProfileResolver.resolveProfile(ProfileResolver.java:46)
	at com.graphhopper.resources.RouteResource.doGet(RouteResource.java:151)
	at java.base/jdk.internal.reflect.NativeMethodAccessorImpl.invoke0(Native Method)
	at java.base/jdk.internal.reflect.NativeMethodAccessorImpl.invoke(NativeMethodAccessorImpl.java:77)
	at java.base/jdk.internal.reflect.DelegatingMethodAccessorImpl.invoke(DelegatingMethodAccessorImpl.java:43)
	at java.base/java.lang.reflect.Method.invoke(Method.java:568)
	at org.glassfish.jersey.server.model.internal.ResourceMethodInvocationHandlerFactory.lambda$static$0(ResourceMethodInvocationHandlerFactory.java:52)
	at org.glassfish.jersey.server.model.internal.AbstractJavaResourceMethodDispatcher$1.run(AbstractJavaResourceMethodDispatcher.java:146)
	at org.glassfish.jersey.server.model.internal.AbstractJavaResourceMethodDispatcher.invoke(AbstractJavaResourceMethodDispatcher.java:189)
	at org.glassfish.jersey.server.model.internal.JavaResourceMethodDispatcherProvider$ResponseOutInvoker.doDispatch(JavaResourceMethodDispatcherProvider.java:176)
	at org.glassfish.jersey.server.model.internal.AbstractJavaResourceMethodDispatcher.dispatch(AbstractJavaResourceMethodDispatcher.java:93)
	at org.glassfish.jersey.server.model.ResourceMethodInvoker.invoke(ResourceMethodInvoker.java:478)
	at org.glassfish.jersey.server.model.ResourceMethodInvoker.apply(ResourceMethodInvoker.java:400)
	at org.glassfish.jersey.server.model.ResourceMethodInvoker.apply(ResourceMethodInvoker.java:81)
	at org.glassfish.jersey.server.ServerRuntime$1.run(ServerRuntime.java:256)
	at org.glassfish.jersey.internal.Errors$1.call(Errors.java:248)
	at org.glassfish.jersey.internal.Errors$1.call(Errors.java:244)
	at org.glassfish.jersey.internal.Errors.process(Errors.java:292)
	at org.glassfish.jersey.internal.Errors.process(Errors.java:274)
	at org.glassfish.jersey.internal.Errors.process(Errors.java:244)
	at org.glassfish.jersey.process.internal.RequestScope.runInScope(RequestScope.java:265)
	at org.glassfish.jersey.server.ServerRuntime.process(ServerRuntime.java:235)
	at org.glassfish.jersey.server.ApplicationHandler.handle(ApplicationHandler.java:684)
	at org.glassfish.jersey.servlet.WebComponent.serviceImpl(WebComponent.java:397)
	at org.glassfish.jersey.servlet.WebComponent.service(WebComponent.java:349)
	at org.glassfish.jersey.servlet.ServletContainer.service(ServletContainer.java:379)
	at org.glassfish.jersey.servlet.ServletContainer.service(ServletContainer.java:312)
	at org.glassfish.jersey.servlet.ServletContainer.service(ServletContainer.java:205)
	at org.eclipse.jetty.servlet.ServletHolder.handle(ServletHolder.java:764)
	at org.eclipse.jetty.servlet.ServletHandler$ChainEnd.doFilter(ServletHandler.java:1665)
	at io.dropwizard.servlets.ThreadNameFilter.doFilter(ThreadNameFilter.java:35)
	at org.eclipse.jetty.servlet.FilterHolder.doFilter(FilterHolder.java:202)
	at org.eclipse.jetty.servlet.ServletHandler$Chain.doFilter(ServletHandler.java:1635)
	at io.dropwizard.jersey.filter.AllowedMethodsFilter.handle(AllowedMethodsFilter.java:46)
	at io.dropwizard.jersey.filter.AllowedMethodsFilter.doFilter(AllowedMethodsFilter.java:40)
	at org.eclipse.jetty.servlet.FilterHolder.doFilter(FilterHolder.java:202)
	at org.eclipse.jetty.servlet.ServletHandler$Chain.doFilter(ServletHandler.java:1635)
	at com.graphhopper.http.CORSFilter.doFilter(CORSFilter.java:36)
	at org.eclipse.jetty.servlet.FilterHolder.doFilter(FilterHolder.java:202)
	at org.eclipse.jetty.servlet.ServletHandler$Chain.doFilter(ServletHandler.java:1635)
	at org.eclipse.jetty.servlet.ServletHandler.doHandle(ServletHandler.java:527)
	at org.eclipse.jetty.server.handler.ScopedHandler.nextHandle(ScopedHandler.java:221)
	at org.eclipse.jetty.server.handler.ContextHandler.doHandle(ContextHandler.java:1384)
	at org.eclipse.jetty.server.handler.ScopedHandler.nextScope(ScopedHandler.java:176)
	at org.eclipse.jetty.servlet.ServletHandler.doScope(ServletHandler.java:484)
	at org.eclipse.jetty.server.handler.ScopedHandler.nextScope(ScopedHandler.java:174)
	at org.eclipse.jetty.server.handler.ContextHandler.doScope(ContextHandler.java:1306)
	at org.eclipse.jetty.server.handler.ScopedHandler.handle(ScopedHandler.java:129)
	at org.eclipse.jetty.server.handler.HandlerWrapper.handle(HandlerWrapper.java:122)
	at io.dropwizard.metrics.jetty10.InstrumentedHandler.handle(InstrumentedHandler.java:314)
	at io.dropwizard.jetty.RoutingHandler.handle(RoutingHandler.java:52)
	at org.eclipse.jetty.server.handler.HandlerWrapper.handle(HandlerWrapper.java:122)
	at org.eclipse.jetty.server.handler.gzip.GzipHandler.handle(GzipHandler.java:822)
	at io.dropwizard.jetty.ZipExceptionHandlingGzipHandler.handle(ZipExceptionHandlingGzipHandler.java:26)
	at org.eclipse.jetty.server.handler.StatisticsHandler.handle(StatisticsHandler.java:173)
	at org.eclipse.jetty.server.handler.HandlerWrapper.handle(HandlerWrapper.java:122)
	at org.eclipse.jetty.server.Server.handle(Server.java:563)
	at org.eclipse.jetty.server.HttpChannel$RequestDispatchable.dispatch(HttpChannel.java:1598)
	at org.eclipse.jetty.server.HttpChannel.dispatch(HttpChannel.java:753)
	at org.eclipse.jetty.server.HttpChannel.handle(HttpChannel.java:501)
	at org.eclipse.jetty.server.HttpConnection.onFillable(HttpConnection.java:287)
	at org.eclipse.jetty.io.AbstractConnection$ReadCallback.succeeded(AbstractConnection.java:314)
	at org.eclipse.jetty.io.FillInterest.fillable(FillInterest.java:100)
	at org.eclipse.jetty.io.SelectableChannelEndPoint$1.run(SelectableChannelEndPoint.java:53)
	at org.eclipse.jetty.util.thread.strategy.AdaptiveExecutionStrategy.runTask(AdaptiveExecutionStrategy.java:421)
	at org.eclipse.jetty.util.thread.strategy.AdaptiveExecutionStrategy.consumeTask(AdaptiveExecutionStrategy.java:390)
	at org.eclipse.jetty.util.thread.strategy.AdaptiveExecutionStrategy.tryProduce(AdaptiveExecutionStrategy.java:277)
	at org.eclipse.jetty.util.thread.strategy.AdaptiveExecutionStrategy.produce(AdaptiveExecutionStrategy.java:193)
	at org.eclipse.jetty.util.thread.QueuedThreadPool.runJob(QueuedThreadPool.java:969)
	at org.eclipse.jetty.util.thread.QueuedThreadPool$Runner.doRunJob(QueuedThreadPool.java:1194)
	at org.eclipse.jetty.util.thread.QueuedThreadPool$Runner.run(QueuedThreadPool.java:1149)
	at java.base/java.lang.Thread.run(Thread.java:842)
2026-01-07 11:41:56.850 [pool-2-thread-11 - GET /route?point=-7.159,-34.855&point=-7.159503482741989,-34.85437810420991&profile=pedestrian&profile=foot&points_encoded=false] INFO  c.g.h.IllegalArgumentExceptionMapper - bad request: The requested profile 'pedestrian' does not exist.
Available profiles: [foot]
java.lang.IllegalArgumentException: The requested profile 'pedestrian' does not exist.
Available profiles: [foot]
	at com.graphhopper.http.ProfileResolver.resolveProfile(ProfileResolver.java:46)
	at com.graphhopper.resources.RouteResource.doGet(RouteResource.java:151)
	at java.base/jdk.internal.reflect.NativeMethodAccessorImpl.invoke0(Native Method)
	at java.base/jdk.internal.reflect.NativeMethodAccessorImpl.invoke(NativeMethodAccessorImpl.java:77)
	at java.base/jdk.internal.reflect.DelegatingMethodAccessorImpl.invoke(DelegatingMethodAccessorImpl.java:43)
	at java.base/java.lang.reflect.Method.invoke(Method.java:568)
	at org.glassfish.jersey.server.model.internal.ResourceMethodInvocationHandlerFactory.lambda$static$0(ResourceMethodInvocationHandlerFactory.java:52)
	at org.glassfish.jersey.server.model.internal.AbstractJavaResourceMethodDispatcher$1.run(AbstractJavaResourceMethodDispatcher.java:146)
	at org.glassfish.jersey.server.model.internal.AbstractJavaResourceMethodDispatcher.invoke(AbstractJavaResourceMethodDispatcher.java:189)
	at org.glassfish.jersey.server.model.internal.JavaResourceMethodDispatcherProvider$ResponseOutInvoker.doDispatch(JavaResourceMethodDispatcherProvider.java:176)
	at org.glassfish.jersey.server.model.internal.AbstractJavaResourceMethodDispatcher.dispatch(AbstractJavaResourceMethodDispatcher.java:93)
	at org.glassfish.jersey.server.model.ResourceMethodInvoker.invoke(ResourceMethodInvoker.java:478)
	at org.glassfish.jersey.server.model.ResourceMethodInvoker.apply(ResourceMethodInvoker.java:400)
	at org.glassfish.jersey.server.model.ResourceMethodInvoker.apply(ResourceMethodInvoker.java:81)
	at org.glassfish.jersey.server.ServerRuntime$1.run(ServerRuntime.java:256)
	at org.glassfish.jersey.internal.Errors$1.call(Errors.java:248)
	at org.glassfish.jersey.internal.Errors$1.call(Errors.java:244)
	at org.glassfish.jersey.internal.Errors.process(Errors.java:292)
	at org.glassfish.jersey.internal.Errors.process(Errors.java:274)
	at org.glassfish.jersey.internal.Errors.process(Errors.java:244)
	at org.glassfish.jersey.process.internal.RequestScope.runInScope(RequestScope.java:265)
	at org.glassfish.jersey.server.ServerRuntime.process(ServerRuntime.java:235)
	at org.glassfish.jersey.server.ApplicationHandler.handle(ApplicationHandler.java:684)
	at org.glassfish.jersey.servlet.WebComponent.serviceImpl(WebComponent.java:397)
	at org.glassfish.jersey.servlet.WebComponent.service(WebComponent.java:349)
	at org.glassfish.jersey.servlet.ServletContainer.service(ServletContainer.java:379)
	at org.glassfish.jersey.servlet.ServletContainer.service(ServletContainer.java:312)
	at org.glassfish.jersey.servlet.ServletContainer.service(ServletContainer.java:205)
	at org.eclipse.jetty.servlet.ServletHolder.handle(ServletHolder.java:764)
	at org.eclipse.jetty.servlet.ServletHandler$ChainEnd.doFilter(ServletHandler.java:1665)
	at io.dropwizard.servlets.ThreadNameFilter.doFilter(ThreadNameFilter.java:35)
	at org.eclipse.jetty.servlet.FilterHolder.doFilter(FilterHolder.java:202)
	at org.eclipse.jetty.servlet.ServletHandler$Chain.doFilter(ServletHandler.java:1635)
	at io.dropwizard.jersey.filter.AllowedMethodsFilter.handle(AllowedMethodsFilter.java:46)
	at io.dropwizard.jersey.filter.AllowedMethodsFilter.doFilter(AllowedMethodsFilter.java:40)
	at org.eclipse.jetty.servlet.FilterHolder.doFilter(FilterHolder.java:202)
	at org.eclipse.jetty.servlet.ServletHandler$Chain.doFilter(ServletHandler.java:1635)
	at com.graphhopper.http.CORSFilter.doFilter(CORSFilter.java:36)
	at org.eclipse.jetty.servlet.FilterHolder.doFilter(FilterHolder.java:202)
	at org.eclipse.jetty.servlet.ServletHandler$Chain.doFilter(ServletHandler.java:1635)
	at org.eclipse.jetty.servlet.ServletHandler.doHandle(ServletHandler.java:527)
	at org.eclipse.jetty.server.handler.ScopedHandler.nextHandle(ScopedHandler.java:221)
	at org.eclipse.jetty.server.handler.ContextHandler.doHandle(ContextHandler.java:1384)
	at org.eclipse.jetty.server.handler.ScopedHandler.nextScope(ScopedHandler.java:176)
	at org.eclipse.jetty.servlet.ServletHandler.doScope(ServletHandler.java:484)
	at org.eclipse.jetty.server.handler.ScopedHandler.nextScope(ScopedHandler.java:174)
	at org.eclipse.jetty.server.handler.ContextHandler.doScope(ContextHandler.java:1306)
	at org.eclipse.jetty.server.handler.ScopedHandler.handle(ScopedHandler.java:129)
	at org.eclipse.jetty.server.handler.HandlerWrapper.handle(HandlerWrapper.java:122)
	at io.dropwizard.metrics.jetty10.InstrumentedHandler.handle(InstrumentedHandler.java:314)
	at io.dropwizard.jetty.RoutingHandler.handle(RoutingHandler.java:52)
	at org.eclipse.jetty.server.handler.HandlerWrapper.handle(HandlerWrapper.java:122)
	at org.eclipse.jetty.server.handler.gzip.GzipHandler.handle(GzipHandler.java:822)
	at io.dropwizard.jetty.ZipExceptionHandlingGzipHandler.handle(ZipExceptionHandlingGzipHandler.java:26)
	at org.eclipse.jetty.server.handler.StatisticsHandler.handle(StatisticsHandler.java:173)
	at org.eclipse.jetty.server.handler.HandlerWrapper.handle(HandlerWrapper.java:122)
	at org.eclipse.jetty.server.Server.handle(Server.java:563)
	at org.eclipse.jetty.server.HttpChannel$RequestDispatchable.dispatch(HttpChannel.java:1598)
	at org.eclipse.jetty.server.HttpChannel.dispatch(HttpChannel.java:753)
	at org.eclipse.jetty.server.HttpChannel.handle(HttpChannel.java:501)
	at org.eclipse.jetty.server.HttpConnection.onFillable(HttpConnection.java:287)
	at org.eclipse.jetty.io.AbstractConnection$ReadCallback.succeeded(AbstractConnection.java:314)
	at org.eclipse.jetty.io.FillInterest.fillable(FillInterest.java:100)
	at org.eclipse.jetty.io.SelectableChannelEndPoint$1.run(SelectableChannelEndPoint.java:53)
	at org.eclipse.jetty.util.thread.strategy.AdaptiveExecutionStrategy.runTask(AdaptiveExecutionStrategy.java:421)
	at org.eclipse.jetty.util.thread.strategy.AdaptiveExecutionStrategy.consumeTask(AdaptiveExecutionStrategy.java:390)
	at org.eclipse.jetty.util.thread.strategy.AdaptiveExecutionStrategy.tryProduce(AdaptiveExecutionStrategy.java:277)
	at org.eclipse.jetty.util.thread.strategy.AdaptiveExecutionStrategy.run(AdaptiveExecutionStrategy.java:199)
	at org.eclipse.jetty.util.thread.ReservedThreadExecutor$ReservedThread.run(ReservedThreadExecutor.java:411)
	at org.eclipse.jetty.util.thread.QueuedThreadPool.runJob(QueuedThreadPool.java:969)
	at org.eclipse.jetty.util.thread.QueuedThreadPool$Runner.doRunJob(QueuedThreadPool.java:1194)
	at org.eclipse.jetty.util.thread.QueuedThreadPool$Runner.run(QueuedThreadPool.java:1149)
	at java.base/java.lang.Thread.run(Thread.java:842)
2026-01-07 11:41:57.788 [pool-2-thread-12 - GET /route?point=-7.159,-34.855&point=-7.159487514966097,-34.85454440116883&profile=pedestrian&profile=foot&points_encoded=false] INFO  c.g.h.IllegalArgumentExceptionMapper - bad request: The requested profile 'pedestrian' does not exist.
Available profiles: [foot]
java.lang.IllegalArgumentException: The requested profile 'pedestrian' does not exist.
Available profiles: [foot]
	at com.graphhopper.http.ProfileResolver.resolveProfile(ProfileResolver.java:46)
	at com.graphhopper.resources.RouteResource.doGet(RouteResource.java:151)
	at java.base/jdk.internal.reflect.NativeMethodAccessorImpl.invoke0(Native Method)
	at java.base/jdk.internal.reflect.NativeMethodAccessorImpl.invoke(NativeMethodAccessorImpl.java:77)
	at java.base/jdk.internal.reflect.DelegatingMethodAccessorImpl.invoke(DelegatingMethodAccessorImpl.java:43)
	at java.base/java.lang.reflect.Method.invoke(Method.java:568)
	at org.glassfish.jersey.server.model.internal.ResourceMethodInvocationHandlerFactory.lambda$static$0(ResourceMethodInvocationHandlerFactory.java:52)
	at org.glassfish.jersey.server.model.internal.AbstractJavaResourceMethodDispatcher$1.run(AbstractJavaResourceMethodDispatcher.java:146)
	at org.glassfish.jersey.server.model.internal.AbstractJavaResourceMethodDispatcher.invoke(AbstractJavaResourceMethodDispatcher.java:189)
	at org.glassfish.jersey.server.model.internal.JavaResourceMethodDispatcherProvider$ResponseOutInvoker.doDispatch(JavaResourceMethodDispatcherProvider.java:176)
	at org.glassfish.jersey.server.model.internal.AbstractJavaResourceMethodDispatcher.dispatch(AbstractJavaResourceMethodDispatcher.java:93)
	at org.glassfish.jersey.server.model.ResourceMethodInvoker.invoke(ResourceMethodInvoker.java:478)
	at org.glassfish.jersey.server.model.ResourceMethodInvoker.apply(ResourceMethodInvoker.java:400)
	at org.glassfish.jersey.server.model.ResourceMethodInvoker.apply(ResourceMethodInvoker.java:81)
	at org.glassfish.jersey.server.ServerRuntime$1.run(ServerRuntime.java:256)
	at org.glassfish.jersey.internal.Errors$1.call(Errors.java:248)
	at org.glassfish.jersey.internal.Errors$1.call(Errors.java:244)
	at org.glassfish.jersey.internal.Errors.process(Errors.java:292)
	at org.glassfish.jersey.internal.Errors.process(Errors.java:274)
	at org.glassfish.jersey.internal.Errors.process(Errors.java:244)
	at org.glassfish.jersey.process.internal.RequestScope.runInScope(RequestScope.java:265)
	at org.glassfish.jersey.server.ServerRuntime.process(ServerRuntime.java:235)
	at org.glassfish.jersey.server.ApplicationHandler.handle(ApplicationHandler.java:684)
	at org.glassfish.jersey.servlet.WebComponent.serviceImpl(WebComponent.java:397)
	at org.glassfish.jersey.servlet.WebComponent.service(WebComponent.java:349)
	at org.glassfish.jersey.servlet.ServletContainer.service(ServletContainer.java:379)
	at org.glassfish.jersey.servlet.ServletContainer.service(ServletContainer.java:312)
	at org.glassfish.jersey.servlet.ServletContainer.service(ServletContainer.java:205)
	at org.eclipse.jetty.servlet.ServletHolder.handle(ServletHolder.java:764)
	at org.eclipse.jetty.servlet.ServletHandler$ChainEnd.doFilter(ServletHandler.java:1665)
	at io.dropwizard.servlets.ThreadNameFilter.doFilter(ThreadNameFilter.java:35)
	at org.eclipse.jetty.servlet.FilterHolder.doFilter(FilterHolder.java:202)
	at org.eclipse.jetty.servlet.ServletHandler$Chain.doFilter(ServletHandler.java:1635)
	at io.dropwizard.jersey.filter.AllowedMethodsFilter.handle(AllowedMethodsFilter.java:46)
	at io.dropwizard.jersey.filter.AllowedMethodsFilter.doFilter(AllowedMethodsFilter.java:40)
	at org.eclipse.jetty.servlet.FilterHolder.doFilter(FilterHolder.java:202)
	at org.eclipse.jetty.servlet.ServletHandler$Chain.doFilter(ServletHandler.java:1635)
	at com.graphhopper.http.CORSFilter.doFilter(CORSFilter.java:36)
	at org.eclipse.jetty.servlet.FilterHolder.doFilter(FilterHolder.java:202)
	at org.eclipse.jetty.servlet.ServletHandler$Chain.doFilter(ServletHandler.java:1635)
	at org.eclipse.jetty.servlet.ServletHandler.doHandle(ServletHandler.java:527)
	at org.eclipse.jetty.server.handler.ScopedHandler.nextHandle(ScopedHandler.java:221)
	at org.eclipse.jetty.server.handler.ContextHandler.doHandle(ContextHandler.java:1384)
	at org.eclipse.jetty.server.handler.ScopedHandler.nextScope(ScopedHandler.java:176)
	at org.eclipse.jetty.servlet.ServletHandler.doScope(ServletHandler.java:484)
	at org.eclipse.jetty.server.handler.ScopedHandler.nextScope(ScopedHandler.java:174)
	at org.eclipse.jetty.server.handler.ContextHandler.doScope(ContextHandler.java:1306)
	at org.eclipse.jetty.server.handler.ScopedHandler.handle(ScopedHandler.java:129)
	at org.eclipse.jetty.server.handler.HandlerWrapper.handle(HandlerWrapper.java:122)
	at io.dropwizard.metrics.jetty10.InstrumentedHandler.handle(InstrumentedHandler.java:314)
	at io.dropwizard.jetty.RoutingHandler.handle(RoutingHandler.java:52)
	at org.eclipse.jetty.server.handler.HandlerWrapper.handle(HandlerWrapper.java:122)
	at org.eclipse.jetty.server.handler.gzip.GzipHandler.handle(GzipHandler.java:822)
	at io.dropwizard.jetty.ZipExceptionHandlingGzipHandler.handle(ZipExceptionHandlingGzipHandler.java:26)
	at org.eclipse.jetty.server.handler.StatisticsHandler.handle(StatisticsHandler.java:173)
	at org.eclipse.jetty.server.handler.HandlerWrapper.handle(HandlerWrapper.java:122)
	at org.eclipse.jetty.server.Server.handle(Server.java:563)
	at org.eclipse.jetty.server.HttpChannel$RequestDispatchable.dispatch(HttpChannel.java:1598)
	at org.eclipse.jetty.server.HttpChannel.dispatch(HttpChannel.java:753)
	at org.eclipse.jetty.server.HttpChannel.handle(HttpChannel.java:501)
	at org.eclipse.jetty.server.HttpConnection.onFillable(HttpConnection.java:287)
	at org.eclipse.jetty.io.AbstractConnection$ReadCallback.succeeded(AbstractConnection.java:314)
	at org.eclipse.jetty.io.FillInterest.fillable(FillInterest.java:100)
	at org.eclipse.jetty.io.SelectableChannelEndPoint$1.run(SelectableChannelEndPoint.java:53)
	at org.eclipse.jetty.util.thread.strategy.AdaptiveExecutionStrategy.runTask(AdaptiveExecutionStrategy.java:421)
	at org.eclipse.jetty.util.thread.strategy.AdaptiveExecutionStrategy.consumeTask(AdaptiveExecutionStrategy.java:390)
	at org.eclipse.jetty.util.thread.strategy.AdaptiveExecutionStrategy.tryProduce(AdaptiveExecutionStrategy.java:277)
	at org.eclipse.jetty.util.thread.strategy.AdaptiveExecutionStrategy.run(AdaptiveExecutionStrategy.java:199)
	at org.eclipse.jetty.util.thread.ReservedThreadExecutor$ReservedThread.run(ReservedThreadExecutor.java:411)
	at org.eclipse.jetty.util.thread.QueuedThreadPool.runJob(QueuedThreadPool.java:969)
	at org.eclipse.jetty.util.thread.QueuedThreadPool$Runner.doRunJob(QueuedThreadPool.java:1194)
	at org.eclipse.jetty.util.thread.QueuedThreadPool$Runner.run(QueuedThreadPool.java:1149)
	at java.base/java.lang.Thread.run(Thread.java:842)
2026-01-07 11:41:58.631 [pool-2-thread-11 - GET /route?point=-7.159,-34.855&point=-7.159546063474952,-34.854925274848945&profile=pedestrian&profile=foot&points_encoded=false] INFO  c.g.h.IllegalArgumentExceptionMapper - bad request: The requested profile 'pedestrian' does not exist.
Available profiles: [foot]
java.lang.IllegalArgumentException: The requested profile 'pedestrian' does not exist.
Available profiles: [foot]
	at com.graphhopper.http.ProfileResolver.resolveProfile(ProfileResolver.java:46)
	at com.graphhopper.resources.RouteResource.doGet(RouteResource.java:151)
	at java.base/jdk.internal.reflect.NativeMethodAccessorImpl.invoke0(Native Method)
	at java.base/jdk.internal.reflect.NativeMethodAccessorImpl.invoke(NativeMethodAccessorImpl.java:77)
	at java.base/jdk.internal.reflect.DelegatingMethodAccessorImpl.invoke(DelegatingMethodAccessorImpl.java:43)
	at java.base/java.lang.reflect.Method.invoke(Method.java:568)
	at org.glassfish.jersey.server.model.internal.ResourceMethodInvocationHandlerFactory.lambda$static$0(ResourceMethodInvocationHandlerFactory.java:52)
	at org.glassfish.jersey.server.model.internal.AbstractJavaResourceMethodDispatcher$1.run(AbstractJavaResourceMethodDispatcher.java:146)
	at org.glassfish.jersey.server.model.internal.AbstractJavaResourceMethodDispatcher.invoke(AbstractJavaResourceMethodDispatcher.java:189)
	at org.glassfish.jersey.server.model.internal.JavaResourceMethodDispatcherProvider$ResponseOutInvoker.doDispatch(JavaResourceMethodDispatcherProvider.java:176)
	at org.glassfish.jersey.server.model.internal.AbstractJavaResourceMethodDispatcher.dispatch(AbstractJavaResourceMethodDispatcher.java:93)
	at org.glassfish.jersey.server.model.ResourceMethodInvoker.invoke(ResourceMethodInvoker.java:478)
	at org.glassfish.jersey.server.model.ResourceMethodInvoker.apply(ResourceMethodInvoker.java:400)
	at org.glassfish.jersey.server.model.ResourceMethodInvoker.apply(ResourceMethodInvoker.java:81)
	at org.glassfish.jersey.server.ServerRuntime$1.run(ServerRuntime.java:256)
	at org.glassfish.jersey.internal.Errors$1.call(Errors.java:248)
	at org.glassfish.jersey.internal.Errors$1.call(Errors.java:244)
	at org.glassfish.jersey.internal.Errors.process(Errors.java:292)
	at org.glassfish.jersey.internal.Errors.process(Errors.java:274)
	at org.glassfish.jersey.internal.Errors.process(Errors.java:244)
	at org.glassfish.jersey.process.internal.RequestScope.runInScope(RequestScope.java:265)
	at org.glassfish.jersey.server.ServerRuntime.process(ServerRuntime.java:235)
	at org.glassfish.jersey.server.ApplicationHandler.handle(ApplicationHandler.java:684)
	at org.glassfish.jersey.servlet.WebComponent.serviceImpl(WebComponent.java:397)
	at org.glassfish.jersey.servlet.WebComponent.service(WebComponent.java:349)
	at org.glassfish.jersey.servlet.ServletContainer.service(ServletContainer.java:379)
	at org.glassfish.jersey.servlet.ServletContainer.service(ServletContainer.java:312)
	at org.glassfish.jersey.servlet.ServletContainer.service(ServletContainer.java:205)
	at org.eclipse.jetty.servlet.ServletHolder.handle(ServletHolder.java:764)
	at org.eclipse.jetty.servlet.ServletHandler$ChainEnd.doFilter(ServletHandler.java:1665)
	at io.dropwizard.servlets.ThreadNameFilter.doFilter(ThreadNameFilter.java:35)
	at org.eclipse.jetty.servlet.FilterHolder.doFilter(FilterHolder.java:202)
	at org.eclipse.jetty.servlet.ServletHandler$Chain.doFilter(ServletHandler.java:1635)
	at io.dropwizard.jersey.filter.AllowedMethodsFilter.handle(AllowedMethodsFilter.java:46)
	at io.dropwizard.jersey.filter.AllowedMethodsFilter.doFilter(AllowedMethodsFilter.java:40)
	at org.eclipse.jetty.servlet.FilterHolder.doFilter(FilterHolder.java:202)
	at org.eclipse.jetty.servlet.ServletHandler$Chain.doFilter(ServletHandler.java:1635)
	at com.graphhopper.http.CORSFilter.doFilter(CORSFilter.java:36)
	at org.eclipse.jetty.servlet.FilterHolder.doFilter(FilterHolder.java:202)
	at org.eclipse.jetty.servlet.ServletHandler$Chain.doFilter(ServletHandler.java:1635)
	at org.eclipse.jetty.servlet.ServletHandler.doHandle(ServletHandler.java:527)
	at org.eclipse.jetty.server.handler.ScopedHandler.nextHandle(ScopedHandler.java:221)
	at org.eclipse.jetty.server.handler.ContextHandler.doHandle(ContextHandler.java:1384)
	at org.eclipse.jetty.server.handler.ScopedHandler.nextScope(ScopedHandler.java:176)
	at org.eclipse.jetty.servlet.ServletHandler.doScope(ServletHandler.java:484)
	at org.eclipse.jetty.server.handler.ScopedHandler.nextScope(ScopedHandler.java:174)
	at org.eclipse.jetty.server.handler.ContextHandler.doScope(ContextHandler.java:1306)
	at org.eclipse.jetty.server.handler.ScopedHandler.handle(ScopedHandler.java:129)
	at org.eclipse.jetty.server.handler.HandlerWrapper.handle(HandlerWrapper.java:122)
	at io.dropwizard.metrics.jetty10.InstrumentedHandler.handle(InstrumentedHandler.java:314)
	at io.dropwizard.jetty.RoutingHandler.handle(RoutingHandler.java:52)
	at org.eclipse.jetty.server.handler.HandlerWrapper.handle(HandlerWrapper.java:122)
	at org.eclipse.jetty.server.handler.gzip.GzipHandler.handle(GzipHandler.java:822)
	at io.dropwizard.jetty.ZipExceptionHandlingGzipHandler.handle(ZipExceptionHandlingGzipHandler.java:26)
	at org.eclipse.jetty.server.handler.StatisticsHandler.handle(StatisticsHandler.java:173)
	at org.eclipse.jetty.server.handler.HandlerWrapper.handle(HandlerWrapper.java:122)
	at org.eclipse.jetty.server.Server.handle(Server.java:563)
	at org.eclipse.jetty.server.HttpChannel$RequestDispatchable.dispatch(HttpChannel.java:1598)
	at org.eclipse.jetty.server.HttpChannel.dispatch(HttpChannel.java:753)
	at org.eclipse.jetty.server.HttpChannel.handle(HttpChannel.java:501)
	at org.eclipse.jetty.server.HttpConnection.onFillable(HttpConnection.java:287)
	at org.eclipse.jetty.io.AbstractConnection$ReadCallback.succeeded(AbstractConnection.java:314)
	at org.eclipse.jetty.io.FillInterest.fillable(FillInterest.java:100)
	at org.eclipse.jetty.io.SelectableChannelEndPoint$1.run(SelectableChannelEndPoint.java:53)
	at org.eclipse.jetty.util.thread.strategy.AdaptiveExecutionStrategy.runTask(AdaptiveExecutionStrategy.java:421)
	at org.eclipse.jetty.util.thread.strategy.AdaptiveExecutionStrategy.consumeTask(AdaptiveExecutionStrategy.java:390)
	at org.eclipse.jetty.util.thread.strategy.AdaptiveExecutionStrategy.tryProduce(AdaptiveExecutionStrategy.java:277)
	at org.eclipse.jetty.util.thread.strategy.AdaptiveExecutionStrategy.run(AdaptiveExecutionStrategy.java:199)
	at org.eclipse.jetty.util.thread.ReservedThreadExecutor$ReservedThread.run(ReservedThreadExecutor.java:411)
	at org.eclipse.jetty.util.thread.QueuedThreadPool.runJob(QueuedThreadPool.java:969)
	at org.eclipse.jetty.util.thread.QueuedThreadPool$Runner.doRunJob(QueuedThreadPool.java:1194)
	at org.eclipse.jetty.util.thread.QueuedThreadPool$Runner.run(QueuedThreadPool.java:1149)
	at java.base/java.lang.Thread.run(Thread.java:842)
2026-01-07 11:41:59.568 [pool-2-thread-12 - GET /route?point=-7.159,-34.855&point=-7.159652515289995,-34.85511839389802&profile=pedestrian&profile=foot&points_encoded=false] INFO  c.g.h.IllegalArgumentExceptionMapper - bad request: The requested profile 'pedestrian' does not exist.
Available profiles: [foot]
java.lang.IllegalArgumentException: The requested profile 'pedestrian' does not exist.
Available profiles: [foot]
	at com.graphhopper.http.ProfileResolver.resolveProfile(ProfileResolver.java:46)
	at com.graphhopper.resources.RouteResource.doGet(RouteResource.java:151)
	at java.base/jdk.internal.reflect.NativeMethodAccessorImpl.invoke0(Native Method)
	at java.base/jdk.internal.reflect.NativeMethodAccessorImpl.invoke(NativeMethodAccessorImpl.java:77)
	at java.base/jdk.internal.reflect.DelegatingMethodAccessorImpl.invoke(DelegatingMethodAccessorImpl.java:43)
	at java.base/java.lang.reflect.Method.invoke(Method.java:568)
	at org.glassfish.jersey.server.model.internal.ResourceMethodInvocationHandlerFactory.lambda$static$0(ResourceMethodInvocationHandlerFactory.java:52)
	at org.glassfish.jersey.server.model.internal.AbstractJavaResourceMethodDispatcher$1.run(AbstractJavaResourceMethodDispatcher.java:146)
	at org.glassfish.jersey.server.model.internal.AbstractJavaResourceMethodDispatcher.invoke(AbstractJavaResourceMethodDispatcher.java:189)
	at org.glassfish.jersey.server.model.internal.JavaResourceMethodDispatcherProvider$ResponseOutInvoker.doDispatch(JavaResourceMethodDispatcherProvider.java:176)
	at org.glassfish.jersey.server.model.internal.AbstractJavaResourceMethodDispatcher.dispatch(AbstractJavaResourceMethodDispatcher.java:93)
	at org.glassfish.jersey.server.model.ResourceMethodInvoker.invoke(ResourceMethodInvoker.java:478)
	at org.glassfish.jersey.server.model.ResourceMethodInvoker.apply(ResourceMethodInvoker.java:400)
	at org.glassfish.jersey.server.model.ResourceMethodInvoker.apply(ResourceMethodInvoker.java:81)
	at org.glassfish.jersey.server.ServerRuntime$1.run(ServerRuntime.java:256)
	at org.glassfish.jersey.internal.Errors$1.call(Errors.java:248)
	at org.glassfish.jersey.internal.Errors$1.call(Errors.java:244)
	at org.glassfish.jersey.internal.Errors.process(Errors.java:292)
	at org.glassfish.jersey.internal.Errors.process(Errors.java:274)
	at org.glassfish.jersey.internal.Errors.process(Errors.java:244)
	at org.glassfish.jersey.process.internal.RequestScope.runInScope(RequestScope.java:265)
	at org.glassfish.jersey.server.ServerRuntime.process(ServerRuntime.java:235)
	at org.glassfish.jersey.server.ApplicationHandler.handle(ApplicationHandler.java:684)
	at org.glassfish.jersey.servlet.WebComponent.serviceImpl(WebComponent.java:397)
	at org.glassfish.jersey.servlet.WebComponent.service(WebComponent.java:349)
	at org.glassfish.jersey.servlet.ServletContainer.service(ServletContainer.java:379)
	at org.glassfish.jersey.servlet.ServletContainer.service(ServletContainer.java:312)
	at org.glassfish.jersey.servlet.ServletContainer.service(ServletContainer.java:205)
	at org.eclipse.jetty.servlet.ServletHolder.handle(ServletHolder.java:764)
	at org.eclipse.jetty.servlet.ServletHandler$ChainEnd.doFilter(ServletHandler.java:1665)
	at io.dropwizard.servlets.ThreadNameFilter.doFilter(ThreadNameFilter.java:35)
	at org.eclipse.jetty.servlet.FilterHolder.doFilter(FilterHolder.java:202)
	at org.eclipse.jetty.servlet.ServletHandler$Chain.doFilter(ServletHandler.java:1635)
	at io.dropwizard.jersey.filter.AllowedMethodsFilter.handle(AllowedMethodsFilter.java:46)
	at io.dropwizard.jersey.filter.AllowedMethodsFilter.doFilter(AllowedMethodsFilter.java:40)
	at org.eclipse.jetty.servlet.FilterHolder.doFilter(FilterHolder.java:202)
	at org.eclipse.jetty.servlet.ServletHandler$Chain.doFilter(ServletHandler.java:1635)
	at com.graphhopper.http.CORSFilter.doFilter(CORSFilter.java:36)
	at org.eclipse.jetty.servlet.FilterHolder.doFilter(FilterHolder.java:202)
	at org.eclipse.jetty.servlet.ServletHandler$Chain.doFilter(ServletHandler.java:1635)
	at org.eclipse.jetty.servlet.ServletHandler.doHandle(ServletHandler.java:527)
	at org.eclipse.jetty.server.handler.ScopedHandler.nextHandle(ScopedHandler.java:221)
	at org.eclipse.jetty.server.handler.ContextHandler.doHandle(ContextHandler.java:1384)
	at org.eclipse.jetty.server.handler.ScopedHandler.nextScope(ScopedHandler.java:176)
	at org.eclipse.jetty.servlet.ServletHandler.doScope(ServletHandler.java:484)
	at org.eclipse.jetty.server.handler.ScopedHandler.nextScope(ScopedHandler.java:174)
	at org.eclipse.jetty.server.handler.ContextHandler.doScope(ContextHandler.java:1306)
	at org.eclipse.jetty.server.handler.ScopedHandler.handle(ScopedHandler.java:129)
	at org.eclipse.jetty.server.handler.HandlerWrapper.handle(HandlerWrapper.java:122)
	at io.dropwizard.metrics.jetty10.InstrumentedHandler.handle(InstrumentedHandler.java:314)
	at io.dropwizard.jetty.RoutingHandler.handle(RoutingHandler.java:52)
	at org.eclipse.jetty.server.handler.HandlerWrapper.handle(HandlerWrapper.java:122)
	at org.eclipse.jetty.server.handler.gzip.GzipHandler.handle(GzipHandler.java:822)
	at io.dropwizard.jetty.ZipExceptionHandlingGzipHandler.handle(ZipExceptionHandlingGzipHandler.java:26)
	at org.eclipse.jetty.server.handler.StatisticsHandler.handle(StatisticsHandler.java:173)
	at org.eclipse.jetty.server.handler.HandlerWrapper.handle(HandlerWrapper.java:122)
	at org.eclipse.jetty.server.Server.handle(Server.java:563)
	at org.eclipse.jetty.server.HttpChannel$RequestDispatchable.dispatch(HttpChannel.java:1598)
	at org.eclipse.jetty.server.HttpChannel.dispatch(HttpChannel.java:753)
	at org.eclipse.jetty.server.HttpChannel.handle(HttpChannel.java:501)
	at org.eclipse.jetty.server.HttpConnection.onFillable(HttpConnection.java:287)
	at org.eclipse.jetty.io.AbstractConnection$ReadCallback.succeeded(AbstractConnection.java:314)
	at org.eclipse.jetty.io.FillInterest.fillable(FillInterest.java:100)
	at org.eclipse.jetty.io.SelectableChannelEndPoint$1.run(SelectableChannelEndPoint.java:53)
	at org.eclipse.jetty.util.thread.strategy.AdaptiveExecutionStrategy.runTask(AdaptiveExecutionStrategy.java:421)
	at org.eclipse.jetty.util.thread.strategy.AdaptiveExecutionStrategy.consumeTask(AdaptiveExecutionStrategy.java:390)
	at org.eclipse.jetty.util.thread.strategy.AdaptiveExecutionStrategy.tryProduce(AdaptiveExecutionStrategy.java:277)
	at org.eclipse.jetty.util.thread.strategy.AdaptiveExecutionStrategy.run(AdaptiveExecutionStrategy.java:199)
	at org.eclipse.jetty.util.thread.ReservedThreadExecutor$ReservedThread.run(ReservedThreadExecutor.java:411)
	at org.eclipse.jetty.util.thread.QueuedThreadPool.runJob(QueuedThreadPool.java:969)
	at org.eclipse.jetty.util.thread.QueuedThreadPool$Runner.doRunJob(QueuedThreadPool.java:1194)
	at org.eclipse.jetty.util.thread.QueuedThreadPool$Runner.run(QueuedThreadPool.java:1149)
	at java.base/java.lang.Thread.run(Thread.java:842)
2026-01-07 11:42:01.913 [pool-2-thread-11 - GET /route?point=-7.159,-34.855&point=-7.158050412847142,-34.85475897789002&profile=pedestrian&profile=foot&points_encoded=false] INFO  c.g.h.IllegalArgumentExceptionMapper - bad request: The requested profile 'pedestrian' does not exist.
Available profiles: [foot]
java.lang.IllegalArgumentException: The requested profile 'pedestrian' does not exist.
Available profiles: [foot]
	at com.graphhopper.http.ProfileResolver.resolveProfile(ProfileResolver.java:46)
	at com.graphhopper.resources.RouteResource.doGet(RouteResource.java:151)
	at java.base/jdk.internal.reflect.NativeMethodAccessorImpl.invoke0(Native Method)
	at java.base/jdk.internal.reflect.NativeMethodAccessorImpl.invoke(NativeMethodAccessorImpl.java:77)
	at java.base/jdk.internal.reflect.DelegatingMethodAccessorImpl.invoke(DelegatingMethodAccessorImpl.java:43)
	at java.base/java.lang.reflect.Method.invoke(Method.java:568)
	at org.glassfish.jersey.server.model.internal.ResourceMethodInvocationHandlerFactory.lambda$static$0(ResourceMethodInvocationHandlerFactory.java:52)
	at org.glassfish.jersey.server.model.internal.AbstractJavaResourceMethodDispatcher$1.run(AbstractJavaResourceMethodDispatcher.java:146)
	at org.glassfish.jersey.server.model.internal.AbstractJavaResourceMethodDispatcher.invoke(AbstractJavaResourceMethodDispatcher.java:189)
	at org.glassfish.jersey.server.model.internal.JavaResourceMethodDispatcherProvider$ResponseOutInvoker.doDispatch(JavaResourceMethodDispatcherProvider.java:176)
	at org.glassfish.jersey.server.model.internal.AbstractJavaResourceMethodDispatcher.dispatch(AbstractJavaResourceMethodDispatcher.java:93)
	at org.glassfish.jersey.server.model.ResourceMethodInvoker.invoke(ResourceMethodInvoker.java:478)
	at org.glassfish.jersey.server.model.ResourceMethodInvoker.apply(ResourceMethodInvoker.java:400)
	at org.glassfish.jersey.server.model.ResourceMethodInvoker.apply(ResourceMethodInvoker.java:81)
	at org.glassfish.jersey.server.ServerRuntime$1.run(ServerRuntime.java:256)
	at org.glassfish.jersey.internal.Errors$1.call(Errors.java:248)
	at org.glassfish.jersey.internal.Errors$1.call(Errors.java:244)
	at org.glassfish.jersey.internal.Errors.process(Errors.java:292)
	at org.glassfish.jersey.internal.Errors.process(Errors.java:274)
	at org.glassfish.jersey.internal.Errors.process(Errors.java:244)
	at org.glassfish.jersey.process.internal.RequestScope.runInScope(RequestScope.java:265)
	at org.glassfish.jersey.server.ServerRuntime.process(ServerRuntime.java:235)
	at org.glassfish.jersey.server.ApplicationHandler.handle(ApplicationHandler.java:684)
	at org.glassfish.jersey.servlet.WebComponent.serviceImpl(WebComponent.java:397)
	at org.glassfish.jersey.servlet.WebComponent.service(WebComponent.java:349)
	at org.glassfish.jersey.servlet.ServletContainer.service(ServletContainer.java:379)
	at org.glassfish.jersey.servlet.ServletContainer.service(ServletContainer.java:312)
	at org.glassfish.jersey.servlet.ServletContainer.service(ServletContainer.java:205)
	at org.eclipse.jetty.servlet.ServletHolder.handle(ServletHolder.java:764)
	at org.eclipse.jetty.servlet.ServletHandler$ChainEnd.doFilter(ServletHandler.java:1665)
	at io.dropwizard.servlets.ThreadNameFilter.doFilter(ThreadNameFilter.java:35)
	at org.eclipse.jetty.servlet.FilterHolder.doFilter(FilterHolder.java:202)
	at org.eclipse.jetty.servlet.ServletHandler$Chain.doFilter(ServletHandler.java:1635)
	at io.dropwizard.jersey.filter.AllowedMethodsFilter.handle(AllowedMethodsFilter.java:46)
	at io.dropwizard.jersey.filter.AllowedMethodsFilter.doFilter(AllowedMethodsFilter.java:40)
	at org.eclipse.jetty.servlet.FilterHolder.doFilter(FilterHolder.java:202)
	at org.eclipse.jetty.servlet.ServletHandler$Chain.doFilter(ServletHandler.java:1635)
	at com.graphhopper.http.CORSFilter.doFilter(CORSFilter.java:36)
	at org.eclipse.jetty.servlet.FilterHolder.doFilter(FilterHolder.java:202)
	at org.eclipse.jetty.servlet.ServletHandler$Chain.doFilter(ServletHandler.java:1635)
	at org.eclipse.jetty.servlet.ServletHandler.doHandle(ServletHandler.java:527)
	at org.eclipse.jetty.server.handler.ScopedHandler.nextHandle(ScopedHandler.java:221)
	at org.eclipse.jetty.server.handler.ContextHandler.doHandle(ContextHandler.java:1384)
	at org.eclipse.jetty.server.handler.ScopedHandler.nextScope(ScopedHandler.java:176)
	at org.eclipse.jetty.servlet.ServletHandler.doScope(ServletHandler.java:484)
	at org.eclipse.jetty.server.handler.ScopedHandler.nextScope(ScopedHandler.java:174)
	at org.eclipse.jetty.server.handler.ContextHandler.doScope(ContextHandler.java:1306)
	at org.eclipse.jetty.server.handler.ScopedHandler.handle(ScopedHandler.java:129)
	at org.eclipse.jetty.server.handler.HandlerWrapper.handle(HandlerWrapper.java:122)
	at io.dropwizard.metrics.jetty10.InstrumentedHandler.handle(InstrumentedHandler.java:314)
	at io.dropwizard.jetty.RoutingHandler.handle(RoutingHandler.java:52)
	at org.eclipse.jetty.server.handler.HandlerWrapper.handle(HandlerWrapper.java:122)
	at org.eclipse.jetty.server.handler.gzip.GzipHandler.handle(GzipHandler.java:822)
	at io.dropwizard.jetty.ZipExceptionHandlingGzipHandler.handle(ZipExceptionHandlingGzipHandler.java:26)
	at org.eclipse.jetty.server.handler.StatisticsHandler.handle(StatisticsHandler.java:173)
	at org.eclipse.jetty.server.handler.HandlerWrapper.handle(HandlerWrapper.java:122)
	at org.eclipse.jetty.server.Server.handle(Server.java:563)
	at org.eclipse.jetty.server.HttpChannel$RequestDispatchable.dispatch(HttpChannel.java:1598)
	at org.eclipse.jetty.server.HttpChannel.dispatch(HttpChannel.java:753)
	at org.eclipse.jetty.server.HttpChannel.handle(HttpChannel.java:501)
	at org.eclipse.jetty.server.HttpConnection.onFillable(HttpConnection.java:287)
	at org.eclipse.jetty.io.AbstractConnection$ReadCallback.succeeded(AbstractConnection.java:314)
	at org.eclipse.jetty.io.FillInterest.fillable(FillInterest.java:100)
	at org.eclipse.jetty.io.SelectableChannelEndPoint$1.run(SelectableChannelEndPoint.java:53)
	at org.eclipse.jetty.util.thread.strategy.AdaptiveExecutionStrategy.runTask(AdaptiveExecutionStrategy.java:421)
	at org.eclipse.jetty.util.thread.strategy.AdaptiveExecutionStrategy.consumeTask(AdaptiveExecutionStrategy.java:390)
	at org.eclipse.jetty.util.thread.strategy.AdaptiveExecutionStrategy.tryProduce(AdaptiveExecutionStrategy.java:277)
	at org.eclipse.jetty.util.thread.strategy.AdaptiveExecutionStrategy.run(AdaptiveExecutionStrategy.java:199)
	at org.eclipse.jetty.util.thread.ReservedThreadExecutor$ReservedThread.run(ReservedThreadExecutor.java:411)
	at org.eclipse.jetty.util.thread.QueuedThreadPool.runJob(QueuedThreadPool.java:969)
	at org.eclipse.jetty.util.thread.QueuedThreadPool$Runner.doRunJob(QueuedThreadPool.java:1194)
	at org.eclipse.jetty.util.thread.QueuedThreadPool$Runner.run(QueuedThreadPool.java:1149)
	at java.base/java.lang.Thread.run(Thread.java:842)
2026-01-07 11:42:23.897 [pool-2-thread-3 - GET /route?point=-7.159,-34.855&point=-7.158050412847142,-34.85475897789002&profile=pedestrian&profile=foot&points_encoded=false] INFO  c.g.h.IllegalArgumentExceptionMapper - bad request: The requested profile 'pedestrian' does not exist.
Available profiles: [foot]
java.lang.IllegalArgumentException: The requested profile 'pedestrian' does not exist.
Available profiles: [foot]
	at com.graphhopper.http.ProfileResolver.resolveProfile(ProfileResolver.java:46)
	at com.graphhopper.resources.RouteResource.doGet(RouteResource.java:151)
	at java.base/jdk.internal.reflect.NativeMethodAccessorImpl.invoke0(Native Method)
	at java.base/jdk.internal.reflect.NativeMethodAccessorImpl.invoke(NativeMethodAccessorImpl.java:77)
	at java.base/jdk.internal.reflect.DelegatingMethodAccessorImpl.invoke(DelegatingMethodAccessorImpl.java:43)
	at java.base/java.lang.reflect.Method.invoke(Method.java:568)
	at org.glassfish.jersey.server.model.internal.ResourceMethodInvocationHandlerFactory.lambda$static$0(ResourceMethodInvocationHandlerFactory.java:52)
	at org.glassfish.jersey.server.model.internal.AbstractJavaResourceMethodDispatcher$1.run(AbstractJavaResourceMethodDispatcher.java:146)
	at org.glassfish.jersey.server.model.internal.AbstractJavaResourceMethodDispatcher.invoke(AbstractJavaResourceMethodDispatcher.java:189)
	at org.glassfish.jersey.server.model.internal.JavaResourceMethodDispatcherProvider$ResponseOutInvoker.doDispatch(JavaResourceMethodDispatcherProvider.java:176)
	at org.glassfish.jersey.server.model.internal.AbstractJavaResourceMethodDispatcher.dispatch(AbstractJavaResourceMethodDispatcher.java:93)
	at org.glassfish.jersey.server.model.ResourceMethodInvoker.invoke(ResourceMethodInvoker.java:478)
	at org.glassfish.jersey.server.model.ResourceMethodInvoker.apply(ResourceMethodInvoker.java:400)
	at org.glassfish.jersey.server.model.ResourceMethodInvoker.apply(ResourceMethodInvoker.java:81)
	at org.glassfish.jersey.server.ServerRuntime$1.run(ServerRuntime.java:256)
	at org.glassfish.jersey.internal.Errors$1.call(Errors.java:248)
	at org.glassfish.jersey.internal.Errors$1.call(Errors.java:244)
	at org.glassfish.jersey.internal.Errors.process(Errors.java:292)
	at org.glassfish.jersey.internal.Errors.process(Errors.java:274)
	at org.glassfish.jersey.internal.Errors.process(Errors.java:244)
	at org.glassfish.jersey.process.internal.RequestScope.runInScope(RequestScope.java:265)
	at org.glassfish.jersey.server.ServerRuntime.process(ServerRuntime.java:235)
	at org.glassfish.jersey.server.ApplicationHandler.handle(ApplicationHandler.java:684)
	at org.glassfish.jersey.servlet.WebComponent.serviceImpl(WebComponent.java:397)
	at org.glassfish.jersey.servlet.WebComponent.service(WebComponent.java:349)
	at org.glassfish.jersey.servlet.ServletContainer.service(ServletContainer.java:379)
	at org.glassfish.jersey.servlet.ServletContainer.service(ServletContainer.java:312)
	at org.glassfish.jersey.servlet.ServletContainer.service(ServletContainer.java:205)
	at org.eclipse.jetty.servlet.ServletHolder.handle(ServletHolder.java:764)
	at org.eclipse.jetty.servlet.ServletHandler$ChainEnd.doFilter(ServletHandler.java:1665)
	at io.dropwizard.servlets.ThreadNameFilter.doFilter(ThreadNameFilter.java:35)
	at org.eclipse.jetty.servlet.FilterHolder.doFilter(FilterHolder.java:202)
	at org.eclipse.jetty.servlet.ServletHandler$Chain.doFilter(ServletHandler.java:1635)
	at io.dropwizard.jersey.filter.AllowedMethodsFilter.handle(AllowedMethodsFilter.java:46)
	at io.dropwizard.jersey.filter.AllowedMethodsFilter.doFilter(AllowedMethodsFilter.java:40)
	at org.eclipse.jetty.servlet.FilterHolder.doFilter(FilterHolder.java:202)
	at org.eclipse.jetty.servlet.ServletHandler$Chain.doFilter(ServletHandler.java:1635)
	at com.graphhopper.http.CORSFilter.doFilter(CORSFilter.java:36)
	at org.eclipse.jetty.servlet.FilterHolder.doFilter(FilterHolder.java:202)
	at org.eclipse.jetty.servlet.ServletHandler$Chain.doFilter(ServletHandler.java:1635)
	at org.eclipse.jetty.servlet.ServletHandler.doHandle(ServletHandler.java:527)
	at org.eclipse.jetty.server.handler.ScopedHandler.nextHandle(ScopedHandler.java:221)
	at org.eclipse.jetty.server.handler.ContextHandler.doHandle(ContextHandler.java:1384)
	at org.eclipse.jetty.server.handler.ScopedHandler.nextScope(ScopedHandler.java:176)
	at org.eclipse.jetty.servlet.ServletHandler.doScope(ServletHandler.java:484)
	at org.eclipse.jetty.server.handler.ScopedHandler.nextScope(ScopedHandler.java:174)
	at org.eclipse.jetty.server.handler.ContextHandler.doScope(ContextHandler.java:1306)
	at org.eclipse.jetty.server.handler.ScopedHandler.handle(ScopedHandler.java:129)
	at org.eclipse.jetty.server.handler.HandlerWrapper.handle(HandlerWrapper.java:122)
	at io.dropwizard.metrics.jetty10.InstrumentedHandler.handle(InstrumentedHandler.java:314)
	at io.dropwizard.jetty.RoutingHandler.handle(RoutingHandler.java:52)
	at org.eclipse.jetty.server.handler.HandlerWrapper.handle(HandlerWrapper.java:122)
	at org.eclipse.jetty.server.handler.gzip.GzipHandler.handle(GzipHandler.java:822)
	at io.dropwizard.jetty.ZipExceptionHandlingGzipHandler.handle(ZipExceptionHandlingGzipHandler.java:26)
	at org.eclipse.jetty.server.handler.StatisticsHandler.handle(StatisticsHandler.java:173)
	at org.eclipse.jetty.server.handler.HandlerWrapper.handle(HandlerWrapper.java:122)
	at org.eclipse.jetty.server.Server.handle(Server.java:563)
	at org.eclipse.jetty.server.HttpChannel$RequestDispatchable.dispatch(HttpChannel.java:1598)
	at org.eclipse.jetty.server.HttpChannel.dispatch(HttpChannel.java:753)
	at org.eclipse.jetty.server.HttpChannel.handle(HttpChannel.java:501)
	at org.eclipse.jetty.server.HttpConnection.onFillable(HttpConnection.java:287)
	at org.eclipse.jetty.io.AbstractConnection$ReadCallback.succeeded(AbstractConnection.java:314)
	at org.eclipse.jetty.io.FillInterest.fillable(FillInterest.java:100)
	at org.eclipse.jetty.io.SelectableChannelEndPoint$1.run(SelectableChannelEndPoint.java:53)
	at org.eclipse.jetty.util.thread.strategy.AdaptiveExecutionStrategy.runTask(AdaptiveExecutionStrategy.java:421)
	at org.eclipse.jetty.util.thread.strategy.AdaptiveExecutionStrategy.consumeTask(AdaptiveExecutionStrategy.java:390)
	at org.eclipse.jetty.util.thread.strategy.AdaptiveExecutionStrategy.tryProduce(AdaptiveExecutionStrategy.java:277)
	at org.eclipse.jetty.util.thread.strategy.AdaptiveExecutionStrategy.produce(AdaptiveExecutionStrategy.java:193)
	at org.eclipse.jetty.util.thread.QueuedThreadPool.runJob(QueuedThreadPool.java:969)
	at org.eclipse.jetty.util.thread.QueuedThreadPool$Runner.doRunJob(QueuedThreadPool.java:1194)
	at org.eclipse.jetty.util.thread.QueuedThreadPool$Runner.run(QueuedThreadPool.java:1149)
	at java.base/java.lang.Thread.run(Thread.java:842)
2026-01-07 11:42:26.406 [pool-2-thread-12 - GET /route?point=-7.159,-34.855&point=-7.158667835052949,-34.854646325111396&profile=vehicle&profile=foot&points_encoded=false] INFO  c.g.h.IllegalArgumentExceptionMapper - bad request: The requested profile 'vehicle' does not exist.
Available profiles: [foot]
java.lang.IllegalArgumentException: The requested profile 'vehicle' does not exist.
Available profiles: [foot]
	at com.graphhopper.http.ProfileResolver.resolveProfile(ProfileResolver.java:46)
	at com.graphhopper.resources.RouteResource.doGet(RouteResource.java:151)
	at java.base/jdk.internal.reflect.NativeMethodAccessorImpl.invoke0(Native Method)
	at java.base/jdk.internal.reflect.NativeMethodAccessorImpl.invoke(NativeMethodAccessorImpl.java:77)
	at java.base/jdk.internal.reflect.DelegatingMethodAccessorImpl.invoke(DelegatingMethodAccessorImpl.java:43)
	at java.base/java.lang.reflect.Method.invoke(Method.java:568)
	at org.glassfish.jersey.server.model.internal.ResourceMethodInvocationHandlerFactory.lambda$static$0(ResourceMethodInvocationHandlerFactory.java:52)
	at org.glassfish.jersey.server.model.internal.AbstractJavaResourceMethodDispatcher$1.run(AbstractJavaResourceMethodDispatcher.java:146)
	at org.glassfish.jersey.server.model.internal.AbstractJavaResourceMethodDispatcher.invoke(AbstractJavaResourceMethodDispatcher.java:189)
	at org.glassfish.jersey.server.model.internal.JavaResourceMethodDispatcherProvider$ResponseOutInvoker.doDispatch(JavaResourceMethodDispatcherProvider.java:176)
	at org.glassfish.jersey.server.model.internal.AbstractJavaResourceMethodDispatcher.dispatch(AbstractJavaResourceMethodDispatcher.java:93)
	at org.glassfish.jersey.server.model.ResourceMethodInvoker.invoke(ResourceMethodInvoker.java:478)
	at org.glassfish.jersey.server.model.ResourceMethodInvoker.apply(ResourceMethodInvoker.java:400)
	at org.glassfish.jersey.server.model.ResourceMethodInvoker.apply(ResourceMethodInvoker.java:81)
	at org.glassfish.jersey.server.ServerRuntime$1.run(ServerRuntime.java:256)
	at org.glassfish.jersey.internal.Errors$1.call(Errors.java:248)
	at org.glassfish.jersey.internal.Errors$1.call(Errors.java:244)
	at org.glassfish.jersey.internal.Errors.process(Errors.java:292)
	at org.glassfish.jersey.internal.Errors.process(Errors.java:274)
	at org.glassfish.jersey.internal.Errors.process(Errors.java:244)
	at org.glassfish.jersey.process.internal.RequestScope.runInScope(RequestScope.java:265)
	at org.glassfish.jersey.server.ServerRuntime.process(ServerRuntime.java:235)
	at org.glassfish.jersey.server.ApplicationHandler.handle(ApplicationHandler.java:684)
	at org.glassfish.jersey.servlet.WebComponent.serviceImpl(WebComponent.java:397)
	at org.glassfish.jersey.servlet.WebComponent.service(WebComponent.java:349)
	at org.glassfish.jersey.servlet.ServletContainer.service(ServletContainer.java:379)
	at org.glassfish.jersey.servlet.ServletContainer.service(ServletContainer.java:312)
	at org.glassfish.jersey.servlet.ServletContainer.service(ServletContainer.java:205)
	at org.eclipse.jetty.servlet.ServletHolder.handle(ServletHolder.java:764)
	at org.eclipse.jetty.servlet.ServletHandler$ChainEnd.doFilter(ServletHandler.java:1665)
	at io.dropwizard.servlets.ThreadNameFilter.doFilter(ThreadNameFilter.java:35)
	at org.eclipse.jetty.servlet.FilterHolder.doFilter(FilterHolder.java:202)
	at org.eclipse.jetty.servlet.ServletHandler$Chain.doFilter(ServletHandler.java:1635)
	at io.dropwizard.jersey.filter.AllowedMethodsFilter.handle(AllowedMethodsFilter.java:46)
	at io.dropwizard.jersey.filter.AllowedMethodsFilter.doFilter(AllowedMethodsFilter.java:40)
	at org.eclipse.jetty.servlet.FilterHolder.doFilter(FilterHolder.java:202)
	at org.eclipse.jetty.servlet.ServletHandler$Chain.doFilter(ServletHandler.java:1635)
	at com.graphhopper.http.CORSFilter.doFilter(CORSFilter.java:36)
	at org.eclipse.jetty.servlet.FilterHolder.doFilter(FilterHolder.java:202)
	at org.eclipse.jetty.servlet.ServletHandler$Chain.doFilter(ServletHandler.java:1635)
	at org.eclipse.jetty.servlet.ServletHandler.doHandle(ServletHandler.java:527)
	at org.eclipse.jetty.server.handler.ScopedHandler.nextHandle(ScopedHandler.java:221)
	at org.eclipse.jetty.server.handler.ContextHandler.doHandle(ContextHandler.java:1384)
	at org.eclipse.jetty.server.handler.ScopedHandler.nextScope(ScopedHandler.java:176)
	at org.eclipse.jetty.servlet.ServletHandler.doScope(ServletHandler.java:484)
	at org.eclipse.jetty.server.handler.ScopedHandler.nextScope(ScopedHandler.java:174)
	at org.eclipse.jetty.server.handler.ContextHandler.doScope(ContextHandler.java:1306)
	at org.eclipse.jetty.server.handler.ScopedHandler.handle(ScopedHandler.java:129)
	at org.eclipse.jetty.server.handler.HandlerWrapper.handle(HandlerWrapper.java:122)
	at io.dropwizard.metrics.jetty10.InstrumentedHandler.handle(InstrumentedHandler.java:314)
	at io.dropwizard.jetty.RoutingHandler.handle(RoutingHandler.java:52)
	at org.eclipse.jetty.server.handler.HandlerWrapper.handle(HandlerWrapper.java:122)
	at org.eclipse.jetty.server.handler.gzip.GzipHandler.handle(GzipHandler.java:822)
	at io.dropwizard.jetty.ZipExceptionHandlingGzipHandler.handle(ZipExceptionHandlingGzipHandler.java:26)
	at org.eclipse.jetty.server.handler.StatisticsHandler.handle(StatisticsHandler.java:173)
	at org.eclipse.jetty.server.handler.HandlerWrapper.handle(HandlerWrapper.java:122)
	at org.eclipse.jetty.server.Server.handle(Server.java:563)
	at org.eclipse.jetty.server.HttpChannel$RequestDispatchable.dispatch(HttpChannel.java:1598)
	at org.eclipse.jetty.server.HttpChannel.dispatch(HttpChannel.java:753)
	at org.eclipse.jetty.server.HttpChannel.handle(HttpChannel.java:501)
	at org.eclipse.jetty.server.HttpConnection.onFillable(HttpConnection.java:287)
	at org.eclipse.jetty.io.AbstractConnection$ReadCallback.succeeded(AbstractConnection.java:314)
	at org.eclipse.jetty.io.FillInterest.fillable(FillInterest.java:100)
	at org.eclipse.jetty.io.SelectableChannelEndPoint$1.run(SelectableChannelEndPoint.java:53)
	at org.eclipse.jetty.util.thread.strategy.AdaptiveExecutionStrategy.runTask(AdaptiveExecutionStrategy.java:421)
	at org.eclipse.jetty.util.thread.strategy.AdaptiveExecutionStrategy.consumeTask(AdaptiveExecutionStrategy.java:390)
	at org.eclipse.jetty.util.thread.strategy.AdaptiveExecutionStrategy.tryProduce(AdaptiveExecutionStrategy.java:277)
	at org.eclipse.jetty.util.thread.strategy.AdaptiveExecutionStrategy.run(AdaptiveExecutionStrategy.java:199)
	at org.eclipse.jetty.util.thread.ReservedThreadExecutor$ReservedThread.run(ReservedThreadExecutor.java:411)
	at org.eclipse.jetty.util.thread.QueuedThreadPool.runJob(QueuedThreadPool.java:969)
	at org.eclipse.jetty.util.thread.QueuedThreadPool$Runner.doRunJob(QueuedThreadPool.java:1194)
	at org.eclipse.jetty.util.thread.QueuedThreadPool$Runner.run(QueuedThreadPool.java:1149)
	at java.base/java.lang.Thread.run(Thread.java:842)
2026-01-07 11:42:27.337 [pool-2-thread-2 - GET /route?point=-7.159,-34.855&point=-7.158183478048351,-34.854930639266975&profile=vehicle&profile=foot&points_encoded=false] INFO  c.g.h.IllegalArgumentExceptionMapper - bad request: The requested profile 'vehicle' does not exist.
Available profiles: [foot]
java.lang.IllegalArgumentException: The requested profile 'vehicle' does not exist.
Available profiles: [foot]
	at com.graphhopper.http.ProfileResolver.resolveProfile(ProfileResolver.java:46)
	at com.graphhopper.resources.RouteResource.doGet(RouteResource.java:151)
	at java.base/jdk.internal.reflect.NativeMethodAccessorImpl.invoke0(Native Method)
	at java.base/jdk.internal.reflect.NativeMethodAccessorImpl.invoke(NativeMethodAccessorImpl.java:77)
	at java.base/jdk.internal.reflect.DelegatingMethodAccessorImpl.invoke(DelegatingMethodAccessorImpl.java:43)
	at java.base/java.lang.reflect.Method.invoke(Method.java:568)
	at org.glassfish.jersey.server.model.internal.ResourceMethodInvocationHandlerFactory.lambda$static$0(ResourceMethodInvocationHandlerFactory.java:52)
	at org.glassfish.jersey.server.model.internal.AbstractJavaResourceMethodDispatcher$1.run(AbstractJavaResourceMethodDispatcher.java:146)
	at org.glassfish.jersey.server.model.internal.AbstractJavaResourceMethodDispatcher.invoke(AbstractJavaResourceMethodDispatcher.java:189)
	at org.glassfish.jersey.server.model.internal.JavaResourceMethodDispatcherProvider$ResponseOutInvoker.doDispatch(JavaResourceMethodDispatcherProvider.java:176)
	at org.glassfish.jersey.server.model.internal.AbstractJavaResourceMethodDispatcher.dispatch(AbstractJavaResourceMethodDispatcher.java:93)
	at org.glassfish.jersey.server.model.ResourceMethodInvoker.invoke(ResourceMethodInvoker.java:478)
	at org.glassfish.jersey.server.model.ResourceMethodInvoker.apply(ResourceMethodInvoker.java:400)
	at org.glassfish.jersey.server.model.ResourceMethodInvoker.apply(ResourceMethodInvoker.java:81)
	at org.glassfish.jersey.server.ServerRuntime$1.run(ServerRuntime.java:256)
	at org.glassfish.jersey.internal.Errors$1.call(Errors.java:248)
	at org.glassfish.jersey.internal.Errors$1.call(Errors.java:244)
	at org.glassfish.jersey.internal.Errors.process(Errors.java:292)
	at org.glassfish.jersey.internal.Errors.process(Errors.java:274)
	at org.glassfish.jersey.internal.Errors.process(Errors.java:244)
	at org.glassfish.jersey.process.internal.RequestScope.runInScope(RequestScope.java:265)
	at org.glassfish.jersey.server.ServerRuntime.process(ServerRuntime.java:235)
	at org.glassfish.jersey.server.ApplicationHandler.handle(ApplicationHandler.java:684)
	at org.glassfish.jersey.servlet.WebComponent.serviceImpl(WebComponent.java:397)
	at org.glassfish.jersey.servlet.WebComponent.service(WebComponent.java:349)
	at org.glassfish.jersey.servlet.ServletContainer.service(ServletContainer.java:379)
	at org.glassfish.jersey.servlet.ServletContainer.service(ServletContainer.java:312)
	at org.glassfish.jersey.servlet.ServletContainer.service(ServletContainer.java:205)
	at org.eclipse.jetty.servlet.ServletHolder.handle(ServletHolder.java:764)
	at org.eclipse.jetty.servlet.ServletHandler$ChainEnd.doFilter(ServletHandler.java:1665)
	at io.dropwizard.servlets.ThreadNameFilter.doFilter(ThreadNameFilter.java:35)
	at org.eclipse.jetty.servlet.FilterHolder.doFilter(FilterHolder.java:202)
	at org.eclipse.jetty.servlet.ServletHandler$Chain.doFilter(ServletHandler.java:1635)
	at io.dropwizard.jersey.filter.AllowedMethodsFilter.handle(AllowedMethodsFilter.java:46)
	at io.dropwizard.jersey.filter.AllowedMethodsFilter.doFilter(AllowedMethodsFilter.java:40)
	at org.eclipse.jetty.servlet.FilterHolder.doFilter(FilterHolder.java:202)
	at org.eclipse.jetty.servlet.ServletHandler$Chain.doFilter(ServletHandler.java:1635)
	at com.graphhopper.http.CORSFilter.doFilter(CORSFilter.java:36)
	at org.eclipse.jetty.servlet.FilterHolder.doFilter(FilterHolder.java:202)
	at org.eclipse.jetty.servlet.ServletHandler$Chain.doFilter(ServletHandler.java:1635)
	at org.eclipse.jetty.servlet.ServletHandler.doHandle(ServletHandler.java:527)
	at org.eclipse.jetty.server.handler.ScopedHandler.nextHandle(ScopedHandler.java:221)
	at org.eclipse.jetty.server.handler.ContextHandler.doHandle(ContextHandler.java:1384)
	at org.eclipse.jetty.server.handler.ScopedHandler.nextScope(ScopedHandler.java:176)
	at org.eclipse.jetty.servlet.ServletHandler.doScope(ServletHandler.java:484)
	at org.eclipse.jetty.server.handler.ScopedHandler.nextScope(ScopedHandler.java:174)
	at org.eclipse.jetty.server.handler.ContextHandler.doScope(ContextHandler.java:1306)
	at org.eclipse.jetty.server.handler.ScopedHandler.handle(ScopedHandler.java:129)
	at org.eclipse.jetty.server.handler.HandlerWrapper.handle(HandlerWrapper.java:122)
	at io.dropwizard.metrics.jetty10.InstrumentedHandler.handle(InstrumentedHandler.java:314)
	at io.dropwizard.jetty.RoutingHandler.handle(RoutingHandler.java:52)
	at org.eclipse.jetty.server.handler.HandlerWrapper.handle(HandlerWrapper.java:122)
	at org.eclipse.jetty.server.handler.gzip.GzipHandler.handle(GzipHandler.java:822)
	at io.dropwizard.jetty.ZipExceptionHandlingGzipHandler.handle(ZipExceptionHandlingGzipHandler.java:26)
	at org.eclipse.jetty.server.handler.StatisticsHandler.handle(StatisticsHandler.java:173)
	at org.eclipse.jetty.server.handler.HandlerWrapper.handle(HandlerWrapper.java:122)
	at org.eclipse.jetty.server.Server.handle(Server.java:563)
	at org.eclipse.jetty.server.HttpChannel$RequestDispatchable.dispatch(HttpChannel.java:1598)
	at org.eclipse.jetty.server.HttpChannel.dispatch(HttpChannel.java:753)
	at org.eclipse.jetty.server.HttpChannel.handle(HttpChannel.java:501)
	at org.eclipse.jetty.server.HttpConnection.onFillable(HttpConnection.java:287)
	at org.eclipse.jetty.io.AbstractConnection$ReadCallback.succeeded(AbstractConnection.java:314)
	at org.eclipse.jetty.io.FillInterest.fillable(FillInterest.java:100)
	at org.eclipse.jetty.io.SelectableChannelEndPoint$1.run(SelectableChannelEndPoint.java:53)
	at org.eclipse.jetty.util.thread.strategy.AdaptiveExecutionStrategy.runTask(AdaptiveExecutionStrategy.java:421)
	at org.eclipse.jetty.util.thread.strategy.AdaptiveExecutionStrategy.consumeTask(AdaptiveExecutionStrategy.java:390)
	at org.eclipse.jetty.util.thread.strategy.AdaptiveExecutionStrategy.tryProduce(AdaptiveExecutionStrategy.java:277)
	at org.eclipse.jetty.util.thread.strategy.AdaptiveExecutionStrategy.run(AdaptiveExecutionStrategy.java:199)
	at org.eclipse.jetty.util.thread.ReservedThreadExecutor$ReservedThread.run(ReservedThreadExecutor.java:411)
	at org.eclipse.jetty.util.thread.QueuedThreadPool.runJob(QueuedThreadPool.java:969)
	at org.eclipse.jetty.util.thread.QueuedThreadPool$Runner.doRunJob(QueuedThreadPool.java:1194)
	at org.eclipse.jetty.util.thread.QueuedThreadPool$Runner.run(QueuedThreadPool.java:1149)
	at java.base/java.lang.Thread.run(Thread.java:842)
2026-01-07 11:42:28.075 [pool-2-thread-12 - GET /route?point=-7.159,-34.855&point=-7.1581621876187675,-34.85488235950471&profile=vehicle&profile=foot&points_encoded=false] INFO  c.g.h.IllegalArgumentExceptionMapper - bad request: The requested profile 'vehicle' does not exist.
Available profiles: [foot]
java.lang.IllegalArgumentException: The requested profile 'vehicle' does not exist.
Available profiles: [foot]
	at com.graphhopper.http.ProfileResolver.resolveProfile(ProfileResolver.java:46)
	at com.graphhopper.resources.RouteResource.doGet(RouteResource.java:151)
	at java.base/jdk.internal.reflect.NativeMethodAccessorImpl.invoke0(Native Method)
	at java.base/jdk.internal.reflect.NativeMethodAccessorImpl.invoke(NativeMethodAccessorImpl.java:77)
	at java.base/jdk.internal.reflect.DelegatingMethodAccessorImpl.invoke(DelegatingMethodAccessorImpl.java:43)
	at java.base/java.lang.reflect.Method.invoke(Method.java:568)
	at org.glassfish.jersey.server.model.internal.ResourceMethodInvocationHandlerFactory.lambda$static$0(ResourceMethodInvocationHandlerFactory.java:52)
	at org.glassfish.jersey.server.model.internal.AbstractJavaResourceMethodDispatcher$1.run(AbstractJavaResourceMethodDispatcher.java:146)
	at org.glassfish.jersey.server.model.internal.AbstractJavaResourceMethodDispatcher.invoke(AbstractJavaResourceMethodDispatcher.java:189)
	at org.glassfish.jersey.server.model.internal.JavaResourceMethodDispatcherProvider$ResponseOutInvoker.doDispatch(JavaResourceMethodDispatcherProvider.java:176)
	at org.glassfish.jersey.server.model.internal.AbstractJavaResourceMethodDispatcher.dispatch(AbstractJavaResourceMethodDispatcher.java:93)
	at org.glassfish.jersey.server.model.ResourceMethodInvoker.invoke(ResourceMethodInvoker.java:478)
	at org.glassfish.jersey.server.model.ResourceMethodInvoker.apply(ResourceMethodInvoker.java:400)
	at org.glassfish.jersey.server.model.ResourceMethodInvoker.apply(ResourceMethodInvoker.java:81)
	at org.glassfish.jersey.server.ServerRuntime$1.run(ServerRuntime.java:256)
	at org.glassfish.jersey.internal.Errors$1.call(Errors.java:248)
	at org.glassfish.jersey.internal.Errors$1.call(Errors.java:244)
	at org.glassfish.jersey.internal.Errors.process(Errors.java:292)
	at org.glassfish.jersey.internal.Errors.process(Errors.java:274)
	at org.glassfish.jersey.internal.Errors.process(Errors.java:244)
	at org.glassfish.jersey.process.internal.RequestScope.runInScope(RequestScope.java:265)
	at org.glassfish.jersey.server.ServerRuntime.process(ServerRuntime.java:235)
	at org.glassfish.jersey.server.ApplicationHandler.handle(ApplicationHandler.java:684)
	at org.glassfish.jersey.servlet.WebComponent.serviceImpl(WebComponent.java:397)
	at org.glassfish.jersey.servlet.WebComponent.service(WebComponent.java:349)
	at org.glassfish.jersey.servlet.ServletContainer.service(ServletContainer.java:379)
	at org.glassfish.jersey.servlet.ServletContainer.service(ServletContainer.java:312)
	at org.glassfish.jersey.servlet.ServletContainer.service(ServletContainer.java:205)
	at org.eclipse.jetty.servlet.ServletHolder.handle(ServletHolder.java:764)
	at org.eclipse.jetty.servlet.ServletHandler$ChainEnd.doFilter(ServletHandler.java:1665)
	at io.dropwizard.servlets.ThreadNameFilter.doFilter(ThreadNameFilter.java:35)
	at org.eclipse.jetty.servlet.FilterHolder.doFilter(FilterHolder.java:202)
	at org.eclipse.jetty.servlet.ServletHandler$Chain.doFilter(ServletHandler.java:1635)
	at io.dropwizard.jersey.filter.AllowedMethodsFilter.handle(AllowedMethodsFilter.java:46)
	at io.dropwizard.jersey.filter.AllowedMethodsFilter.doFilter(AllowedMethodsFilter.java:40)
	at org.eclipse.jetty.servlet.FilterHolder.doFilter(FilterHolder.java:202)
	at org.eclipse.jetty.servlet.ServletHandler$Chain.doFilter(ServletHandler.java:1635)
	at com.graphhopper.http.CORSFilter.doFilter(CORSFilter.java:36)
	at org.eclipse.jetty.servlet.FilterHolder.doFilter(FilterHolder.java:202)
	at org.eclipse.jetty.servlet.ServletHandler$Chain.doFilter(ServletHandler.java:1635)
	at org.eclipse.jetty.servlet.ServletHandler.doHandle(ServletHandler.java:527)
	at org.eclipse.jetty.server.handler.ScopedHandler.nextHandle(ScopedHandler.java:221)
	at org.eclipse.jetty.server.handler.ContextHandler.doHandle(ContextHandler.java:1384)
	at org.eclipse.jetty.server.handler.ScopedHandler.nextScope(ScopedHandler.java:176)
	at org.eclipse.jetty.servlet.ServletHandler.doScope(ServletHandler.java:484)
	at org.eclipse.jetty.server.handler.ScopedHandler.nextScope(ScopedHandler.java:174)
	at org.eclipse.jetty.server.handler.ContextHandler.doScope(ContextHandler.java:1306)
	at org.eclipse.jetty.server.handler.ScopedHandler.handle(ScopedHandler.java:129)
	at org.eclipse.jetty.server.handler.HandlerWrapper.handle(HandlerWrapper.java:122)
	at io.dropwizard.metrics.jetty10.InstrumentedHandler.handle(InstrumentedHandler.java:314)
	at io.dropwizard.jetty.RoutingHandler.handle(RoutingHandler.java:52)
	at org.eclipse.jetty.server.handler.HandlerWrapper.handle(HandlerWrapper.java:122)
	at org.eclipse.jetty.server.handler.gzip.GzipHandler.handle(GzipHandler.java:822)
	at io.dropwizard.jetty.ZipExceptionHandlingGzipHandler.handle(ZipExceptionHandlingGzipHandler.java:26)
	at org.eclipse.jetty.server.handler.StatisticsHandler.handle(StatisticsHandler.java:173)
	at org.eclipse.jetty.server.handler.HandlerWrapper.handle(HandlerWrapper.java:122)
	at org.eclipse.jetty.server.Server.handle(Server.java:563)
	at org.eclipse.jetty.server.HttpChannel$RequestDispatchable.dispatch(HttpChannel.java:1598)
	at org.eclipse.jetty.server.HttpChannel.dispatch(HttpChannel.java:753)
	at org.eclipse.jetty.server.HttpChannel.handle(HttpChannel.java:501)
	at org.eclipse.jetty.server.HttpConnection.onFillable(HttpConnection.java:287)
	at org.eclipse.jetty.io.AbstractConnection$ReadCallback.succeeded(AbstractConnection.java:314)
	at org.eclipse.jetty.io.FillInterest.fillable(FillInterest.java:100)
	at org.eclipse.jetty.io.SelectableChannelEndPoint$1.run(SelectableChannelEndPoint.java:53)
	at org.eclipse.jetty.util.thread.strategy.AdaptiveExecutionStrategy.runTask(AdaptiveExecutionStrategy.java:421)
	at org.eclipse.jetty.util.thread.strategy.AdaptiveExecutionStrategy.consumeTask(AdaptiveExecutionStrategy.java:390)
	at org.eclipse.jetty.util.thread.strategy.AdaptiveExecutionStrategy.tryProduce(AdaptiveExecutionStrategy.java:277)
	at org.eclipse.jetty.util.thread.strategy.AdaptiveExecutionStrategy.run(AdaptiveExecutionStrategy.java:199)
	at org.eclipse.jetty.util.thread.ReservedThreadExecutor$ReservedThread.run(ReservedThreadExecutor.java:411)
	at org.eclipse.jetty.util.thread.QueuedThreadPool.runJob(QueuedThreadPool.java:969)
	at org.eclipse.jetty.util.thread.QueuedThreadPool$Runner.doRunJob(QueuedThreadPool.java:1194)
	at org.eclipse.jetty.util.thread.QueuedThreadPool$Runner.run(QueuedThreadPool.java:1149)
	at java.base/java.lang.Thread.run(Thread.java:842)
2026-01-07 11:42:28.923 [pool-2-thread-2 - GET /route?point=-7.159,-34.855&point=-7.159844128494466,-34.85547244548798&profile=vehicle&profile=foot&points_encoded=false] INFO  c.g.h.IllegalArgumentExceptionMapper - bad request: The requested profile 'vehicle' does not exist.
Available profiles: [foot]
java.lang.IllegalArgumentException: The requested profile 'vehicle' does not exist.
Available profiles: [foot]
	at com.graphhopper.http.ProfileResolver.resolveProfile(ProfileResolver.java:46)
	at com.graphhopper.resources.RouteResource.doGet(RouteResource.java:151)
	at java.base/jdk.internal.reflect.NativeMethodAccessorImpl.invoke0(Native Method)
	at java.base/jdk.internal.reflect.NativeMethodAccessorImpl.invoke(NativeMethodAccessorImpl.java:77)
	at java.base/jdk.internal.reflect.DelegatingMethodAccessorImpl.invoke(DelegatingMethodAccessorImpl.java:43)
	at java.base/java.lang.reflect.Method.invoke(Method.java:568)
	at org.glassfish.jersey.server.model.internal.ResourceMethodInvocationHandlerFactory.lambda$static$0(ResourceMethodInvocationHandlerFactory.java:52)
	at org.glassfish.jersey.server.model.internal.AbstractJavaResourceMethodDispatcher$1.run(AbstractJavaResourceMethodDispatcher.java:146)
	at org.glassfish.jersey.server.model.internal.AbstractJavaResourceMethodDispatcher.invoke(AbstractJavaResourceMethodDispatcher.java:189)
	at org.glassfish.jersey.server.model.internal.JavaResourceMethodDispatcherProvider$ResponseOutInvoker.doDispatch(JavaResourceMethodDispatcherProvider.java:176)
	at org.glassfish.jersey.server.model.internal.AbstractJavaResourceMethodDispatcher.dispatch(AbstractJavaResourceMethodDispatcher.java:93)
	at org.glassfish.jersey.server.model.ResourceMethodInvoker.invoke(ResourceMethodInvoker.java:478)
	at org.glassfish.jersey.server.model.ResourceMethodInvoker.apply(ResourceMethodInvoker.java:400)
	at org.glassfish.jersey.server.model.ResourceMethodInvoker.apply(ResourceMethodInvoker.java:81)
	at org.glassfish.jersey.server.ServerRuntime$1.run(ServerRuntime.java:256)
	at org.glassfish.jersey.internal.Errors$1.call(Errors.java:248)
	at org.glassfish.jersey.internal.Errors$1.call(Errors.java:244)
	at org.glassfish.jersey.internal.Errors.process(Errors.java:292)
	at org.glassfish.jersey.internal.Errors.process(Errors.java:274)
	at org.glassfish.jersey.internal.Errors.process(Errors.java:244)
	at org.glassfish.jersey.process.internal.RequestScope.runInScope(RequestScope.java:265)
	at org.glassfish.jersey.server.ServerRuntime.process(ServerRuntime.java:235)
	at org.glassfish.jersey.server.ApplicationHandler.handle(ApplicationHandler.java:684)
	at org.glassfish.jersey.servlet.WebComponent.serviceImpl(WebComponent.java:397)
	at org.glassfish.jersey.servlet.WebComponent.service(WebComponent.java:349)
	at org.glassfish.jersey.servlet.ServletContainer.service(ServletContainer.java:379)
	at org.glassfish.jersey.servlet.ServletContainer.service(ServletContainer.java:312)
	at org.glassfish.jersey.servlet.ServletContainer.service(ServletContainer.java:205)
	at org.eclipse.jetty.servlet.ServletHolder.handle(ServletHolder.java:764)
	at org.eclipse.jetty.servlet.ServletHandler$ChainEnd.doFilter(ServletHandler.java:1665)
	at io.dropwizard.servlets.ThreadNameFilter.doFilter(ThreadNameFilter.java:35)
	at org.eclipse.jetty.servlet.FilterHolder.doFilter(FilterHolder.java:202)
	at org.eclipse.jetty.servlet.ServletHandler$Chain.doFilter(ServletHandler.java:1635)
	at io.dropwizard.jersey.filter.AllowedMethodsFilter.handle(AllowedMethodsFilter.java:46)
	at io.dropwizard.jersey.filter.AllowedMethodsFilter.doFilter(AllowedMethodsFilter.java:40)
	at org.eclipse.jetty.servlet.FilterHolder.doFilter(FilterHolder.java:202)
	at org.eclipse.jetty.servlet.ServletHandler$Chain.doFilter(ServletHandler.java:1635)
	at com.graphhopper.http.CORSFilter.doFilter(CORSFilter.java:36)
	at org.eclipse.jetty.servlet.FilterHolder.doFilter(FilterHolder.java:202)
	at org.eclipse.jetty.servlet.ServletHandler$Chain.doFilter(ServletHandler.java:1635)
	at org.eclipse.jetty.servlet.ServletHandler.doHandle(ServletHandler.java:527)
	at org.eclipse.jetty.server.handler.ScopedHandler.nextHandle(ScopedHandler.java:221)
	at org.eclipse.jetty.server.handler.ContextHandler.doHandle(ContextHandler.java:1384)
	at org.eclipse.jetty.server.handler.ScopedHandler.nextScope(ScopedHandler.java:176)
	at org.eclipse.jetty.servlet.ServletHandler.doScope(ServletHandler.java:484)
	at org.eclipse.jetty.server.handler.ScopedHandler.nextScope(ScopedHandler.java:174)
	at org.eclipse.jetty.server.handler.ContextHandler.doScope(ContextHandler.java:1306)
	at org.eclipse.jetty.server.handler.ScopedHandler.handle(ScopedHandler.java:129)
	at org.eclipse.jetty.server.handler.HandlerWrapper.handle(HandlerWrapper.java:122)
	at io.dropwizard.metrics.jetty10.InstrumentedHandler.handle(InstrumentedHandler.java:314)
	at io.dropwizard.jetty.RoutingHandler.handle(RoutingHandler.java:52)
	at org.eclipse.jetty.server.handler.HandlerWrapper.handle(HandlerWrapper.java:122)
	at org.eclipse.jetty.server.handler.gzip.GzipHandler.handle(GzipHandler.java:822)
	at io.dropwizard.jetty.ZipExceptionHandlingGzipHandler.handle(ZipExceptionHandlingGzipHandler.java:26)
	at org.eclipse.jetty.server.handler.StatisticsHandler.handle(StatisticsHandler.java:173)
	at org.eclipse.jetty.server.handler.HandlerWrapper.handle(HandlerWrapper.java:122)
	at org.eclipse.jetty.server.Server.handle(Server.java:563)
	at org.eclipse.jetty.server.HttpChannel$RequestDispatchable.dispatch(HttpChannel.java:1598)
	at org.eclipse.jetty.server.HttpChannel.dispatch(HttpChannel.java:753)
	at org.eclipse.jetty.server.HttpChannel.handle(HttpChannel.java:501)
	at org.eclipse.jetty.server.HttpConnection.onFillable(HttpConnection.java:287)
	at org.eclipse.jetty.io.AbstractConnection$ReadCallback.succeeded(AbstractConnection.java:314)
	at org.eclipse.jetty.io.FillInterest.fillable(FillInterest.java:100)
	at org.eclipse.jetty.io.SelectableChannelEndPoint$1.run(SelectableChannelEndPoint.java:53)
	at org.eclipse.jetty.util.thread.strategy.AdaptiveExecutionStrategy.runTask(AdaptiveExecutionStrategy.java:421)
	at org.eclipse.jetty.util.thread.strategy.AdaptiveExecutionStrategy.consumeTask(AdaptiveExecutionStrategy.java:390)
	at org.eclipse.jetty.util.thread.strategy.AdaptiveExecutionStrategy.tryProduce(AdaptiveExecutionStrategy.java:277)
	at org.eclipse.jetty.util.thread.strategy.AdaptiveExecutionStrategy.run(AdaptiveExecutionStrategy.java:199)
	at org.eclipse.jetty.util.thread.ReservedThreadExecutor$ReservedThread.run(ReservedThreadExecutor.java:411)
	at org.eclipse.jetty.util.thread.QueuedThreadPool.runJob(QueuedThreadPool.java:969)
	at org.eclipse.jetty.util.thread.QueuedThreadPool$Runner.doRunJob(QueuedThreadPool.java:1194)
	at org.eclipse.jetty.util.thread.QueuedThreadPool$Runner.run(QueuedThreadPool.java:1149)
	at java.base/java.lang.Thread.run(Thread.java:842)
2026-01-07 11:42:29.808 [pool-2-thread-12 - GET /route?point=-7.159,-34.855&point=-7.160376386973417,-34.85521495342255&profile=vehicle&profile=foot&points_encoded=false] INFO  c.g.h.IllegalArgumentExceptionMapper - bad request: The requested profile 'vehicle' does not exist.
Available profiles: [foot]
java.lang.IllegalArgumentException: The requested profile 'vehicle' does not exist.
Available profiles: [foot]
	at com.graphhopper.http.ProfileResolver.resolveProfile(ProfileResolver.java:46)
	at com.graphhopper.resources.RouteResource.doGet(RouteResource.java:151)
	at java.base/jdk.internal.reflect.NativeMethodAccessorImpl.invoke0(Native Method)
	at java.base/jdk.internal.reflect.NativeMethodAccessorImpl.invoke(NativeMethodAccessorImpl.java:77)
	at java.base/jdk.internal.reflect.DelegatingMethodAccessorImpl.invoke(DelegatingMethodAccessorImpl.java:43)
	at java.base/java.lang.reflect.Method.invoke(Method.java:568)
	at org.glassfish.jersey.server.model.internal.ResourceMethodInvocationHandlerFactory.lambda$static$0(ResourceMethodInvocationHandlerFactory.java:52)
	at org.glassfish.jersey.server.model.internal.AbstractJavaResourceMethodDispatcher$1.run(AbstractJavaResourceMethodDispatcher.java:146)
	at org.glassfish.jersey.server.model.internal.AbstractJavaResourceMethodDispatcher.invoke(AbstractJavaResourceMethodDispatcher.java:189)
	at org.glassfish.jersey.server.model.internal.JavaResourceMethodDispatcherProvider$ResponseOutInvoker.doDispatch(JavaResourceMethodDispatcherProvider.java:176)
	at org.glassfish.jersey.server.model.internal.AbstractJavaResourceMethodDispatcher.dispatch(AbstractJavaResourceMethodDispatcher.java:93)
	at org.glassfish.jersey.server.model.ResourceMethodInvoker.invoke(ResourceMethodInvoker.java:478)
	at org.glassfish.jersey.server.model.ResourceMethodInvoker.apply(ResourceMethodInvoker.java:400)
	at org.glassfish.jersey.server.model.ResourceMethodInvoker.apply(ResourceMethodInvoker.java:81)
	at org.glassfish.jersey.server.ServerRuntime$1.run(ServerRuntime.java:256)
	at org.glassfish.jersey.internal.Errors$1.call(Errors.java:248)
	at org.glassfish.jersey.internal.Errors$1.call(Errors.java:244)
	at org.glassfish.jersey.internal.Errors.process(Errors.java:292)
	at org.glassfish.jersey.internal.Errors.process(Errors.java:274)
	at org.glassfish.jersey.internal.Errors.process(Errors.java:244)
	at org.glassfish.jersey.process.internal.RequestScope.runInScope(RequestScope.java:265)
	at org.glassfish.jersey.server.ServerRuntime.process(ServerRuntime.java:235)
	at org.glassfish.jersey.server.ApplicationHandler.handle(ApplicationHandler.java:684)
	at org.glassfish.jersey.servlet.WebComponent.serviceImpl(WebComponent.java:397)
	at org.glassfish.jersey.servlet.WebComponent.service(WebComponent.java:349)
	at org.glassfish.jersey.servlet.ServletContainer.service(ServletContainer.java:379)
	at org.glassfish.jersey.servlet.ServletContainer.service(ServletContainer.java:312)
	at org.glassfish.jersey.servlet.ServletContainer.service(ServletContainer.java:205)
	at org.eclipse.jetty.servlet.ServletHolder.handle(ServletHolder.java:764)
	at org.eclipse.jetty.servlet.ServletHandler$ChainEnd.doFilter(ServletHandler.java:1665)
	at io.dropwizard.servlets.ThreadNameFilter.doFilter(ThreadNameFilter.java:35)
	at org.eclipse.jetty.servlet.FilterHolder.doFilter(FilterHolder.java:202)
	at org.eclipse.jetty.servlet.ServletHandler$Chain.doFilter(ServletHandler.java:1635)
	at io.dropwizard.jersey.filter.AllowedMethodsFilter.handle(AllowedMethodsFilter.java:46)
	at io.dropwizard.jersey.filter.AllowedMethodsFilter.doFilter(AllowedMethodsFilter.java:40)
	at org.eclipse.jetty.servlet.FilterHolder.doFilter(FilterHolder.java:202)
	at org.eclipse.jetty.servlet.ServletHandler$Chain.doFilter(ServletHandler.java:1635)
	at com.graphhopper.http.CORSFilter.doFilter(CORSFilter.java:36)
	at org.eclipse.jetty.servlet.FilterHolder.doFilter(FilterHolder.java:202)
	at org.eclipse.jetty.servlet.ServletHandler$Chain.doFilter(ServletHandler.java:1635)
	at org.eclipse.jetty.servlet.ServletHandler.doHandle(ServletHandler.java:527)
	at org.eclipse.jetty.server.handler.ScopedHandler.nextHandle(ScopedHandler.java:221)
	at org.eclipse.jetty.server.handler.ContextHandler.doHandle(ContextHandler.java:1384)
	at org.eclipse.jetty.server.handler.ScopedHandler.nextScope(ScopedHandler.java:176)
	at org.eclipse.jetty.servlet.ServletHandler.doScope(ServletHandler.java:484)
	at org.eclipse.jetty.server.handler.ScopedHandler.nextScope(ScopedHandler.java:174)
	at org.eclipse.jetty.server.handler.ContextHandler.doScope(ContextHandler.java:1306)
	at org.eclipse.jetty.server.handler.ScopedHandler.handle(ScopedHandler.java:129)
	at org.eclipse.jetty.server.handler.HandlerWrapper.handle(HandlerWrapper.java:122)
	at io.dropwizard.metrics.jetty10.InstrumentedHandler.handle(InstrumentedHandler.java:314)
	at io.dropwizard.jetty.RoutingHandler.handle(RoutingHandler.java:52)
	at org.eclipse.jetty.server.handler.HandlerWrapper.handle(HandlerWrapper.java:122)
	at org.eclipse.jetty.server.handler.gzip.GzipHandler.handle(GzipHandler.java:822)
	at io.dropwizard.jetty.ZipExceptionHandlingGzipHandler.handle(ZipExceptionHandlingGzipHandler.java:26)
	at org.eclipse.jetty.server.handler.StatisticsHandler.handle(StatisticsHandler.java:173)
	at org.eclipse.jetty.server.handler.HandlerWrapper.handle(HandlerWrapper.java:122)
	at org.eclipse.jetty.server.Server.handle(Server.java:563)
	at org.eclipse.jetty.server.HttpChannel$RequestDispatchable.dispatch(HttpChannel.java:1598)
	at org.eclipse.jetty.server.HttpChannel.dispatch(HttpChannel.java:753)
	at org.eclipse.jetty.server.HttpChannel.handle(HttpChannel.java:501)
	at org.eclipse.jetty.server.HttpConnection.onFillable(HttpConnection.java:287)
	at org.eclipse.jetty.io.AbstractConnection$ReadCallback.succeeded(AbstractConnection.java:314)
	at org.eclipse.jetty.io.FillInterest.fillable(FillInterest.java:100)
	at org.eclipse.jetty.io.SelectableChannelEndPoint$1.run(SelectableChannelEndPoint.java:53)
	at org.eclipse.jetty.util.thread.strategy.AdaptiveExecutionStrategy.runTask(AdaptiveExecutionStrategy.java:421)
	at org.eclipse.jetty.util.thread.strategy.AdaptiveExecutionStrategy.consumeTask(AdaptiveExecutionStrategy.java:390)
	at org.eclipse.jetty.util.thread.strategy.AdaptiveExecutionStrategy.tryProduce(AdaptiveExecutionStrategy.java:277)
	at org.eclipse.jetty.util.thread.strategy.AdaptiveExecutionStrategy.run(AdaptiveExecutionStrategy.java:199)
	at org.eclipse.jetty.util.thread.ReservedThreadExecutor$ReservedThread.run(ReservedThreadExecutor.java:411)
	at org.eclipse.jetty.util.thread.QueuedThreadPool.runJob(QueuedThreadPool.java:969)
	at org.eclipse.jetty.util.thread.QueuedThreadPool$Runner.doRunJob(QueuedThreadPool.java:1194)
	at org.eclipse.jetty.util.thread.QueuedThreadPool$Runner.run(QueuedThreadPool.java:1149)
	at java.base/java.lang.Thread.run(Thread.java:842)
2026-01-07 11:42:36.428 [pool-2-thread-4 - GET /route?point=-7.159,-34.855&point=-7.160376386973417,-34.85521495342255&profile=vehicle&profile=foot&points_encoded=false] INFO  c.g.h.IllegalArgumentExceptionMapper - bad request: The requested profile 'vehicle' does not exist.
Available profiles: [foot]
java.lang.IllegalArgumentException: The requested profile 'vehicle' does not exist.
Available profiles: [foot]
	at com.graphhopper.http.ProfileResolver.resolveProfile(ProfileResolver.java:46)
	at com.graphhopper.resources.RouteResource.doGet(RouteResource.java:151)
	at java.base/jdk.internal.reflect.NativeMethodAccessorImpl.invoke0(Native Method)
	at java.base/jdk.internal.reflect.NativeMethodAccessorImpl.invoke(NativeMethodAccessorImpl.java:77)
	at java.base/jdk.internal.reflect.DelegatingMethodAccessorImpl.invoke(DelegatingMethodAccessorImpl.java:43)
	at java.base/java.lang.reflect.Method.invoke(Method.java:568)
	at org.glassfish.jersey.server.model.internal.ResourceMethodInvocationHandlerFactory.lambda$static$0(ResourceMethodInvocationHandlerFactory.java:52)
	at org.glassfish.jersey.server.model.internal.AbstractJavaResourceMethodDispatcher$1.run(AbstractJavaResourceMethodDispatcher.java:146)
	at org.glassfish.jersey.server.model.internal.AbstractJavaResourceMethodDispatcher.invoke(AbstractJavaResourceMethodDispatcher.java:189)
	at org.glassfish.jersey.server.model.internal.JavaResourceMethodDispatcherProvider$ResponseOutInvoker.doDispatch(JavaResourceMethodDispatcherProvider.java:176)
	at org.glassfish.jersey.server.model.internal.AbstractJavaResourceMethodDispatcher.dispatch(AbstractJavaResourceMethodDispatcher.java:93)
	at org.glassfish.jersey.server.model.ResourceMethodInvoker.invoke(ResourceMethodInvoker.java:478)
	at org.glassfish.jersey.server.model.ResourceMethodInvoker.apply(ResourceMethodInvoker.java:400)
	at org.glassfish.jersey.server.model.ResourceMethodInvoker.apply(ResourceMethodInvoker.java:81)
	at org.glassfish.jersey.server.ServerRuntime$1.run(ServerRuntime.java:256)
	at org.glassfish.jersey.internal.Errors$1.call(Errors.java:248)
	at org.glassfish.jersey.internal.Errors$1.call(Errors.java:244)
	at org.glassfish.jersey.internal.Errors.process(Errors.java:292)
	at org.glassfish.jersey.internal.Errors.process(Errors.java:274)
	at org.glassfish.jersey.internal.Errors.process(Errors.java:244)
	at org.glassfish.jersey.process.internal.RequestScope.runInScope(RequestScope.java:265)
	at org.glassfish.jersey.server.ServerRuntime.process(ServerRuntime.java:235)
	at org.glassfish.jersey.server.ApplicationHandler.handle(ApplicationHandler.java:684)
	at org.glassfish.jersey.servlet.WebComponent.serviceImpl(WebComponent.java:397)
	at org.glassfish.jersey.servlet.WebComponent.service(WebComponent.java:349)
	at org.glassfish.jersey.servlet.ServletContainer.service(ServletContainer.java:379)
	at org.glassfish.jersey.servlet.ServletContainer.service(ServletContainer.java:312)
	at org.glassfish.jersey.servlet.ServletContainer.service(ServletContainer.java:205)
	at org.eclipse.jetty.servlet.ServletHolder.handle(ServletHolder.java:764)
	at org.eclipse.jetty.servlet.ServletHandler$ChainEnd.doFilter(ServletHandler.java:1665)
	at io.dropwizard.servlets.ThreadNameFilter.doFilter(ThreadNameFilter.java:35)
	at org.eclipse.jetty.servlet.FilterHolder.doFilter(FilterHolder.java:202)
	at org.eclipse.jetty.servlet.ServletHandler$Chain.doFilter(ServletHandler.java:1635)
	at io.dropwizard.jersey.filter.AllowedMethodsFilter.handle(AllowedMethodsFilter.java:46)
	at io.dropwizard.jersey.filter.AllowedMethodsFilter.doFilter(AllowedMethodsFilter.java:40)
	at org.eclipse.jetty.servlet.FilterHolder.doFilter(FilterHolder.java:202)
	at org.eclipse.jetty.servlet.ServletHandler$Chain.doFilter(ServletHandler.java:1635)
	at com.graphhopper.http.CORSFilter.doFilter(CORSFilter.java:36)
	at org.eclipse.jetty.servlet.FilterHolder.doFilter(FilterHolder.java:202)
	at org.eclipse.jetty.servlet.ServletHandler$Chain.doFilter(ServletHandler.java:1635)
	at org.eclipse.jetty.servlet.ServletHandler.doHandle(ServletHandler.java:527)
	at org.eclipse.jetty.server.handler.ScopedHandler.nextHandle(ScopedHandler.java:221)
	at org.eclipse.jetty.server.handler.ContextHandler.doHandle(ContextHandler.java:1384)
	at org.eclipse.jetty.server.handler.ScopedHandler.nextScope(ScopedHandler.java:176)
	at org.eclipse.jetty.servlet.ServletHandler.doScope(ServletHandler.java:484)
	at org.eclipse.jetty.server.handler.ScopedHandler.nextScope(ScopedHandler.java:174)
	at org.eclipse.jetty.server.handler.ContextHandler.doScope(ContextHandler.java:1306)
	at org.eclipse.jetty.server.handler.ScopedHandler.handle(ScopedHandler.java:129)
	at org.eclipse.jetty.server.handler.HandlerWrapper.handle(HandlerWrapper.java:122)
	at io.dropwizard.metrics.jetty10.InstrumentedHandler.handle(InstrumentedHandler.java:314)
	at io.dropwizard.jetty.RoutingHandler.handle(RoutingHandler.java:52)
	at org.eclipse.jetty.server.handler.HandlerWrapper.handle(HandlerWrapper.java:122)
	at org.eclipse.jetty.server.handler.gzip.GzipHandler.handle(GzipHandler.java:822)
	at io.dropwizard.jetty.ZipExceptionHandlingGzipHandler.handle(ZipExceptionHandlingGzipHandler.java:26)
	at org.eclipse.jetty.server.handler.StatisticsHandler.handle(StatisticsHandler.java:173)
	at org.eclipse.jetty.server.handler.HandlerWrapper.handle(HandlerWrapper.java:122)
	at org.eclipse.jetty.server.Server.handle(Server.java:563)
	at org.eclipse.jetty.server.HttpChannel$RequestDispatchable.dispatch(HttpChannel.java:1598)
	at org.eclipse.jetty.server.HttpChannel.dispatch(HttpChannel.java:753)
	at org.eclipse.jetty.server.HttpChannel.handle(HttpChannel.java:501)
	at org.eclipse.jetty.server.HttpConnection.onFillable(HttpConnection.java:287)
	at org.eclipse.jetty.io.AbstractConnection$ReadCallback.succeeded(AbstractConnection.java:314)
	at org.eclipse.jetty.io.FillInterest.fillable(FillInterest.java:100)
	at org.eclipse.jetty.io.SelectableChannelEndPoint$1.run(SelectableChannelEndPoint.java:53)
	at org.eclipse.jetty.util.thread.strategy.AdaptiveExecutionStrategy.runTask(AdaptiveExecutionStrategy.java:421)
	at org.eclipse.jetty.util.thread.strategy.AdaptiveExecutionStrategy.consumeTask(AdaptiveExecutionStrategy.java:390)
	at org.eclipse.jetty.util.thread.strategy.AdaptiveExecutionStrategy.tryProduce(AdaptiveExecutionStrategy.java:277)
	at org.eclipse.jetty.util.thread.strategy.AdaptiveExecutionStrategy.produce(AdaptiveExecutionStrategy.java:193)
	at org.eclipse.jetty.util.thread.QueuedThreadPool.runJob(QueuedThreadPool.java:969)
	at org.eclipse.jetty.util.thread.QueuedThreadPool$Runner.doRunJob(QueuedThreadPool.java:1194)
	at org.eclipse.jetty.util.thread.QueuedThreadPool$Runner.run(QueuedThreadPool.java:1149)
	at java.base/java.lang.Thread.run(Thread.java:842)
2026-01-07 11:43:15.206 [pool-2-thread-5 - GET /route?point=-7.159,-34.855&point=-7.158912674661802,-34.85436201095582&profile=vehicle&profile=foot&points_encoded=false] INFO  c.g.h.IllegalArgumentExceptionMapper - bad request: The requested profile 'vehicle' does not exist.
Available profiles: [foot]
java.lang.IllegalArgumentException: The requested profile 'vehicle' does not exist.
Available profiles: [foot]
	at com.graphhopper.http.ProfileResolver.resolveProfile(ProfileResolver.java:46)
	at com.graphhopper.resources.RouteResource.doGet(RouteResource.java:151)
	at java.base/jdk.internal.reflect.NativeMethodAccessorImpl.invoke0(Native Method)
	at java.base/jdk.internal.reflect.NativeMethodAccessorImpl.invoke(NativeMethodAccessorImpl.java:77)
	at java.base/jdk.internal.reflect.DelegatingMethodAccessorImpl.invoke(DelegatingMethodAccessorImpl.java:43)
	at java.base/java.lang.reflect.Method.invoke(Method.java:568)
	at org.glassfish.jersey.server.model.internal.ResourceMethodInvocationHandlerFactory.lambda$static$0(ResourceMethodInvocationHandlerFactory.java:52)
	at org.glassfish.jersey.server.model.internal.AbstractJavaResourceMethodDispatcher$1.run(AbstractJavaResourceMethodDispatcher.java:146)
	at org.glassfish.jersey.server.model.internal.AbstractJavaResourceMethodDispatcher.invoke(AbstractJavaResourceMethodDispatcher.java:189)
	at org.glassfish.jersey.server.model.internal.JavaResourceMethodDispatcherProvider$ResponseOutInvoker.doDispatch(JavaResourceMethodDispatcherProvider.java:176)
	at org.glassfish.jersey.server.model.internal.AbstractJavaResourceMethodDispatcher.dispatch(AbstractJavaResourceMethodDispatcher.java:93)
	at org.glassfish.jersey.server.model.ResourceMethodInvoker.invoke(ResourceMethodInvoker.java:478)
	at org.glassfish.jersey.server.model.ResourceMethodInvoker.apply(ResourceMethodInvoker.java:400)
	at org.glassfish.jersey.server.model.ResourceMethodInvoker.apply(ResourceMethodInvoker.java:81)
	at org.glassfish.jersey.server.ServerRuntime$1.run(ServerRuntime.java:256)
	at org.glassfish.jersey.internal.Errors$1.call(Errors.java:248)
	at org.glassfish.jersey.internal.Errors$1.call(Errors.java:244)
	at org.glassfish.jersey.internal.Errors.process(Errors.java:292)
	at org.glassfish.jersey.internal.Errors.process(Errors.java:274)
	at org.glassfish.jersey.internal.Errors.process(Errors.java:244)
	at org.glassfish.jersey.process.internal.RequestScope.runInScope(RequestScope.java:265)
	at org.glassfish.jersey.server.ServerRuntime.process(ServerRuntime.java:235)
	at org.glassfish.jersey.server.ApplicationHandler.handle(ApplicationHandler.java:684)
	at org.glassfish.jersey.servlet.WebComponent.serviceImpl(WebComponent.java:397)
	at org.glassfish.jersey.servlet.WebComponent.service(WebComponent.java:349)
	at org.glassfish.jersey.servlet.ServletContainer.service(ServletContainer.java:379)
	at org.glassfish.jersey.servlet.ServletContainer.service(ServletContainer.java:312)
	at org.glassfish.jersey.servlet.ServletContainer.service(ServletContainer.java:205)
	at org.eclipse.jetty.servlet.ServletHolder.handle(ServletHolder.java:764)
	at org.eclipse.jetty.servlet.ServletHandler$ChainEnd.doFilter(ServletHandler.java:1665)
	at io.dropwizard.servlets.ThreadNameFilter.doFilter(ThreadNameFilter.java:35)
	at org.eclipse.jetty.servlet.FilterHolder.doFilter(FilterHolder.java:202)
	at org.eclipse.jetty.servlet.ServletHandler$Chain.doFilter(ServletHandler.java:1635)
	at io.dropwizard.jersey.filter.AllowedMethodsFilter.handle(AllowedMethodsFilter.java:46)
	at io.dropwizard.jersey.filter.AllowedMethodsFilter.doFilter(AllowedMethodsFilter.java:40)
	at org.eclipse.jetty.servlet.FilterHolder.doFilter(FilterHolder.java:202)
	at org.eclipse.jetty.servlet.ServletHandler$Chain.doFilter(ServletHandler.java:1635)
	at com.graphhopper.http.CORSFilter.doFilter(CORSFilter.java:36)
	at org.eclipse.jetty.servlet.FilterHolder.doFilter(FilterHolder.java:202)
	at org.eclipse.jetty.servlet.ServletHandler$Chain.doFilter(ServletHandler.java:1635)
	at org.eclipse.jetty.servlet.ServletHandler.doHandle(ServletHandler.java:527)
	at org.eclipse.jetty.server.handler.ScopedHandler.nextHandle(ScopedHandler.java:221)
	at org.eclipse.jetty.server.handler.ContextHandler.doHandle(ContextHandler.java:1384)
	at org.eclipse.jetty.server.handler.ScopedHandler.nextScope(ScopedHandler.java:176)
	at org.eclipse.jetty.servlet.ServletHandler.doScope(ServletHandler.java:484)
	at org.eclipse.jetty.server.handler.ScopedHandler.nextScope(ScopedHandler.java:174)
	at org.eclipse.jetty.server.handler.ContextHandler.doScope(ContextHandler.java:1306)
	at org.eclipse.jetty.server.handler.ScopedHandler.handle(ScopedHandler.java:129)
	at org.eclipse.jetty.server.handler.HandlerWrapper.handle(HandlerWrapper.java:122)
	at io.dropwizard.metrics.jetty10.InstrumentedHandler.handle(InstrumentedHandler.java:314)
	at io.dropwizard.jetty.RoutingHandler.handle(RoutingHandler.java:52)
	at org.eclipse.jetty.server.handler.HandlerWrapper.handle(HandlerWrapper.java:122)
	at org.eclipse.jetty.server.handler.gzip.GzipHandler.handle(GzipHandler.java:822)
	at io.dropwizard.jetty.ZipExceptionHandlingGzipHandler.handle(ZipExceptionHandlingGzipHandler.java:26)
	at org.eclipse.jetty.server.handler.StatisticsHandler.handle(StatisticsHandler.java:173)
	at org.eclipse.jetty.server.handler.HandlerWrapper.handle(HandlerWrapper.java:122)
	at org.eclipse.jetty.server.Server.handle(Server.java:563)
	at org.eclipse.jetty.server.HttpChannel$RequestDispatchable.dispatch(HttpChannel.java:1598)
	at org.eclipse.jetty.server.HttpChannel.dispatch(HttpChannel.java:753)
	at org.eclipse.jetty.server.HttpChannel.handle(HttpChannel.java:501)
	at org.eclipse.jetty.server.HttpConnection.onFillable(HttpConnection.java:287)
	at org.eclipse.jetty.io.AbstractConnection$ReadCallback.succeeded(AbstractConnection.java:314)
	at org.eclipse.jetty.io.FillInterest.fillable(FillInterest.java:100)
	at org.eclipse.jetty.io.SelectableChannelEndPoint$1.run(SelectableChannelEndPoint.java:53)
	at org.eclipse.jetty.util.thread.strategy.AdaptiveExecutionStrategy.runTask(AdaptiveExecutionStrategy.java:421)
	at org.eclipse.jetty.util.thread.strategy.AdaptiveExecutionStrategy.consumeTask(AdaptiveExecutionStrategy.java:390)
	at org.eclipse.jetty.util.thread.strategy.AdaptiveExecutionStrategy.tryProduce(AdaptiveExecutionStrategy.java:277)
	at org.eclipse.jetty.util.thread.strategy.AdaptiveExecutionStrategy.produce(AdaptiveExecutionStrategy.java:193)
	at org.eclipse.jetty.util.thread.QueuedThreadPool.runJob(QueuedThreadPool.java:969)
	at org.eclipse.jetty.util.thread.QueuedThreadPool$Runner.doRunJob(QueuedThreadPool.java:1194)
	at org.eclipse.jetty.util.thread.QueuedThreadPool$Runner.run(QueuedThreadPool.java:1149)
	at java.base/java.lang.Thread.run(Thread.java:842)
2026-01-07 11:43:33.258 [pool-2-thread-6 - GET /route?point=-7.159,-34.855&point=-7.158939287654826,-34.85460877418519&profile=foot&points_encoded=false] INFO  c.g.resources.RouteResource - 127.0.0.1 * node [-7.159,-34.855, -7.158939287654826,-34.85460877418519], took: 29,4ms, algo: , profile: foot, alternatives: 1, distance0: 43.46661211402788, weight0: 31.295960722100073, time0: 1min, points0: 2, debugInfo: idLookup:0.0048197s; , algoInit:4911 ?s, astarbi|beeline-routing:1 ms, path extraction: 307 ?s, visited nodes sum: 2
2026-01-07 11:43:34.289 [pool-2-thread-2 - GET /route?point=-7.159,-34.855&point=-7.159599289385584,-34.85436737537385&profile=foot&points_encoded=false] INFO  c.g.resources.RouteResource - 127.0.0.1 * node [-7.159,-34.855, -7.159599289385584,-34.85436737537385], took: 4,3ms, algo: , profile: foot, alternatives: 1, distance0: 265.7998644902694, weight0: 191.37590243299397, time0: 3min, points0: 4, debugInfo: idLookup:8.011E-4s; , algoInit:116 ?s, astarbi|beeline-routing:1 ms, path extraction: 30 ?s, visited nodes sum: 8
2026-01-07 11:43:38.185 [pool-2-thread-4 - GET /route?point=-7.159,-34.855&point=-7.158891384266237,-34.85454440116883&profile=foot&points_encoded=false] INFO  c.g.resources.RouteResource - 127.0.0.1 * node [-7.159,-34.855, -7.158891384266237,-34.85454440116883], took: 1,3ms, algo: , profile: foot, alternatives: 1, distance0: 51.68556367696658, weight0: 37.213605847415934, time0: 1min, points0: 2, debugInfo: idLookup:6.144E-4s; , algoInit:112 ?s, astarbi|beeline-routing:0 ms, path extraction: 6 ?s, visited nodes sum: 2
2026-01-07 11:43:38.992 [pool-2-thread-2 - GET /route?point=-7.159,-34.855&point=-7.1582846075753,-34.85482871532441&profile=foot&points_encoded=false] INFO  c.g.resources.RouteResource - 127.0.0.1 * node [-7.159,-34.855, -7.1582846075753,-34.85482871532441], took: 1,3ms, algo: , profile: foot, alternatives: 1, distance0: 367.81951322410083, weight0: 264.83004952135263, time0: 4min, points0: 10, debugInfo: idLookup:3.123E-4s; , algoInit:94 ?s, astarbi|beeline-routing:0 ms, path extraction: 17 ?s, visited nodes sum: 14
2026-01-07 12:02:05.641 [pool-2-thread-15 - GET /route?point=-7.159,-34.855&point=-7.1582846075753,-34.85482871532441&profile=foot&points_encoded=false] INFO  c.g.resources.RouteResource - 127.0.0.1 * node [-7.159,-34.855, -7.1582846075753,-34.85482871532441], took: 1,8ms, algo: , profile: foot, alternatives: 1, distance0: 367.81951322410083, weight0: 264.83004952135263, time0: 4min, points0: 10, debugInfo: idLookup:3.071E-4s; , algoInit:137 ?s, astarbi|beeline-routing:0 ms, path extraction: 28 ?s, visited nodes sum: 14
2026-01-07 12:02:29.492 [JettyShutdownThread] INFO  org.eclipse.jetty.server.Server - Stopped Server@149c3204{STOPPING}[10.0.23,sto=30000]
2026-01-07 12:02:29.492 [JettyShutdownThread] INFO  org.eclipse.jetty.server.Server - Shutdown Server@149c3204{STOPPING}[10.0.23,sto=30000]
2026-01-07 12:02:29.497 [JettyShutdownThread] INFO  o.e.jetty.server.AbstractConnector - Stopped application@64693226{HTTP/1.1, (http/1.1)}{localhost:8989}
2026-01-07 12:02:29.498 [JettyShutdownThread] INFO  o.e.jetty.server.AbstractConnector - Stopped admin@1c758545{HTTP/1.1, (http/1.1)}{localhost:8990}
2026-01-07 12:02:29.499 [JettyShutdownThread] INFO  o.e.j.server.handler.ContextHandler - Stopped i.d.j.MutableServletContextHandler@93bf0e0{/,null,STOPPED}
2026-01-07 12:02:29.502 [JettyShutdownThread] INFO  o.e.j.server.handler.ContextHandler - Stopped i.d.j.MutableServletContextHandler@6812c8cc{/,null,STOPPED}
2026-01-07 12:53:13.771 [main] INFO  i.d.core.server.DefaultServerFactory - Registering jersey handler with root path prefix: /
2026-01-07 12:53:13.773 [main] INFO  i.d.core.server.DefaultServerFactory - Registering admin handler with root path prefix: /
2026-01-07 12:53:14.042 [main] INFO  io.dropwizard.assets.AssetsBundle - Registering AssetBundle with name: assets for path /maps/*
2026-01-07 12:53:14.044 [main] INFO  io.dropwizard.assets.AssetsBundle - Registering AssetBundle with name: webjars for path /webjars/*
2026-01-07 12:53:14.049 [main] INFO  i.d.core.server.ServerFactory - Starting GraphHopperApplication
                        _     _
   __ _ _ __ __ _ _ __ | |__ | |__   ___  _ __  _ __   ___ _ __
  / _` | '__/ _` | '_ \| '_ \| '_ \ / _ \| '_ \| '_ \ / _ \ '__|
 | (_| | | | (_| | |_) | | | | | | | (_) | |_) | |_) |  __/ |
  \__, |_|  \__,_| .__/|_| |_|_| |_|\___/| .__/| .__/ \___|_|
  |___/          |_|                     |_|   |_|
2026-01-07 12:53:14.187 [main] INFO  o.e.jetty.setuid.SetUIDListener - Opened application@64693226{HTTP/1.1, (http/1.1)}{localhost:8989}
2026-01-07 12:53:14.187 [main] INFO  o.e.jetty.setuid.SetUIDListener - Opened admin@1c758545{HTTP/1.1, (http/1.1)}{localhost:8990}
2026-01-07 12:53:14.190 [main] INFO  org.eclipse.jetty.server.Server - jetty-10.0.23; built: 2024-08-14T01:14:42.815Z; git: 570aa4a1395ca8f9f800045f3a1fe5fe3af9a598; jvm 17.0.12+8-LTS-286
2026-01-07 12:53:14.205 [main] INFO  com.graphhopper.GraphHopper - version 10.0|2024-11-04T16:04:43Z (9,23,7,5,2,9)
2026-01-07 12:53:14.534 [main] INFO  com.graphhopper.GraphHopper - No custom areas are used, custom_areas.directory not given
2026-01-07 12:53:14.553 [main] INFO  com.graphhopper.GraphHopper - No country rules available
2026-01-07 12:53:14.554 [main] INFO  com.graphhopper.GraphHopper - start creating graph from caminhos_unipe.osm
2026-01-07 12:53:14.628 [main] INFO  com.graphhopper.GraphHopper - using foot|RAM_STORE|2D|no_turn_cost|nodes:9,edges:23,geometry:7,location_index:5,string_index:2,nodesCH:0,shortcuts:9, memory:totalMB:54, usedMB:32
2026-01-07 12:53:14.646 [main] INFO  c.g.reader.osm.WaySegmentParser - Start reading OSM file: 'caminhos_unipe.osm'
2026-01-07 12:53:14.646 [main] INFO  c.g.reader.osm.WaySegmentParser - pass1 - start
2026-01-07 12:53:14.706 [main] INFO  c.g.reader.osm.WaySegmentParser - pass1 - start reading OSM ways
2026-01-07 12:53:14.715 [main] INFO  c.g.reader.osm.WaySegmentParser - pass1 - finished, processed ways: 136, accepted ways: 131, way nodes: 421, relations: 0, totalMB:54, usedMB:31
2026-01-07 12:53:14.717 [main] INFO  c.g.reader.osm.WaySegmentParser - pass1 - finished, took: 69,73ms
2026-01-07 12:53:14.719 [main] INFO  c.g.reader.osm.WaySegmentParser - Creating graph. Node count (pillar+tower): 421, totalMB:54, usedMB:31
2026-01-07 12:53:14.719 [main] INFO  c.g.reader.osm.WaySegmentParser - pass2 - start
2026-01-07 12:53:14.722 [main] INFO  c.g.reader.osm.WaySegmentParser - pass2 - start reading OSM nodes
2026-01-07 12:53:14.726 [main] INFO  c.g.reader.osm.WaySegmentParser - pass2 - start reading OSM ways
2026-01-07 12:53:14.775 [main] INFO  c.g.reader.osm.WaySegmentParser - pass2 - finished, processed ways: 136, way nodes: 421, nodes with tags: 0, node tag capacity: 1,056,768, ignored barriers at junctions: 0
2026-01-07 12:53:14.775 [main] INFO  c.g.reader.osm.WaySegmentParser - pass2 - finished, took: 55,68ms
2026-01-07 12:53:14.782 [main] INFO  c.g.reader.osm.WaySegmentParser - Finished reading OSM file. pass1: 0s,  pass2: 0s,  total: 0s
2026-01-07 12:53:14.782 [main] INFO  c.graphhopper.reader.osm.OSMReader - Finished reading OSM file: C:\dev\NodeJs\Uniclass\backend\graphHopper_server\caminhos_unipe.osm, nodes: 199, edges: 174, zero distance edges: 0
2026-01-07 12:53:14.797 [main] INFO  c.g.r.s.PrepareRoutingSubnetworks - Start marking subnetworks, prepare.min_network_size: 200, threads: 1, nodes: 199, edges: 174, jobs: [foot_subnetwork|com.graphhopper.routing.weighting.custom.CustomWeighting@5f96f6a2], totalMB:54, usedMB:33
2026-01-07 12:53:14.831 [ForkJoinPool-1-worker-1] INFO  c.g.r.s.PrepareRoutingSubnetworks - foot - Found 44 subnetworks (0 single edges and 44 components with more than one edge, total nodes: 348), took: 0.011289s
2026-01-07 12:53:14.840 [ForkJoinPool-1-worker-1] INFO  c.g.r.s.PrepareRoutingSubnetworks - foot - Marked 43 subnetworks (biggest: 32 edges) -> 1 components(s) remain (smallest: 162, biggest: 162 edges), total marked edges: 93, took: 0.0038044s
2026-01-07 12:53:14.843 [main] INFO  c.g.r.s.PrepareRoutingSubnetworks - Finished finding and marking subnetworks for 1 jobs, took: 0.0524722s, totalMB:54, usedMB:35
2026-01-07 12:53:14.844 [main] INFO  com.graphhopper.GraphHopper - nodes: 199, edges: 174
2026-01-07 12:53:14.900 [main] INFO  c.g.storage.index.LocationIndexTree - location index created in 0.0220876s, size:199, leafs:4, precision:300, depth:1, checksum:105, entries:[4], entriesPerLeaf:49.75
2026-01-07 12:53:14.913 [main] INFO  com.graphhopper.GraphHopper - flushing graph foot|RAM_STORE|2D|no_turn_cost|nodes:9,edges:23,geometry:7,location_index:5,string_index:2,nodesCH:0,shortcuts:9, details:edges: 174(1MB), nodes: 199(1MB), bounds: -34.8580337,-34.85221974458527,-7.1609484,-7.1561425, name:(1MB), geo:1,670/-1(1MB), totalMB:54, usedMB:29)
2026-01-07 12:53:14.932 [main] INFO  com.graphhopper.GraphHopper - flushed graph totalMB:54, usedMB:32)
2026-01-07 12:53:14.935 [main] INFO  c.g.http.GraphHopperManaged - loaded graph at:graph-cache-unipe, data_reader_file:caminhos_unipe.osm, encoded values:["{\"className\":\"com.graphhopper.routing.ev.SimpleBooleanEncodedValue\",\"name\":\"foot_access\",\"bits\":1,\"min_storable_value\":0,\"max_storable_value\":1,\"max_value\":1,\"negate_reverse_direction\":false,\"store_two_directions\":true,\"fwd_data_index\":0,\"bwd_data_index\":0,\"fwd_shift\":0,\"bwd_shift\":1,\"fwd_mask\":1,\"bwd_mask\":2}","{\"className\":\"com.graphhopper.routing.ev.DecimalEncodedValueImpl\",\"name\":\"foot_average_speed\",\"bits\":4,\"min_storable_value\":0,\"max_storable_value\":15,\"max_value\":5,\"negate_reverse_direction\":false,\"store_two_directions\":false,\"fwd_data_index\":0,\"bwd_data_index\":0,\"fwd_shift\":2,\"bwd_shift\":-1,\"fwd_mask\":60,\"bwd_mask\":0,\"factor\":1.0,\"use_maximum_as_infinity\":false}","{\"className\":\"com.graphhopper.routing.ev.EnumEncodedValue\",\"name\":\"road_class\",\"bits\":5,\"min_storable_value\":0,\"max_storable_value\":31,\"max_value\":16,\"negate_reverse_direction\":false,\"store_two_directions\":false,\"fwd_data_index\":0,\"bwd_data_index\":0,\"fwd_shift\":6,\"bwd_shift\":-1,\"fwd_mask\":1984,\"bwd_mask\":0,\"enum_type\":\"com.graphhopper.routing.ev.RoadClass\"}","{\"className\":\"com.graphhopper.routing.ev.EnumEncodedValue\",\"name\":\"road_environment\",\"bits\":3,\"min_storable_value\":0,\"max_storable_value\":7,\"max_value\":1,\"negate_reverse_direction\":false,\"store_two_directions\":false,\"fwd_data_index\":0,\"bwd_data_index\":0,\"fwd_shift\":11,\"bwd_shift\":-1,\"fwd_mask\":14336,\"bwd_mask\":0,\"enum_type\":\"com.graphhopper.routing.ev.RoadEnvironment\"}","{\"className\":\"com.graphhopper.routing.ev.SimpleBooleanEncodedValue\",\"name\":\"roundabout\",\"bits\":1,\"min_storable_value\":0,\"max_storable_value\":1,\"max_value\":1,\"negate_reverse_direction\":false,\"store_two_directions\":false,\"fwd_data_index\":0,\"bwd_data_index\":0,\"fwd_shift\":14,\"bwd_shift\":-1,\"fwd_mask\":16384,\"bwd_mask\":0}","{\"className\":\"com.graphhopper.routing.ev.SimpleBooleanEncodedValue\",\"name\":\"road_class_link\",\"bits\":1,\"min_storable_value\":0,\"max_storable_value\":1,\"max_value\":-2147483648,\"negate_reverse_direction\":false,\"store_two_directions\":false,\"fwd_data_index\":0,\"bwd_data_index\":0,\"fwd_shift\":15,\"bwd_shift\":-1,\"fwd_mask\":32768,\"bwd_mask\":0}","{\"className\":\"com.graphhopper.routing.ev.DecimalEncodedValueImpl\",\"name\":\"max_speed\",\"bits\":7,\"min_storable_value\":0,\"max_storable_value\":127,\"max_value\":127,\"negate_reverse_direction\":false,\"store_two_directions\":true,\"fwd_data_index\":0,\"bwd_data_index\":0,\"fwd_shift\":16,\"bwd_shift\":23,\"fwd_mask\":8323072,\"bwd_mask\":1065353216,\"factor\":2.0,\"use_maximum_as_infinity\":true}","{\"className\":\"com.graphhopper.routing.ev.DecimalEncodedValueImpl\",\"name\":\"ferry_speed\",\"bits\":5,\"min_storable_value\":0,\"max_storable_value\":31,\"max_value\":-2147483648,\"negate_reverse_direction\":false,\"store_two_directions\":false,\"fwd_data_index\":1,\"bwd_data_index\":0,\"fwd_shift\":0,\"bwd_shift\":-1,\"fwd_mask\":31,\"bwd_mask\":0,\"factor\":2.0,\"use_maximum_as_infinity\":false}","{\"className\":\"com.graphhopper.routing.ev.SimpleBooleanEncodedValue\",\"name\":\"foot_subnetwork\",\"bits\":1,\"min_storable_value\":0,\"max_storable_value\":1,\"max_value\":1,\"negate_reverse_direction\":false,\"store_two_directions\":false,\"fwd_data_index\":1,\"bwd_data_index\":0,\"fwd_shift\":5,\"bwd_shift\":-1,\"fwd_mask\":32,\"bwd_mask\":0}"], 5 bytes for edge flags, edges: 174(1MB), nodes: 199(1MB), bounds: -34.8580337,-34.85221974458527,-7.1609484,-7.1561425, name:(1MB), geo:1,670/-1(1MB)
2026-01-07 12:53:15.262 [main] WARN  o.g.jersey.internal.inject.Providers - A provider com.codahale.metrics.health.HealthCheckRegistry registered in SERVER runtime does not implement any provider interfaces applicable in the SERVER runtime. Due to constraint configuration problems the provider com.codahale.metrics.health.HealthCheckRegistry will be ignored. 
2026-01-07 12:53:15.397 [main] INFO  i.d.jersey.DropwizardResourceConfig - The following paths were found for the configured resources:

    GET     / (com.graphhopper.application.resources.RootResource)
    GET     /health (com.graphhopper.resources.HealthCheckResource)
    GET     /i18n (com.graphhopper.resources.I18NResource)
    GET     /i18n/{locale} (com.graphhopper.resources.I18NResource)
    GET     /info (com.graphhopper.resources.InfoResource)
    GET     /isochrone (com.graphhopper.resources.IsochroneResource)
    POST    /match (com.graphhopper.resources.MapMatchingResource)
    GET     /mvt/{z}/{x}/{y}.mvt (com.graphhopper.resources.MVTResource)
    GET     /navigate/directions/v5/gh/{profile}/{coordinatesArray : .+} (com.graphhopper.navigation.NavigateResource)
    GET     /nearest (com.graphhopper.resources.NearestResource)
    GET     /route (com.graphhopper.resources.RouteResource)
    POST    /route (com.graphhopper.resources.RouteResource)
    GET     /spt (com.graphhopper.resources.SPTResource)

2026-01-07 12:53:15.401 [main] INFO  o.e.j.server.handler.ContextHandler - Started i.d.j.MutableServletContextHandler@6812c8cc{/,null,AVAILABLE}
2026-01-07 12:53:15.407 [main] INFO  i.d.core.setup.AdminEnvironment - tasks = 

    POST    /tasks/log-level (io.dropwizard.servlets.tasks.LogConfigurationTask)
    POST    /tasks/gc (io.dropwizard.servlets.tasks.GarbageCollectionTask)

2026-01-07 12:53:15.408 [main] INFO  o.e.j.server.handler.ContextHandler - Started i.d.j.MutableServletContextHandler@93bf0e0{/,null,AVAILABLE}
2026-01-07 12:53:15.461 [main] INFO  o.e.jetty.server.AbstractConnector - Started application@64693226{HTTP/1.1, (http/1.1)}{localhost:8989}
2026-01-07 12:53:15.467 [main] INFO  o.e.jetty.server.AbstractConnector - Started admin@1c758545{HTTP/1.1, (http/1.1)}{localhost:8990}
2026-01-07 12:53:15.470 [main] INFO  org.eclipse.jetty.server.Server - Started Server@149c3204{STARTING}[10.0.23,sto=30000] @2910ms
2026-01-07 13:01:35.159 [pool-2-thread-12 - GET /route?point=-7.159,-34.855&point=-7.158859448671045,-34.8544853925705&profile=vehicle&profile=foot&points_encoded=false] INFO  c.g.h.IllegalArgumentExceptionMapper - bad request: The requested profile 'vehicle' does not exist.
Available profiles: [foot]
java.lang.IllegalArgumentException: The requested profile 'vehicle' does not exist.
Available profiles: [foot]
	at com.graphhopper.http.ProfileResolver.resolveProfile(ProfileResolver.java:46)
	at com.graphhopper.resources.RouteResource.doGet(RouteResource.java:151)
	at java.base/jdk.internal.reflect.NativeMethodAccessorImpl.invoke0(Native Method)
	at java.base/jdk.internal.reflect.NativeMethodAccessorImpl.invoke(NativeMethodAccessorImpl.java:77)
	at java.base/jdk.internal.reflect.DelegatingMethodAccessorImpl.invoke(DelegatingMethodAccessorImpl.java:43)
	at java.base/java.lang.reflect.Method.invoke(Method.java:568)
	at org.glassfish.jersey.server.model.internal.ResourceMethodInvocationHandlerFactory.lambda$static$0(ResourceMethodInvocationHandlerFactory.java:52)
	at org.glassfish.jersey.server.model.internal.AbstractJavaResourceMethodDispatcher$1.run(AbstractJavaResourceMethodDispatcher.java:146)
	at org.glassfish.jersey.server.model.internal.AbstractJavaResourceMethodDispatcher.invoke(AbstractJavaResourceMethodDispatcher.java:189)
	at org.glassfish.jersey.server.model.internal.JavaResourceMethodDispatcherProvider$ResponseOutInvoker.doDispatch(JavaResourceMethodDispatcherProvider.java:176)
	at org.glassfish.jersey.server.model.internal.AbstractJavaResourceMethodDispatcher.dispatch(AbstractJavaResourceMethodDispatcher.java:93)
	at org.glassfish.jersey.server.model.ResourceMethodInvoker.invoke(ResourceMethodInvoker.java:478)
	at org.glassfish.jersey.server.model.ResourceMethodInvoker.apply(ResourceMethodInvoker.java:400)
	at org.glassfish.jersey.server.model.ResourceMethodInvoker.apply(ResourceMethodInvoker.java:81)
	at org.glassfish.jersey.server.ServerRuntime$1.run(ServerRuntime.java:256)
	at org.glassfish.jersey.internal.Errors$1.call(Errors.java:248)
	at org.glassfish.jersey.internal.Errors$1.call(Errors.java:244)
	at org.glassfish.jersey.internal.Errors.process(Errors.java:292)
	at org.glassfish.jersey.internal.Errors.process(Errors.java:274)
	at org.glassfish.jersey.internal.Errors.process(Errors.java:244)
	at org.glassfish.jersey.process.internal.RequestScope.runInScope(RequestScope.java:265)
	at org.glassfish.jersey.server.ServerRuntime.process(ServerRuntime.java:235)
	at org.glassfish.jersey.server.ApplicationHandler.handle(ApplicationHandler.java:684)
	at org.glassfish.jersey.servlet.WebComponent.serviceImpl(WebComponent.java:397)
	at org.glassfish.jersey.servlet.WebComponent.service(WebComponent.java:349)
	at org.glassfish.jersey.servlet.ServletContainer.service(ServletContainer.java:379)
	at org.glassfish.jersey.servlet.ServletContainer.service(ServletContainer.java:312)
	at org.glassfish.jersey.servlet.ServletContainer.service(ServletContainer.java:205)
	at org.eclipse.jetty.servlet.ServletHolder.handle(ServletHolder.java:764)
	at org.eclipse.jetty.servlet.ServletHandler$ChainEnd.doFilter(ServletHandler.java:1665)
	at io.dropwizard.servlets.ThreadNameFilter.doFilter(ThreadNameFilter.java:35)
	at org.eclipse.jetty.servlet.FilterHolder.doFilter(FilterHolder.java:202)
	at org.eclipse.jetty.servlet.ServletHandler$Chain.doFilter(ServletHandler.java:1635)
	at io.dropwizard.jersey.filter.AllowedMethodsFilter.handle(AllowedMethodsFilter.java:46)
	at io.dropwizard.jersey.filter.AllowedMethodsFilter.doFilter(AllowedMethodsFilter.java:40)
	at org.eclipse.jetty.servlet.FilterHolder.doFilter(FilterHolder.java:202)
	at org.eclipse.jetty.servlet.ServletHandler$Chain.doFilter(ServletHandler.java:1635)
	at com.graphhopper.http.CORSFilter.doFilter(CORSFilter.java:36)
	at org.eclipse.jetty.servlet.FilterHolder.doFilter(FilterHolder.java:202)
	at org.eclipse.jetty.servlet.ServletHandler$Chain.doFilter(ServletHandler.java:1635)
	at org.eclipse.jetty.servlet.ServletHandler.doHandle(ServletHandler.java:527)
	at org.eclipse.jetty.server.handler.ScopedHandler.nextHandle(ScopedHandler.java:221)
	at org.eclipse.jetty.server.handler.ContextHandler.doHandle(ContextHandler.java:1384)
	at org.eclipse.jetty.server.handler.ScopedHandler.nextScope(ScopedHandler.java:176)
	at org.eclipse.jetty.servlet.ServletHandler.doScope(ServletHandler.java:484)
	at org.eclipse.jetty.server.handler.ScopedHandler.nextScope(ScopedHandler.java:174)
	at org.eclipse.jetty.server.handler.ContextHandler.doScope(ContextHandler.java:1306)
	at org.eclipse.jetty.server.handler.ScopedHandler.handle(ScopedHandler.java:129)
	at org.eclipse.jetty.server.handler.HandlerWrapper.handle(HandlerWrapper.java:122)
	at io.dropwizard.metrics.jetty10.InstrumentedHandler.handle(InstrumentedHandler.java:314)
	at io.dropwizard.jetty.RoutingHandler.handle(RoutingHandler.java:52)
	at org.eclipse.jetty.server.handler.HandlerWrapper.handle(HandlerWrapper.java:122)
	at org.eclipse.jetty.server.handler.gzip.GzipHandler.handle(GzipHandler.java:822)
	at io.dropwizard.jetty.ZipExceptionHandlingGzipHandler.handle(ZipExceptionHandlingGzipHandler.java:26)
	at org.eclipse.jetty.server.handler.StatisticsHandler.handle(StatisticsHandler.java:173)
	at org.eclipse.jetty.server.handler.HandlerWrapper.handle(HandlerWrapper.java:122)
	at org.eclipse.jetty.server.Server.handle(Server.java:563)
	at org.eclipse.jetty.server.HttpChannel$RequestDispatchable.dispatch(HttpChannel.java:1598)
	at org.eclipse.jetty.server.HttpChannel.dispatch(HttpChannel.java:753)
	at org.eclipse.jetty.server.HttpChannel.handle(HttpChannel.java:501)
	at org.eclipse.jetty.server.HttpConnection.onFillable(HttpConnection.java:287)
	at org.eclipse.jetty.io.AbstractConnection$ReadCallback.succeeded(AbstractConnection.java:314)
	at org.eclipse.jetty.io.FillInterest.fillable(FillInterest.java:100)
	at org.eclipse.jetty.io.SelectableChannelEndPoint$1.run(SelectableChannelEndPoint.java:53)
	at org.eclipse.jetty.util.thread.QueuedThreadPool.runJob(QueuedThreadPool.java:969)
	at org.eclipse.jetty.util.thread.QueuedThreadPool$Runner.doRunJob(QueuedThreadPool.java:1194)
	at org.eclipse.jetty.util.thread.QueuedThreadPool$Runner.run(QueuedThreadPool.java:1149)
	at java.base/java.lang.Thread.run(Thread.java:842)
2026-01-07 13:01:36.097 [pool-2-thread-2 - GET /route?point=-7.159,-34.855&point=-7.158082348498973,-34.8547911643982&profile=vehicle&profile=foot&points_encoded=false] INFO  c.g.h.IllegalArgumentExceptionMapper - bad request: The requested profile 'vehicle' does not exist.
Available profiles: [foot]
java.lang.IllegalArgumentException: The requested profile 'vehicle' does not exist.
Available profiles: [foot]
	at com.graphhopper.http.ProfileResolver.resolveProfile(ProfileResolver.java:46)
	at com.graphhopper.resources.RouteResource.doGet(RouteResource.java:151)
	at java.base/jdk.internal.reflect.NativeMethodAccessorImpl.invoke0(Native Method)
	at java.base/jdk.internal.reflect.NativeMethodAccessorImpl.invoke(NativeMethodAccessorImpl.java:77)
	at java.base/jdk.internal.reflect.DelegatingMethodAccessorImpl.invoke(DelegatingMethodAccessorImpl.java:43)
	at java.base/java.lang.reflect.Method.invoke(Method.java:568)
	at org.glassfish.jersey.server.model.internal.ResourceMethodInvocationHandlerFactory.lambda$static$0(ResourceMethodInvocationHandlerFactory.java:52)
	at org.glassfish.jersey.server.model.internal.AbstractJavaResourceMethodDispatcher$1.run(AbstractJavaResourceMethodDispatcher.java:146)
	at org.glassfish.jersey.server.model.internal.AbstractJavaResourceMethodDispatcher.invoke(AbstractJavaResourceMethodDispatcher.java:189)
	at org.glassfish.jersey.server.model.internal.JavaResourceMethodDispatcherProvider$ResponseOutInvoker.doDispatch(JavaResourceMethodDispatcherProvider.java:176)
	at org.glassfish.jersey.server.model.internal.AbstractJavaResourceMethodDispatcher.dispatch(AbstractJavaResourceMethodDispatcher.java:93)
	at org.glassfish.jersey.server.model.ResourceMethodInvoker.invoke(ResourceMethodInvoker.java:478)
	at org.glassfish.jersey.server.model.ResourceMethodInvoker.apply(ResourceMethodInvoker.java:400)
	at org.glassfish.jersey.server.model.ResourceMethodInvoker.apply(ResourceMethodInvoker.java:81)
	at org.glassfish.jersey.server.ServerRuntime$1.run(ServerRuntime.java:256)
	at org.glassfish.jersey.internal.Errors$1.call(Errors.java:248)
	at org.glassfish.jersey.internal.Errors$1.call(Errors.java:244)
	at org.glassfish.jersey.internal.Errors.process(Errors.java:292)
	at org.glassfish.jersey.internal.Errors.process(Errors.java:274)
	at org.glassfish.jersey.internal.Errors.process(Errors.java:244)
	at org.glassfish.jersey.process.internal.RequestScope.runInScope(RequestScope.java:265)
	at org.glassfish.jersey.server.ServerRuntime.process(ServerRuntime.java:235)
	at org.glassfish.jersey.server.ApplicationHandler.handle(ApplicationHandler.java:684)
	at org.glassfish.jersey.servlet.WebComponent.serviceImpl(WebComponent.java:397)
	at org.glassfish.jersey.servlet.WebComponent.service(WebComponent.java:349)
	at org.glassfish.jersey.servlet.ServletContainer.service(ServletContainer.java:379)
	at org.glassfish.jersey.servlet.ServletContainer.service(ServletContainer.java:312)
	at org.glassfish.jersey.servlet.ServletContainer.service(ServletContainer.java:205)
	at org.eclipse.jetty.servlet.ServletHolder.handle(ServletHolder.java:764)
	at org.eclipse.jetty.servlet.ServletHandler$ChainEnd.doFilter(ServletHandler.java:1665)
	at io.dropwizard.servlets.ThreadNameFilter.doFilter(ThreadNameFilter.java:35)
	at org.eclipse.jetty.servlet.FilterHolder.doFilter(FilterHolder.java:202)
	at org.eclipse.jetty.servlet.ServletHandler$Chain.doFilter(ServletHandler.java:1635)
	at io.dropwizard.jersey.filter.AllowedMethodsFilter.handle(AllowedMethodsFilter.java:46)
	at io.dropwizard.jersey.filter.AllowedMethodsFilter.doFilter(AllowedMethodsFilter.java:40)
	at org.eclipse.jetty.servlet.FilterHolder.doFilter(FilterHolder.java:202)
	at org.eclipse.jetty.servlet.ServletHandler$Chain.doFilter(ServletHandler.java:1635)
	at com.graphhopper.http.CORSFilter.doFilter(CORSFilter.java:36)
	at org.eclipse.jetty.servlet.FilterHolder.doFilter(FilterHolder.java:202)
	at org.eclipse.jetty.servlet.ServletHandler$Chain.doFilter(ServletHandler.java:1635)
	at org.eclipse.jetty.servlet.ServletHandler.doHandle(ServletHandler.java:527)
	at org.eclipse.jetty.server.handler.ScopedHandler.nextHandle(ScopedHandler.java:221)
	at org.eclipse.jetty.server.handler.ContextHandler.doHandle(ContextHandler.java:1384)
	at org.eclipse.jetty.server.handler.ScopedHandler.nextScope(ScopedHandler.java:176)
	at org.eclipse.jetty.servlet.ServletHandler.doScope(ServletHandler.java:484)
	at org.eclipse.jetty.server.handler.ScopedHandler.nextScope(ScopedHandler.java:174)
	at org.eclipse.jetty.server.handler.ContextHandler.doScope(ContextHandler.java:1306)
	at org.eclipse.jetty.server.handler.ScopedHandler.handle(ScopedHandler.java:129)
	at org.eclipse.jetty.server.handler.HandlerWrapper.handle(HandlerWrapper.java:122)
	at io.dropwizard.metrics.jetty10.InstrumentedHandler.handle(InstrumentedHandler.java:314)
	at io.dropwizard.jetty.RoutingHandler.handle(RoutingHandler.java:52)
	at org.eclipse.jetty.server.handler.HandlerWrapper.handle(HandlerWrapper.java:122)
	at org.eclipse.jetty.server.handler.gzip.GzipHandler.handle(GzipHandler.java:822)
	at io.dropwizard.jetty.ZipExceptionHandlingGzipHandler.handle(ZipExceptionHandlingGzipHandler.java:26)
	at org.eclipse.jetty.server.handler.StatisticsHandler.handle(StatisticsHandler.java:173)
	at org.eclipse.jetty.server.handler.HandlerWrapper.handle(HandlerWrapper.java:122)
	at org.eclipse.jetty.server.Server.handle(Server.java:563)
	at org.eclipse.jetty.server.HttpChannel$RequestDispatchable.dispatch(HttpChannel.java:1598)
	at org.eclipse.jetty.server.HttpChannel.dispatch(HttpChannel.java:753)
	at org.eclipse.jetty.server.HttpChannel.handle(HttpChannel.java:501)
	at org.eclipse.jetty.server.HttpConnection.onFillable(HttpConnection.java:287)
	at org.eclipse.jetty.io.AbstractConnection$ReadCallback.succeeded(AbstractConnection.java:314)
	at org.eclipse.jetty.io.FillInterest.fillable(FillInterest.java:100)
	at org.eclipse.jetty.io.SelectableChannelEndPoint$1.run(SelectableChannelEndPoint.java:53)
	at org.eclipse.jetty.util.thread.strategy.AdaptiveExecutionStrategy.runTask(AdaptiveExecutionStrategy.java:421)
	at org.eclipse.jetty.util.thread.strategy.AdaptiveExecutionStrategy.consumeTask(AdaptiveExecutionStrategy.java:390)
	at org.eclipse.jetty.util.thread.strategy.AdaptiveExecutionStrategy.tryProduce(AdaptiveExecutionStrategy.java:277)
	at org.eclipse.jetty.util.thread.strategy.AdaptiveExecutionStrategy.produce(AdaptiveExecutionStrategy.java:193)
	at org.eclipse.jetty.util.thread.QueuedThreadPool.runJob(QueuedThreadPool.java:969)
	at org.eclipse.jetty.util.thread.QueuedThreadPool$Runner.doRunJob(QueuedThreadPool.java:1194)
	at org.eclipse.jetty.util.thread.QueuedThreadPool$Runner.run(QueuedThreadPool.java:1149)
	at java.base/java.lang.Thread.run(Thread.java:842)
2026-01-07 13:01:36.965 [pool-2-thread-11 - GET /route?point=-7.159,-34.855&point=-7.159370417925829,-34.85483944416047&profile=vehicle&profile=foot&points_encoded=false] INFO  c.g.h.IllegalArgumentExceptionMapper - bad request: The requested profile 'vehicle' does not exist.
Available profiles: [foot]
java.lang.IllegalArgumentException: The requested profile 'vehicle' does not exist.
Available profiles: [foot]
	at com.graphhopper.http.ProfileResolver.resolveProfile(ProfileResolver.java:46)
	at com.graphhopper.resources.RouteResource.doGet(RouteResource.java:151)
	at java.base/jdk.internal.reflect.NativeMethodAccessorImpl.invoke0(Native Method)
	at java.base/jdk.internal.reflect.NativeMethodAccessorImpl.invoke(NativeMethodAccessorImpl.java:77)
	at java.base/jdk.internal.reflect.DelegatingMethodAccessorImpl.invoke(DelegatingMethodAccessorImpl.java:43)
	at java.base/java.lang.reflect.Method.invoke(Method.java:568)
	at org.glassfish.jersey.server.model.internal.ResourceMethodInvocationHandlerFactory.lambda$static$0(ResourceMethodInvocationHandlerFactory.java:52)
	at org.glassfish.jersey.server.model.internal.AbstractJavaResourceMethodDispatcher$1.run(AbstractJavaResourceMethodDispatcher.java:146)
	at org.glassfish.jersey.server.model.internal.AbstractJavaResourceMethodDispatcher.invoke(AbstractJavaResourceMethodDispatcher.java:189)
	at org.glassfish.jersey.server.model.internal.JavaResourceMethodDispatcherProvider$ResponseOutInvoker.doDispatch(JavaResourceMethodDispatcherProvider.java:176)
	at org.glassfish.jersey.server.model.internal.AbstractJavaResourceMethodDispatcher.dispatch(AbstractJavaResourceMethodDispatcher.java:93)
	at org.glassfish.jersey.server.model.ResourceMethodInvoker.invoke(ResourceMethodInvoker.java:478)
	at org.glassfish.jersey.server.model.ResourceMethodInvoker.apply(ResourceMethodInvoker.java:400)
	at org.glassfish.jersey.server.model.ResourceMethodInvoker.apply(ResourceMethodInvoker.java:81)
	at org.glassfish.jersey.server.ServerRuntime$1.run(ServerRuntime.java:256)
	at org.glassfish.jersey.internal.Errors$1.call(Errors.java:248)
	at org.glassfish.jersey.internal.Errors$1.call(Errors.java:244)
	at org.glassfish.jersey.internal.Errors.process(Errors.java:292)
	at org.glassfish.jersey.internal.Errors.process(Errors.java:274)
	at org.glassfish.jersey.internal.Errors.process(Errors.java:244)
	at org.glassfish.jersey.process.internal.RequestScope.runInScope(RequestScope.java:265)
	at org.glassfish.jersey.server.ServerRuntime.process(ServerRuntime.java:235)
	at org.glassfish.jersey.server.ApplicationHandler.handle(ApplicationHandler.java:684)
	at org.glassfish.jersey.servlet.WebComponent.serviceImpl(WebComponent.java:397)
	at org.glassfish.jersey.servlet.WebComponent.service(WebComponent.java:349)
	at org.glassfish.jersey.servlet.ServletContainer.service(ServletContainer.java:379)
	at org.glassfish.jersey.servlet.ServletContainer.service(ServletContainer.java:312)
	at org.glassfish.jersey.servlet.ServletContainer.service(ServletContainer.java:205)
	at org.eclipse.jetty.servlet.ServletHolder.handle(ServletHolder.java:764)
	at org.eclipse.jetty.servlet.ServletHandler$ChainEnd.doFilter(ServletHandler.java:1665)
	at io.dropwizard.servlets.ThreadNameFilter.doFilter(ThreadNameFilter.java:35)
	at org.eclipse.jetty.servlet.FilterHolder.doFilter(FilterHolder.java:202)
	at org.eclipse.jetty.servlet.ServletHandler$Chain.doFilter(ServletHandler.java:1635)
	at io.dropwizard.jersey.filter.AllowedMethodsFilter.handle(AllowedMethodsFilter.java:46)
	at io.dropwizard.jersey.filter.AllowedMethodsFilter.doFilter(AllowedMethodsFilter.java:40)
	at org.eclipse.jetty.servlet.FilterHolder.doFilter(FilterHolder.java:202)
	at org.eclipse.jetty.servlet.ServletHandler$Chain.doFilter(ServletHandler.java:1635)
	at com.graphhopper.http.CORSFilter.doFilter(CORSFilter.java:36)
	at org.eclipse.jetty.servlet.FilterHolder.doFilter(FilterHolder.java:202)
	at org.eclipse.jetty.servlet.ServletHandler$Chain.doFilter(ServletHandler.java:1635)
	at org.eclipse.jetty.servlet.ServletHandler.doHandle(ServletHandler.java:527)
	at org.eclipse.jetty.server.handler.ScopedHandler.nextHandle(ScopedHandler.java:221)
	at org.eclipse.jetty.server.handler.ContextHandler.doHandle(ContextHandler.java:1384)
	at org.eclipse.jetty.server.handler.ScopedHandler.nextScope(ScopedHandler.java:176)
	at org.eclipse.jetty.servlet.ServletHandler.doScope(ServletHandler.java:484)
	at org.eclipse.jetty.server.handler.ScopedHandler.nextScope(ScopedHandler.java:174)
	at org.eclipse.jetty.server.handler.ContextHandler.doScope(ContextHandler.java:1306)
	at org.eclipse.jetty.server.handler.ScopedHandler.handle(ScopedHandler.java:129)
	at org.eclipse.jetty.server.handler.HandlerWrapper.handle(HandlerWrapper.java:122)
	at io.dropwizard.metrics.jetty10.InstrumentedHandler.handle(InstrumentedHandler.java:314)
	at io.dropwizard.jetty.RoutingHandler.handle(RoutingHandler.java:52)
	at org.eclipse.jetty.server.handler.HandlerWrapper.handle(HandlerWrapper.java:122)
	at org.eclipse.jetty.server.handler.gzip.GzipHandler.handle(GzipHandler.java:822)
	at io.dropwizard.jetty.ZipExceptionHandlingGzipHandler.handle(ZipExceptionHandlingGzipHandler.java:26)
	at org.eclipse.jetty.server.handler.StatisticsHandler.handle(StatisticsHandler.java:173)
	at org.eclipse.jetty.server.handler.HandlerWrapper.handle(HandlerWrapper.java:122)
	at org.eclipse.jetty.server.Server.handle(Server.java:563)
	at org.eclipse.jetty.server.HttpChannel$RequestDispatchable.dispatch(HttpChannel.java:1598)
	at org.eclipse.jetty.server.HttpChannel.dispatch(HttpChannel.java:753)
	at org.eclipse.jetty.server.HttpChannel.handle(HttpChannel.java:501)
	at org.eclipse.jetty.server.HttpConnection.onFillable(HttpConnection.java:287)
	at org.eclipse.jetty.io.AbstractConnection$ReadCallback.succeeded(AbstractConnection.java:314)
	at org.eclipse.jetty.io.FillInterest.fillable(FillInterest.java:100)
	at org.eclipse.jetty.io.SelectableChannelEndPoint$1.run(SelectableChannelEndPoint.java:53)
	at org.eclipse.jetty.util.thread.strategy.AdaptiveExecutionStrategy.runTask(AdaptiveExecutionStrategy.java:421)
	at org.eclipse.jetty.util.thread.strategy.AdaptiveExecutionStrategy.consumeTask(AdaptiveExecutionStrategy.java:390)
	at org.eclipse.jetty.util.thread.strategy.AdaptiveExecutionStrategy.tryProduce(AdaptiveExecutionStrategy.java:277)
	at org.eclipse.jetty.util.thread.strategy.AdaptiveExecutionStrategy.run(AdaptiveExecutionStrategy.java:199)
	at org.eclipse.jetty.util.thread.ReservedThreadExecutor$ReservedThread.run(ReservedThreadExecutor.java:411)
	at org.eclipse.jetty.util.thread.QueuedThreadPool.runJob(QueuedThreadPool.java:969)
	at org.eclipse.jetty.util.thread.QueuedThreadPool$Runner.doRunJob(QueuedThreadPool.java:1194)
	at org.eclipse.jetty.util.thread.QueuedThreadPool$Runner.run(QueuedThreadPool.java:1149)
	at java.base/java.lang.Thread.run(Thread.java:842)
2026-01-07 13:01:37.874 [pool-2-thread-12 - GET /route?point=-7.159,-34.855&point=-7.159498160150088,-34.85436737537385&profile=vehicle&profile=foot&points_encoded=false] INFO  c.g.h.IllegalArgumentExceptionMapper - bad request: The requested profile 'vehicle' does not exist.
Available profiles: [foot]
java.lang.IllegalArgumentException: The requested profile 'vehicle' does not exist.
Available profiles: [foot]
	at com.graphhopper.http.ProfileResolver.resolveProfile(ProfileResolver.java:46)
	at com.graphhopper.resources.RouteResource.doGet(RouteResource.java:151)
	at java.base/jdk.internal.reflect.NativeMethodAccessorImpl.invoke0(Native Method)
	at java.base/jdk.internal.reflect.NativeMethodAccessorImpl.invoke(NativeMethodAccessorImpl.java:77)
	at java.base/jdk.internal.reflect.DelegatingMethodAccessorImpl.invoke(DelegatingMethodAccessorImpl.java:43)
	at java.base/java.lang.reflect.Method.invoke(Method.java:568)
	at org.glassfish.jersey.server.model.internal.ResourceMethodInvocationHandlerFactory.lambda$static$0(ResourceMethodInvocationHandlerFactory.java:52)
	at org.glassfish.jersey.server.model.internal.AbstractJavaResourceMethodDispatcher$1.run(AbstractJavaResourceMethodDispatcher.java:146)
	at org.glassfish.jersey.server.model.internal.AbstractJavaResourceMethodDispatcher.invoke(AbstractJavaResourceMethodDispatcher.java:189)
	at org.glassfish.jersey.server.model.internal.JavaResourceMethodDispatcherProvider$ResponseOutInvoker.doDispatch(JavaResourceMethodDispatcherProvider.java:176)
	at org.glassfish.jersey.server.model.internal.AbstractJavaResourceMethodDispatcher.dispatch(AbstractJavaResourceMethodDispatcher.java:93)
	at org.glassfish.jersey.server.model.ResourceMethodInvoker.invoke(ResourceMethodInvoker.java:478)
	at org.glassfish.jersey.server.model.ResourceMethodInvoker.apply(ResourceMethodInvoker.java:400)
	at org.glassfish.jersey.server.model.ResourceMethodInvoker.apply(ResourceMethodInvoker.java:81)
	at org.glassfish.jersey.server.ServerRuntime$1.run(ServerRuntime.java:256)
	at org.glassfish.jersey.internal.Errors$1.call(Errors.java:248)
	at org.glassfish.jersey.internal.Errors$1.call(Errors.java:244)
	at org.glassfish.jersey.internal.Errors.process(Errors.java:292)
	at org.glassfish.jersey.internal.Errors.process(Errors.java:274)
	at org.glassfish.jersey.internal.Errors.process(Errors.java:244)
	at org.glassfish.jersey.process.internal.RequestScope.runInScope(RequestScope.java:265)
	at org.glassfish.jersey.server.ServerRuntime.process(ServerRuntime.java:235)
	at org.glassfish.jersey.server.ApplicationHandler.handle(ApplicationHandler.java:684)
	at org.glassfish.jersey.servlet.WebComponent.serviceImpl(WebComponent.java:397)
	at org.glassfish.jersey.servlet.WebComponent.service(WebComponent.java:349)
	at org.glassfish.jersey.servlet.ServletContainer.service(ServletContainer.java:379)
	at org.glassfish.jersey.servlet.ServletContainer.service(ServletContainer.java:312)
	at org.glassfish.jersey.servlet.ServletContainer.service(ServletContainer.java:205)
	at org.eclipse.jetty.servlet.ServletHolder.handle(ServletHolder.java:764)
	at org.eclipse.jetty.servlet.ServletHandler$ChainEnd.doFilter(ServletHandler.java:1665)
	at io.dropwizard.servlets.ThreadNameFilter.doFilter(ThreadNameFilter.java:35)
	at org.eclipse.jetty.servlet.FilterHolder.doFilter(FilterHolder.java:202)
	at org.eclipse.jetty.servlet.ServletHandler$Chain.doFilter(ServletHandler.java:1635)
	at io.dropwizard.jersey.filter.AllowedMethodsFilter.handle(AllowedMethodsFilter.java:46)
	at io.dropwizard.jersey.filter.AllowedMethodsFilter.doFilter(AllowedMethodsFilter.java:40)
	at org.eclipse.jetty.servlet.FilterHolder.doFilter(FilterHolder.java:202)
	at org.eclipse.jetty.servlet.ServletHandler$Chain.doFilter(ServletHandler.java:1635)
	at com.graphhopper.http.CORSFilter.doFilter(CORSFilter.java:36)
	at org.eclipse.jetty.servlet.FilterHolder.doFilter(FilterHolder.java:202)
	at org.eclipse.jetty.servlet.ServletHandler$Chain.doFilter(ServletHandler.java:1635)
	at org.eclipse.jetty.servlet.ServletHandler.doHandle(ServletHandler.java:527)
	at org.eclipse.jetty.server.handler.ScopedHandler.nextHandle(ScopedHandler.java:221)
	at org.eclipse.jetty.server.handler.ContextHandler.doHandle(ContextHandler.java:1384)
	at org.eclipse.jetty.server.handler.ScopedHandler.nextScope(ScopedHandler.java:176)
	at org.eclipse.jetty.servlet.ServletHandler.doScope(ServletHandler.java:484)
	at org.eclipse.jetty.server.handler.ScopedHandler.nextScope(ScopedHandler.java:174)
	at org.eclipse.jetty.server.handler.ContextHandler.doScope(ContextHandler.java:1306)
	at org.eclipse.jetty.server.handler.ScopedHandler.handle(ScopedHandler.java:129)
	at org.eclipse.jetty.server.handler.HandlerWrapper.handle(HandlerWrapper.java:122)
	at io.dropwizard.metrics.jetty10.InstrumentedHandler.handle(InstrumentedHandler.java:314)
	at io.dropwizard.jetty.RoutingHandler.handle(RoutingHandler.java:52)
	at org.eclipse.jetty.server.handler.HandlerWrapper.handle(HandlerWrapper.java:122)
	at org.eclipse.jetty.server.handler.gzip.GzipHandler.handle(GzipHandler.java:822)
	at io.dropwizard.jetty.ZipExceptionHandlingGzipHandler.handle(ZipExceptionHandlingGzipHandler.java:26)
	at org.eclipse.jetty.server.handler.StatisticsHandler.handle(StatisticsHandler.java:173)
	at org.eclipse.jetty.server.handler.HandlerWrapper.handle(HandlerWrapper.java:122)
	at org.eclipse.jetty.server.Server.handle(Server.java:563)
	at org.eclipse.jetty.server.HttpChannel$RequestDispatchable.dispatch(HttpChannel.java:1598)
	at org.eclipse.jetty.server.HttpChannel.dispatch(HttpChannel.java:753)
	at org.eclipse.jetty.server.HttpChannel.handle(HttpChannel.java:501)
	at org.eclipse.jetty.server.HttpConnection.onFillable(HttpConnection.java:287)
	at org.eclipse.jetty.io.AbstractConnection$ReadCallback.succeeded(AbstractConnection.java:314)
	at org.eclipse.jetty.io.FillInterest.fillable(FillInterest.java:100)
	at org.eclipse.jetty.io.SelectableChannelEndPoint$1.run(SelectableChannelEndPoint.java:53)
	at org.eclipse.jetty.util.thread.strategy.AdaptiveExecutionStrategy.runTask(AdaptiveExecutionStrategy.java:421)
	at org.eclipse.jetty.util.thread.strategy.AdaptiveExecutionStrategy.consumeTask(AdaptiveExecutionStrategy.java:390)
	at org.eclipse.jetty.util.thread.strategy.AdaptiveExecutionStrategy.tryProduce(AdaptiveExecutionStrategy.java:277)
	at org.eclipse.jetty.util.thread.strategy.AdaptiveExecutionStrategy.run(AdaptiveExecutionStrategy.java:199)
	at org.eclipse.jetty.util.thread.ReservedThreadExecutor$ReservedThread.run(ReservedThreadExecutor.java:411)
	at org.eclipse.jetty.util.thread.QueuedThreadPool.runJob(QueuedThreadPool.java:969)
	at org.eclipse.jetty.util.thread.QueuedThreadPool$Runner.doRunJob(QueuedThreadPool.java:1194)
	at org.eclipse.jetty.util.thread.QueuedThreadPool$Runner.run(QueuedThreadPool.java:1149)
	at java.base/java.lang.Thread.run(Thread.java:842)
2026-01-07 13:01:40.765 [pool-2-thread-11 - GET /route?point=-7.159,-34.855&point=-7.159830822024537,-34.85463559627534&profile=vehicle&profile=foot&points_encoded=false] INFO  c.g.h.IllegalArgumentExceptionMapper - bad request: The requested profile 'vehicle' does not exist.
Available profiles: [foot]
java.lang.IllegalArgumentException: The requested profile 'vehicle' does not exist.
Available profiles: [foot]
	at com.graphhopper.http.ProfileResolver.resolveProfile(ProfileResolver.java:46)
	at com.graphhopper.resources.RouteResource.doGet(RouteResource.java:151)
	at java.base/jdk.internal.reflect.NativeMethodAccessorImpl.invoke0(Native Method)
	at java.base/jdk.internal.reflect.NativeMethodAccessorImpl.invoke(NativeMethodAccessorImpl.java:77)
	at java.base/jdk.internal.reflect.DelegatingMethodAccessorImpl.invoke(DelegatingMethodAccessorImpl.java:43)
	at java.base/java.lang.reflect.Method.invoke(Method.java:568)
	at org.glassfish.jersey.server.model.internal.ResourceMethodInvocationHandlerFactory.lambda$static$0(ResourceMethodInvocationHandlerFactory.java:52)
	at org.glassfish.jersey.server.model.internal.AbstractJavaResourceMethodDispatcher$1.run(AbstractJavaResourceMethodDispatcher.java:146)
	at org.glassfish.jersey.server.model.internal.AbstractJavaResourceMethodDispatcher.invoke(AbstractJavaResourceMethodDispatcher.java:189)
	at org.glassfish.jersey.server.model.internal.JavaResourceMethodDispatcherProvider$ResponseOutInvoker.doDispatch(JavaResourceMethodDispatcherProvider.java:176)
	at org.glassfish.jersey.server.model.internal.AbstractJavaResourceMethodDispatcher.dispatch(AbstractJavaResourceMethodDispatcher.java:93)
	at org.glassfish.jersey.server.model.ResourceMethodInvoker.invoke(ResourceMethodInvoker.java:478)
	at org.glassfish.jersey.server.model.ResourceMethodInvoker.apply(ResourceMethodInvoker.java:400)
	at org.glassfish.jersey.server.model.ResourceMethodInvoker.apply(ResourceMethodInvoker.java:81)
	at org.glassfish.jersey.server.ServerRuntime$1.run(ServerRuntime.java:256)
	at org.glassfish.jersey.internal.Errors$1.call(Errors.java:248)
	at org.glassfish.jersey.internal.Errors$1.call(Errors.java:244)
	at org.glassfish.jersey.internal.Errors.process(Errors.java:292)
	at org.glassfish.jersey.internal.Errors.process(Errors.java:274)
	at org.glassfish.jersey.internal.Errors.process(Errors.java:244)
	at org.glassfish.jersey.process.internal.RequestScope.runInScope(RequestScope.java:265)
	at org.glassfish.jersey.server.ServerRuntime.process(ServerRuntime.java:235)
	at org.glassfish.jersey.server.ApplicationHandler.handle(ApplicationHandler.java:684)
	at org.glassfish.jersey.servlet.WebComponent.serviceImpl(WebComponent.java:397)
	at org.glassfish.jersey.servlet.WebComponent.service(WebComponent.java:349)
	at org.glassfish.jersey.servlet.ServletContainer.service(ServletContainer.java:379)
	at org.glassfish.jersey.servlet.ServletContainer.service(ServletContainer.java:312)
	at org.glassfish.jersey.servlet.ServletContainer.service(ServletContainer.java:205)
	at org.eclipse.jetty.servlet.ServletHolder.handle(ServletHolder.java:764)
	at org.eclipse.jetty.servlet.ServletHandler$ChainEnd.doFilter(ServletHandler.java:1665)
	at io.dropwizard.servlets.ThreadNameFilter.doFilter(ThreadNameFilter.java:35)
	at org.eclipse.jetty.servlet.FilterHolder.doFilter(FilterHolder.java:202)
	at org.eclipse.jetty.servlet.ServletHandler$Chain.doFilter(ServletHandler.java:1635)
	at io.dropwizard.jersey.filter.AllowedMethodsFilter.handle(AllowedMethodsFilter.java:46)
	at io.dropwizard.jersey.filter.AllowedMethodsFilter.doFilter(AllowedMethodsFilter.java:40)
	at org.eclipse.jetty.servlet.FilterHolder.doFilter(FilterHolder.java:202)
	at org.eclipse.jetty.servlet.ServletHandler$Chain.doFilter(ServletHandler.java:1635)
	at com.graphhopper.http.CORSFilter.doFilter(CORSFilter.java:36)
	at org.eclipse.jetty.servlet.FilterHolder.doFilter(FilterHolder.java:202)
	at org.eclipse.jetty.servlet.ServletHandler$Chain.doFilter(ServletHandler.java:1635)
	at org.eclipse.jetty.servlet.ServletHandler.doHandle(ServletHandler.java:527)
	at org.eclipse.jetty.server.handler.ScopedHandler.nextHandle(ScopedHandler.java:221)
	at org.eclipse.jetty.server.handler.ContextHandler.doHandle(ContextHandler.java:1384)
	at org.eclipse.jetty.server.handler.ScopedHandler.nextScope(ScopedHandler.java:176)
	at org.eclipse.jetty.servlet.ServletHandler.doScope(ServletHandler.java:484)
	at org.eclipse.jetty.server.handler.ScopedHandler.nextScope(ScopedHandler.java:174)
	at org.eclipse.jetty.server.handler.ContextHandler.doScope(ContextHandler.java:1306)
	at org.eclipse.jetty.server.handler.ScopedHandler.handle(ScopedHandler.java:129)
	at org.eclipse.jetty.server.handler.HandlerWrapper.handle(HandlerWrapper.java:122)
	at io.dropwizard.metrics.jetty10.InstrumentedHandler.handle(InstrumentedHandler.java:314)
	at io.dropwizard.jetty.RoutingHandler.handle(RoutingHandler.java:52)
	at org.eclipse.jetty.server.handler.HandlerWrapper.handle(HandlerWrapper.java:122)
	at org.eclipse.jetty.server.handler.gzip.GzipHandler.handle(GzipHandler.java:822)
	at io.dropwizard.jetty.ZipExceptionHandlingGzipHandler.handle(ZipExceptionHandlingGzipHandler.java:26)
	at org.eclipse.jetty.server.handler.StatisticsHandler.handle(StatisticsHandler.java:173)
	at org.eclipse.jetty.server.handler.HandlerWrapper.handle(HandlerWrapper.java:122)
	at org.eclipse.jetty.server.Server.handle(Server.java:563)
	at org.eclipse.jetty.server.HttpChannel$RequestDispatchable.dispatch(HttpChannel.java:1598)
	at org.eclipse.jetty.server.HttpChannel.dispatch(HttpChannel.java:753)
	at org.eclipse.jetty.server.HttpChannel.handle(HttpChannel.java:501)
	at org.eclipse.jetty.server.HttpConnection.onFillable(HttpConnection.java:287)
	at org.eclipse.jetty.io.AbstractConnection$ReadCallback.succeeded(AbstractConnection.java:314)
	at org.eclipse.jetty.io.FillInterest.fillable(FillInterest.java:100)
	at org.eclipse.jetty.io.SelectableChannelEndPoint$1.run(SelectableChannelEndPoint.java:53)
	at org.eclipse.jetty.util.thread.strategy.AdaptiveExecutionStrategy.runTask(AdaptiveExecutionStrategy.java:421)
	at org.eclipse.jetty.util.thread.strategy.AdaptiveExecutionStrategy.consumeTask(AdaptiveExecutionStrategy.java:390)
	at org.eclipse.jetty.util.thread.strategy.AdaptiveExecutionStrategy.tryProduce(AdaptiveExecutionStrategy.java:277)
	at org.eclipse.jetty.util.thread.strategy.AdaptiveExecutionStrategy.run(AdaptiveExecutionStrategy.java:199)
	at org.eclipse.jetty.util.thread.ReservedThreadExecutor$ReservedThread.run(ReservedThreadExecutor.java:411)
	at org.eclipse.jetty.util.thread.QueuedThreadPool.runJob(QueuedThreadPool.java:969)
	at org.eclipse.jetty.util.thread.QueuedThreadPool$Runner.doRunJob(QueuedThreadPool.java:1194)
	at org.eclipse.jetty.util.thread.QueuedThreadPool$Runner.run(QueuedThreadPool.java:1149)
	at java.base/java.lang.Thread.run(Thread.java:842)
2026-01-07 13:01:41.788 [pool-2-thread-12 - GET /route?point=-7.159,-34.855&point=-7.158848803472155,-34.85470801591874&profile=vehicle&profile=foot&points_encoded=false] INFO  c.g.h.IllegalArgumentExceptionMapper - bad request: The requested profile 'vehicle' does not exist.
Available profiles: [foot]
java.lang.IllegalArgumentException: The requested profile 'vehicle' does not exist.
Available profiles: [foot]
	at com.graphhopper.http.ProfileResolver.resolveProfile(ProfileResolver.java:46)
	at com.graphhopper.resources.RouteResource.doGet(RouteResource.java:151)
	at java.base/jdk.internal.reflect.NativeMethodAccessorImpl.invoke0(Native Method)
	at java.base/jdk.internal.reflect.NativeMethodAccessorImpl.invoke(NativeMethodAccessorImpl.java:77)
	at java.base/jdk.internal.reflect.DelegatingMethodAccessorImpl.invoke(DelegatingMethodAccessorImpl.java:43)
	at java.base/java.lang.reflect.Method.invoke(Method.java:568)
	at org.glassfish.jersey.server.model.internal.ResourceMethodInvocationHandlerFactory.lambda$static$0(ResourceMethodInvocationHandlerFactory.java:52)
	at org.glassfish.jersey.server.model.internal.AbstractJavaResourceMethodDispatcher$1.run(AbstractJavaResourceMethodDispatcher.java:146)
	at org.glassfish.jersey.server.model.internal.AbstractJavaResourceMethodDispatcher.invoke(AbstractJavaResourceMethodDispatcher.java:189)
	at org.glassfish.jersey.server.model.internal.JavaResourceMethodDispatcherProvider$ResponseOutInvoker.doDispatch(JavaResourceMethodDispatcherProvider.java:176)
	at org.glassfish.jersey.server.model.internal.AbstractJavaResourceMethodDispatcher.dispatch(AbstractJavaResourceMethodDispatcher.java:93)
	at org.glassfish.jersey.server.model.ResourceMethodInvoker.invoke(ResourceMethodInvoker.java:478)
	at org.glassfish.jersey.server.model.ResourceMethodInvoker.apply(ResourceMethodInvoker.java:400)
	at org.glassfish.jersey.server.model.ResourceMethodInvoker.apply(ResourceMethodInvoker.java:81)
	at org.glassfish.jersey.server.ServerRuntime$1.run(ServerRuntime.java:256)
	at org.glassfish.jersey.internal.Errors$1.call(Errors.java:248)
	at org.glassfish.jersey.internal.Errors$1.call(Errors.java:244)
	at org.glassfish.jersey.internal.Errors.process(Errors.java:292)
	at org.glassfish.jersey.internal.Errors.process(Errors.java:274)
	at org.glassfish.jersey.internal.Errors.process(Errors.java:244)
	at org.glassfish.jersey.process.internal.RequestScope.runInScope(RequestScope.java:265)
	at org.glassfish.jersey.server.ServerRuntime.process(ServerRuntime.java:235)
	at org.glassfish.jersey.server.ApplicationHandler.handle(ApplicationHandler.java:684)
	at org.glassfish.jersey.servlet.WebComponent.serviceImpl(WebComponent.java:397)
	at org.glassfish.jersey.servlet.WebComponent.service(WebComponent.java:349)
	at org.glassfish.jersey.servlet.ServletContainer.service(ServletContainer.java:379)
	at org.glassfish.jersey.servlet.ServletContainer.service(ServletContainer.java:312)
	at org.glassfish.jersey.servlet.ServletContainer.service(ServletContainer.java:205)
	at org.eclipse.jetty.servlet.ServletHolder.handle(ServletHolder.java:764)
	at org.eclipse.jetty.servlet.ServletHandler$ChainEnd.doFilter(ServletHandler.java:1665)
	at io.dropwizard.servlets.ThreadNameFilter.doFilter(ThreadNameFilter.java:35)
	at org.eclipse.jetty.servlet.FilterHolder.doFilter(FilterHolder.java:202)
	at org.eclipse.jetty.servlet.ServletHandler$Chain.doFilter(ServletHandler.java:1635)
	at io.dropwizard.jersey.filter.AllowedMethodsFilter.handle(AllowedMethodsFilter.java:46)
	at io.dropwizard.jersey.filter.AllowedMethodsFilter.doFilter(AllowedMethodsFilter.java:40)
	at org.eclipse.jetty.servlet.FilterHolder.doFilter(FilterHolder.java:202)
	at org.eclipse.jetty.servlet.ServletHandler$Chain.doFilter(ServletHandler.java:1635)
	at com.graphhopper.http.CORSFilter.doFilter(CORSFilter.java:36)
	at org.eclipse.jetty.servlet.FilterHolder.doFilter(FilterHolder.java:202)
	at org.eclipse.jetty.servlet.ServletHandler$Chain.doFilter(ServletHandler.java:1635)
	at org.eclipse.jetty.servlet.ServletHandler.doHandle(ServletHandler.java:527)
	at org.eclipse.jetty.server.handler.ScopedHandler.nextHandle(ScopedHandler.java:221)
	at org.eclipse.jetty.server.handler.ContextHandler.doHandle(ContextHandler.java:1384)
	at org.eclipse.jetty.server.handler.ScopedHandler.nextScope(ScopedHandler.java:176)
	at org.eclipse.jetty.servlet.ServletHandler.doScope(ServletHandler.java:484)
	at org.eclipse.jetty.server.handler.ScopedHandler.nextScope(ScopedHandler.java:174)
	at org.eclipse.jetty.server.handler.ContextHandler.doScope(ContextHandler.java:1306)
	at org.eclipse.jetty.server.handler.ScopedHandler.handle(ScopedHandler.java:129)
	at org.eclipse.jetty.server.handler.HandlerWrapper.handle(HandlerWrapper.java:122)
	at io.dropwizard.metrics.jetty10.InstrumentedHandler.handle(InstrumentedHandler.java:314)
	at io.dropwizard.jetty.RoutingHandler.handle(RoutingHandler.java:52)
	at org.eclipse.jetty.server.handler.HandlerWrapper.handle(HandlerWrapper.java:122)
	at org.eclipse.jetty.server.handler.gzip.GzipHandler.handle(GzipHandler.java:822)
	at io.dropwizard.jetty.ZipExceptionHandlingGzipHandler.handle(ZipExceptionHandlingGzipHandler.java:26)
	at org.eclipse.jetty.server.handler.StatisticsHandler.handle(StatisticsHandler.java:173)
	at org.eclipse.jetty.server.handler.HandlerWrapper.handle(HandlerWrapper.java:122)
	at org.eclipse.jetty.server.Server.handle(Server.java:563)
	at org.eclipse.jetty.server.HttpChannel$RequestDispatchable.dispatch(HttpChannel.java:1598)
	at org.eclipse.jetty.server.HttpChannel.dispatch(HttpChannel.java:753)
	at org.eclipse.jetty.server.HttpChannel.handle(HttpChannel.java:501)
	at org.eclipse.jetty.server.HttpConnection.onFillable(HttpConnection.java:287)
	at org.eclipse.jetty.io.AbstractConnection$ReadCallback.succeeded(AbstractConnection.java:314)
	at org.eclipse.jetty.io.FillInterest.fillable(FillInterest.java:100)
	at org.eclipse.jetty.io.SelectableChannelEndPoint$1.run(SelectableChannelEndPoint.java:53)
	at org.eclipse.jetty.util.thread.strategy.AdaptiveExecutionStrategy.runTask(AdaptiveExecutionStrategy.java:421)
	at org.eclipse.jetty.util.thread.strategy.AdaptiveExecutionStrategy.consumeTask(AdaptiveExecutionStrategy.java:390)
	at org.eclipse.jetty.util.thread.strategy.AdaptiveExecutionStrategy.tryProduce(AdaptiveExecutionStrategy.java:277)
	at org.eclipse.jetty.util.thread.strategy.AdaptiveExecutionStrategy.run(AdaptiveExecutionStrategy.java:199)
	at org.eclipse.jetty.util.thread.ReservedThreadExecutor$ReservedThread.run(ReservedThreadExecutor.java:411)
	at org.eclipse.jetty.util.thread.QueuedThreadPool.runJob(QueuedThreadPool.java:969)
	at org.eclipse.jetty.util.thread.QueuedThreadPool$Runner.doRunJob(QueuedThreadPool.java:1194)
	at org.eclipse.jetty.util.thread.QueuedThreadPool$Runner.run(QueuedThreadPool.java:1149)
	at java.base/java.lang.Thread.run(Thread.java:842)
2026-01-07 13:01:45.252 [pool-2-thread-11 - GET /route?point=-7.159,-34.855&point=-7.158848803472155,-34.85470801591874&profile=vehicle&profile=foot&points_encoded=false] INFO  c.g.h.IllegalArgumentExceptionMapper - bad request: The requested profile 'vehicle' does not exist.
Available profiles: [foot]
java.lang.IllegalArgumentException: The requested profile 'vehicle' does not exist.
Available profiles: [foot]
	at com.graphhopper.http.ProfileResolver.resolveProfile(ProfileResolver.java:46)
	at com.graphhopper.resources.RouteResource.doGet(RouteResource.java:151)
	at java.base/jdk.internal.reflect.NativeMethodAccessorImpl.invoke0(Native Method)
	at java.base/jdk.internal.reflect.NativeMethodAccessorImpl.invoke(NativeMethodAccessorImpl.java:77)
	at java.base/jdk.internal.reflect.DelegatingMethodAccessorImpl.invoke(DelegatingMethodAccessorImpl.java:43)
	at java.base/java.lang.reflect.Method.invoke(Method.java:568)
	at org.glassfish.jersey.server.model.internal.ResourceMethodInvocationHandlerFactory.lambda$static$0(ResourceMethodInvocationHandlerFactory.java:52)
	at org.glassfish.jersey.server.model.internal.AbstractJavaResourceMethodDispatcher$1.run(AbstractJavaResourceMethodDispatcher.java:146)
	at org.glassfish.jersey.server.model.internal.AbstractJavaResourceMethodDispatcher.invoke(AbstractJavaResourceMethodDispatcher.java:189)
	at org.glassfish.jersey.server.model.internal.JavaResourceMethodDispatcherProvider$ResponseOutInvoker.doDispatch(JavaResourceMethodDispatcherProvider.java:176)
	at org.glassfish.jersey.server.model.internal.AbstractJavaResourceMethodDispatcher.dispatch(AbstractJavaResourceMethodDispatcher.java:93)
	at org.glassfish.jersey.server.model.ResourceMethodInvoker.invoke(ResourceMethodInvoker.java:478)
	at org.glassfish.jersey.server.model.ResourceMethodInvoker.apply(ResourceMethodInvoker.java:400)
	at org.glassfish.jersey.server.model.ResourceMethodInvoker.apply(ResourceMethodInvoker.java:81)
	at org.glassfish.jersey.server.ServerRuntime$1.run(ServerRuntime.java:256)
	at org.glassfish.jersey.internal.Errors$1.call(Errors.java:248)
	at org.glassfish.jersey.internal.Errors$1.call(Errors.java:244)
	at org.glassfish.jersey.internal.Errors.process(Errors.java:292)
	at org.glassfish.jersey.internal.Errors.process(Errors.java:274)
	at org.glassfish.jersey.internal.Errors.process(Errors.java:244)
	at org.glassfish.jersey.process.internal.RequestScope.runInScope(RequestScope.java:265)
	at org.glassfish.jersey.server.ServerRuntime.process(ServerRuntime.java:235)
	at org.glassfish.jersey.server.ApplicationHandler.handle(ApplicationHandler.java:684)
	at org.glassfish.jersey.servlet.WebComponent.serviceImpl(WebComponent.java:397)
	at org.glassfish.jersey.servlet.WebComponent.service(WebComponent.java:349)
	at org.glassfish.jersey.servlet.ServletContainer.service(ServletContainer.java:379)
	at org.glassfish.jersey.servlet.ServletContainer.service(ServletContainer.java:312)
	at org.glassfish.jersey.servlet.ServletContainer.service(ServletContainer.java:205)
	at org.eclipse.jetty.servlet.ServletHolder.handle(ServletHolder.java:764)
	at org.eclipse.jetty.servlet.ServletHandler$ChainEnd.doFilter(ServletHandler.java:1665)
	at io.dropwizard.servlets.ThreadNameFilter.doFilter(ThreadNameFilter.java:35)
	at org.eclipse.jetty.servlet.FilterHolder.doFilter(FilterHolder.java:202)
	at org.eclipse.jetty.servlet.ServletHandler$Chain.doFilter(ServletHandler.java:1635)
	at io.dropwizard.jersey.filter.AllowedMethodsFilter.handle(AllowedMethodsFilter.java:46)
	at io.dropwizard.jersey.filter.AllowedMethodsFilter.doFilter(AllowedMethodsFilter.java:40)
	at org.eclipse.jetty.servlet.FilterHolder.doFilter(FilterHolder.java:202)
	at org.eclipse.jetty.servlet.ServletHandler$Chain.doFilter(ServletHandler.java:1635)
	at com.graphhopper.http.CORSFilter.doFilter(CORSFilter.java:36)
	at org.eclipse.jetty.servlet.FilterHolder.doFilter(FilterHolder.java:202)
	at org.eclipse.jetty.servlet.ServletHandler$Chain.doFilter(ServletHandler.java:1635)
	at org.eclipse.jetty.servlet.ServletHandler.doHandle(ServletHandler.java:527)
	at org.eclipse.jetty.server.handler.ScopedHandler.nextHandle(ScopedHandler.java:221)
	at org.eclipse.jetty.server.handler.ContextHandler.doHandle(ContextHandler.java:1384)
	at org.eclipse.jetty.server.handler.ScopedHandler.nextScope(ScopedHandler.java:176)
	at org.eclipse.jetty.servlet.ServletHandler.doScope(ServletHandler.java:484)
	at org.eclipse.jetty.server.handler.ScopedHandler.nextScope(ScopedHandler.java:174)
	at org.eclipse.jetty.server.handler.ContextHandler.doScope(ContextHandler.java:1306)
	at org.eclipse.jetty.server.handler.ScopedHandler.handle(ScopedHandler.java:129)
	at org.eclipse.jetty.server.handler.HandlerWrapper.handle(HandlerWrapper.java:122)
	at io.dropwizard.metrics.jetty10.InstrumentedHandler.handle(InstrumentedHandler.java:314)
	at io.dropwizard.jetty.RoutingHandler.handle(RoutingHandler.java:52)
	at org.eclipse.jetty.server.handler.HandlerWrapper.handle(HandlerWrapper.java:122)
	at org.eclipse.jetty.server.handler.gzip.GzipHandler.handle(GzipHandler.java:822)
	at io.dropwizard.jetty.ZipExceptionHandlingGzipHandler.handle(ZipExceptionHandlingGzipHandler.java:26)
	at org.eclipse.jetty.server.handler.StatisticsHandler.handle(StatisticsHandler.java:173)
	at org.eclipse.jetty.server.handler.HandlerWrapper.handle(HandlerWrapper.java:122)
	at org.eclipse.jetty.server.Server.handle(Server.java:563)
	at org.eclipse.jetty.server.HttpChannel$RequestDispatchable.dispatch(HttpChannel.java:1598)
	at org.eclipse.jetty.server.HttpChannel.dispatch(HttpChannel.java:753)
	at org.eclipse.jetty.server.HttpChannel.handle(HttpChannel.java:501)
	at org.eclipse.jetty.server.HttpConnection.onFillable(HttpConnection.java:287)
	at org.eclipse.jetty.io.AbstractConnection$ReadCallback.succeeded(AbstractConnection.java:314)
	at org.eclipse.jetty.io.FillInterest.fillable(FillInterest.java:100)
	at org.eclipse.jetty.io.SelectableChannelEndPoint$1.run(SelectableChannelEndPoint.java:53)
	at org.eclipse.jetty.util.thread.strategy.AdaptiveExecutionStrategy.runTask(AdaptiveExecutionStrategy.java:421)
	at org.eclipse.jetty.util.thread.strategy.AdaptiveExecutionStrategy.consumeTask(AdaptiveExecutionStrategy.java:390)
	at org.eclipse.jetty.util.thread.strategy.AdaptiveExecutionStrategy.tryProduce(AdaptiveExecutionStrategy.java:277)
	at org.eclipse.jetty.util.thread.strategy.AdaptiveExecutionStrategy.run(AdaptiveExecutionStrategy.java:199)
	at org.eclipse.jetty.util.thread.ReservedThreadExecutor$ReservedThread.run(ReservedThreadExecutor.java:411)
	at org.eclipse.jetty.util.thread.QueuedThreadPool.runJob(QueuedThreadPool.java:969)
	at org.eclipse.jetty.util.thread.QueuedThreadPool$Runner.doRunJob(QueuedThreadPool.java:1194)
	at org.eclipse.jetty.util.thread.QueuedThreadPool$Runner.run(QueuedThreadPool.java:1149)
	at java.base/java.lang.Thread.run(Thread.java:842)
2026-01-07 13:01:58.109 [pool-2-thread-3 - GET /route?point=-7.159,-34.855&point=-7.158870093869693,-34.854442477226264&profile=foot&points_encoded=false] INFO  c.g.resources.RouteResource - 127.0.0.1 * node [-7.159,-34.855, -7.158870093869693,-34.854442477226264], took: 29,3ms, algo: , profile: foot, alternatives: 1, distance0: 63.163703974293135, weight0: 45.47786686149106, time0: 1min, points0: 2, debugInfo: idLookup:0.004835s; , algoInit:4285 ?s, astarbi|beeline-routing:1 ms, path extraction: 311 ?s, visited nodes sum: 2
2026-01-07 13:01:58.942 [pool-2-thread-12 - GET /route?point=-7.159,-34.855&point=-7.158348478843926,-34.85476970672608&profile=foot&points_encoded=false] INFO  c.g.resources.RouteResource - 127.0.0.1 * node [-7.159,-34.855, -7.158348478843926,-34.85476970672608], took: 3,8ms, algo: , profile: foot, alternatives: 1, distance0: 363.37211785525017, weight0: 261.6279248557801, time0: 4min, points0: 10, debugInfo: idLookup:5.499E-4s; , algoInit:112 ?s, astarbi|beeline-routing:1 ms, path extraction: 23 ?s, visited nodes sum: 14
2026-01-07 13:01:59.838 [pool-2-thread-2 - GET /route?point=-7.159,-34.855&point=-7.159349127551637,-34.8543405532837&profile=foot&points_encoded=false] INFO  c.g.resources.RouteResource - 127.0.0.1 * node [-7.159,-34.855, -7.159349127551637,-34.8543405532837], took: 1,5ms, algo: , profile: foot, alternatives: 1, distance0: 60.562939662304196, weight0: 43.60531655685902, time0: 1min, points0: 2, debugInfo: idLookup:5.102E-4s; , algoInit:116 ?s, astarbi|beeline-routing:0 ms, path extraction: 8 ?s, visited nodes sum: 4
2026-01-07 13:02:00.711 [pool-2-thread-12 - GET /route?point=-7.159,-34.855&point=-7.159684450829667,-34.85435128211976&profile=foot&points_encoded=false] INFO  c.g.resources.RouteResource - 127.0.0.1 * node [-7.159,-34.855, -7.159684450829667,-34.85435128211976], took: 1,4ms, algo: , profile: foot, alternatives: 1, distance0: 265.0734400133142, weight0: 190.85287680958626, time0: 3min, points0: 4, debugInfo: idLookup:3.933E-4s; , algoInit:101 ?s, astarbi|beeline-routing:0 ms, path extraction: 19 ?s, visited nodes sum: 8
2026-01-07 13:02:04.139 [pool-2-thread-2 - GET /route?point=-7.159,-34.855&point=-7.158007831974564,-34.85461413860322&profile=foot&points_encoded=false] INFO  c.g.resources.RouteResource - 127.0.0.1 * node [-7.159,-34.855, -7.158007831974564,-34.85461413860322], took: 1,2ms, algo: , profile: foot, alternatives: 1, distance0: 336.97883300850384, weight0: 242.6247597661228, time0: 4min, points0: 10, debugInfo: idLookup:2.651E-4s; , algoInit:104 ?s, astarbi|beeline-routing:0 ms, path extraction: 18 ?s, visited nodes sum: 14
2026-01-07 13:02:07.625 [pool-2-thread-12 - GET /route?point=-7.159,-34.855&point=-7.160786225578911,-34.854673147201545&profile=foot&points_encoded=false] INFO  c.g.resources.RouteResource - 127.0.0.1 * node [-7.159,-34.855, -7.160786225578911,-34.854673147201545], took: 1,2ms, algo: , profile: foot, alternatives: 1, distance0: 295.06237158411386, weight0: 212.44490754056199, time0: 4min, points0: 5, debugInfo: idLookup:3.196E-4s; , algoInit:96 ?s, astarbi|beeline-routing:0 ms, path extraction: 22 ?s, visited nodes sum: 6
2026-01-07 13:02:10.533 [pool-2-thread-2 - GET /route?point=-7.159,-34.855&point=-7.159987838345004,-34.85677599906922&profile=foot&points_encoded=false] INFO  c.g.resources.RouteResource - 127.0.0.1 * node [-7.159,-34.855, -7.159987838345004,-34.85677599906922], took: 1,1ms, algo: , profile: foot, alternatives: 1, distance0: 347.0257942913138, weight0: 249.85857188974592, time0: 4min, points0: 5, debugInfo: idLookup:2.194E-4s; , algoInit:103 ?s, astarbi|beeline-routing:0 ms, path extraction: 17 ?s, visited nodes sum: 6
2026-01-07 13:03:10.330 [pool-2-thread-4 - GET /route?point=-7.159,-34.855&point=-7.159987838345004,-34.85677599906922&profile=foot&points_encoded=false] INFO  c.g.resources.RouteResource - 127.0.0.1 * node [-7.159,-34.855, -7.159987838345004,-34.85677599906922], took: 1,2ms, algo: , profile: foot, alternatives: 1, distance0: 347.0257942913138, weight0: 249.85857188974592, time0: 4min, points0: 5, debugInfo: idLookup:2.246E-4s; , algoInit:140 ?s, astarbi|beeline-routing:0 ms, path extraction: 20 ?s, visited nodes sum: 6
2026-01-07 13:03:12.712 [pool-2-thread-12 - GET /route?point=-7.159,-34.855&point=-7.1581142841485645,-34.85458731651307&profile=foot&points_encoded=false] INFO  c.g.resources.RouteResource - 127.0.0.1 * node [-7.159,-34.855, -7.1581142841485645,-34.85458731651307], took: 1,1ms, algo: , profile: foot, alternatives: 1, distance0: 337.1882158935905, weight0: 242.7755154433852, time0: 4min, points0: 10, debugInfo: idLookup:1.993E-4s; , algoInit:96 ?s, astarbi|beeline-routing:0 ms, path extraction: 18 ?s, visited nodes sum: 14
2026-01-07 13:06:22.628 [pool-2-thread-15 - GET /route?point=-7.159,-34.855&point=-7.158502834372866,-34.85482335090638&profile=foot&points_encoded=false] INFO  c.g.resources.RouteResource - 127.0.0.1 * node [-7.159,-34.855, -7.158502834372866,-34.85482335090638], took: 1,2ms, algo: , profile: foot, alternatives: 1, distance0: 373.53630241401953, weight0: 268.9461377380941, time0: 4min, points0: 10, debugInfo: idLookup:2.835E-4s; , algoInit:96 ?s, astarbi|beeline-routing:0 ms, path extraction: 17 ?s, visited nodes sum: 14
2026-01-07 13:06:23.693 [pool-2-thread-5 - GET /route?point=-7.159,-34.855&point=-7.159455579412634,-34.854399561882026&profile=foot&points_encoded=false] INFO  c.g.resources.RouteResource - 127.0.0.1 * node [-7.159,-34.855, -7.159455579412634,-34.854399561882026], took: 1,3ms, algo: , profile: foot, alternatives: 1, distance0: 266.48961784679045, weight0: 191.8725248496891, time0: 3min, points0: 4, debugInfo: idLookup:2.822E-4s; , algoInit:263 ?s, astarbi|beeline-routing:0 ms, path extraction: 16 ?s, visited nodes sum: 8
2026-01-07 13:06:25.954 [pool-2-thread-14 - GET /route?point=-7.159,-34.855&point=-7.158178155441044,-34.85472142696381&profile=vehicle&profile=foot&points_encoded=false] INFO  c.g.h.IllegalArgumentExceptionMapper - bad request: The requested profile 'vehicle' does not exist.
Available profiles: [foot]
java.lang.IllegalArgumentException: The requested profile 'vehicle' does not exist.
Available profiles: [foot]
	at com.graphhopper.http.ProfileResolver.resolveProfile(ProfileResolver.java:46)
	at com.graphhopper.resources.RouteResource.doGet(RouteResource.java:151)
	at jdk.internal.reflect.GeneratedMethodAccessor13.invoke(Unknown Source)
	at java.base/jdk.internal.reflect.DelegatingMethodAccessorImpl.invoke(DelegatingMethodAccessorImpl.java:43)
	at java.base/java.lang.reflect.Method.invoke(Method.java:568)
	at org.glassfish.jersey.server.model.internal.ResourceMethodInvocationHandlerFactory.lambda$static$0(ResourceMethodInvocationHandlerFactory.java:52)
	at org.glassfish.jersey.server.model.internal.AbstractJavaResourceMethodDispatcher$1.run(AbstractJavaResourceMethodDispatcher.java:146)
	at org.glassfish.jersey.server.model.internal.AbstractJavaResourceMethodDispatcher.invoke(AbstractJavaResourceMethodDispatcher.java:189)
	at org.glassfish.jersey.server.model.internal.JavaResourceMethodDispatcherProvider$ResponseOutInvoker.doDispatch(JavaResourceMethodDispatcherProvider.java:176)
	at org.glassfish.jersey.server.model.internal.AbstractJavaResourceMethodDispatcher.dispatch(AbstractJavaResourceMethodDispatcher.java:93)
	at org.glassfish.jersey.server.model.ResourceMethodInvoker.invoke(ResourceMethodInvoker.java:478)
	at org.glassfish.jersey.server.model.ResourceMethodInvoker.apply(ResourceMethodInvoker.java:400)
	at org.glassfish.jersey.server.model.ResourceMethodInvoker.apply(ResourceMethodInvoker.java:81)
	at org.glassfish.jersey.server.ServerRuntime$1.run(ServerRuntime.java:256)
	at org.glassfish.jersey.internal.Errors$1.call(Errors.java:248)
	at org.glassfish.jersey.internal.Errors$1.call(Errors.java:244)
	at org.glassfish.jersey.internal.Errors.process(Errors.java:292)
	at org.glassfish.jersey.internal.Errors.process(Errors.java:274)
	at org.glassfish.jersey.internal.Errors.process(Errors.java:244)
	at org.glassfish.jersey.process.internal.RequestScope.runInScope(RequestScope.java:265)
	at org.glassfish.jersey.server.ServerRuntime.process(ServerRuntime.java:235)
	at org.glassfish.jersey.server.ApplicationHandler.handle(ApplicationHandler.java:684)
	at org.glassfish.jersey.servlet.WebComponent.serviceImpl(WebComponent.java:397)
	at org.glassfish.jersey.servlet.WebComponent.service(WebComponent.java:349)
	at org.glassfish.jersey.servlet.ServletContainer.service(ServletContainer.java:379)
	at org.glassfish.jersey.servlet.ServletContainer.service(ServletContainer.java:312)
	at org.glassfish.jersey.servlet.ServletContainer.service(ServletContainer.java:205)
	at org.eclipse.jetty.servlet.ServletHolder.handle(ServletHolder.java:764)
	at org.eclipse.jetty.servlet.ServletHandler$ChainEnd.doFilter(ServletHandler.java:1665)
	at io.dropwizard.servlets.ThreadNameFilter.doFilter(ThreadNameFilter.java:35)
	at org.eclipse.jetty.servlet.FilterHolder.doFilter(FilterHolder.java:202)
	at org.eclipse.jetty.servlet.ServletHandler$Chain.doFilter(ServletHandler.java:1635)
	at io.dropwizard.jersey.filter.AllowedMethodsFilter.handle(AllowedMethodsFilter.java:46)
	at io.dropwizard.jersey.filter.AllowedMethodsFilter.doFilter(AllowedMethodsFilter.java:40)
	at org.eclipse.jetty.servlet.FilterHolder.doFilter(FilterHolder.java:202)
	at org.eclipse.jetty.servlet.ServletHandler$Chain.doFilter(ServletHandler.java:1635)
	at com.graphhopper.http.CORSFilter.doFilter(CORSFilter.java:36)
	at org.eclipse.jetty.servlet.FilterHolder.doFilter(FilterHolder.java:202)
	at org.eclipse.jetty.servlet.ServletHandler$Chain.doFilter(ServletHandler.java:1635)
	at org.eclipse.jetty.servlet.ServletHandler.doHandle(ServletHandler.java:527)
	at org.eclipse.jetty.server.handler.ScopedHandler.nextHandle(ScopedHandler.java:221)
	at org.eclipse.jetty.server.handler.ContextHandler.doHandle(ContextHandler.java:1384)
	at org.eclipse.jetty.server.handler.ScopedHandler.nextScope(ScopedHandler.java:176)
	at org.eclipse.jetty.servlet.ServletHandler.doScope(ServletHandler.java:484)
	at org.eclipse.jetty.server.handler.ScopedHandler.nextScope(ScopedHandler.java:174)
	at org.eclipse.jetty.server.handler.ContextHandler.doScope(ContextHandler.java:1306)
	at org.eclipse.jetty.server.handler.ScopedHandler.handle(ScopedHandler.java:129)
	at org.eclipse.jetty.server.handler.HandlerWrapper.handle(HandlerWrapper.java:122)
	at io.dropwizard.metrics.jetty10.InstrumentedHandler.handle(InstrumentedHandler.java:314)
	at io.dropwizard.jetty.RoutingHandler.handle(RoutingHandler.java:52)
	at org.eclipse.jetty.server.handler.HandlerWrapper.handle(HandlerWrapper.java:122)
	at org.eclipse.jetty.server.handler.gzip.GzipHandler.handle(GzipHandler.java:822)
	at io.dropwizard.jetty.ZipExceptionHandlingGzipHandler.handle(ZipExceptionHandlingGzipHandler.java:26)
	at org.eclipse.jetty.server.handler.StatisticsHandler.handle(StatisticsHandler.java:173)
	at org.eclipse.jetty.server.handler.HandlerWrapper.handle(HandlerWrapper.java:122)
	at org.eclipse.jetty.server.Server.handle(Server.java:563)
	at org.eclipse.jetty.server.HttpChannel$RequestDispatchable.dispatch(HttpChannel.java:1598)
	at org.eclipse.jetty.server.HttpChannel.dispatch(HttpChannel.java:753)
	at org.eclipse.jetty.server.HttpChannel.handle(HttpChannel.java:501)
	at org.eclipse.jetty.server.HttpConnection.onFillable(HttpConnection.java:287)
	at org.eclipse.jetty.io.AbstractConnection$ReadCallback.succeeded(AbstractConnection.java:314)
	at org.eclipse.jetty.io.FillInterest.fillable(FillInterest.java:100)
	at org.eclipse.jetty.io.SelectableChannelEndPoint$1.run(SelectableChannelEndPoint.java:53)
	at org.eclipse.jetty.util.thread.strategy.AdaptiveExecutionStrategy.runTask(AdaptiveExecutionStrategy.java:421)
	at org.eclipse.jetty.util.thread.strategy.AdaptiveExecutionStrategy.consumeTask(AdaptiveExecutionStrategy.java:390)
	at org.eclipse.jetty.util.thread.strategy.AdaptiveExecutionStrategy.tryProduce(AdaptiveExecutionStrategy.java:277)
	at org.eclipse.jetty.util.thread.strategy.AdaptiveExecutionStrategy.run(AdaptiveExecutionStrategy.java:199)
	at org.eclipse.jetty.util.thread.ReservedThreadExecutor$ReservedThread.run(ReservedThreadExecutor.java:411)
	at org.eclipse.jetty.util.thread.QueuedThreadPool.runJob(QueuedThreadPool.java:969)
	at org.eclipse.jetty.util.thread.QueuedThreadPool$Runner.doRunJob(QueuedThreadPool.java:1194)
	at org.eclipse.jetty.util.thread.QueuedThreadPool$Runner.run(QueuedThreadPool.java:1149)
	at java.base/java.lang.Thread.run(Thread.java:842)
2026-01-07 13:06:26.956 [pool-2-thread-15 - GET /route?point=-7.159,-34.855&point=-7.158268639756739,-34.85486090183259&profile=vehicle&profile=foot&points_encoded=false] INFO  c.g.h.IllegalArgumentExceptionMapper - bad request: The requested profile 'vehicle' does not exist.
Available profiles: [foot]
java.lang.IllegalArgumentException: The requested profile 'vehicle' does not exist.
Available profiles: [foot]
	at com.graphhopper.http.ProfileResolver.resolveProfile(ProfileResolver.java:46)
	at com.graphhopper.resources.RouteResource.doGet(RouteResource.java:151)
	at jdk.internal.reflect.GeneratedMethodAccessor13.invoke(Unknown Source)
	at java.base/jdk.internal.reflect.DelegatingMethodAccessorImpl.invoke(DelegatingMethodAccessorImpl.java:43)
	at java.base/java.lang.reflect.Method.invoke(Method.java:568)
	at org.glassfish.jersey.server.model.internal.ResourceMethodInvocationHandlerFactory.lambda$static$0(ResourceMethodInvocationHandlerFactory.java:52)
	at org.glassfish.jersey.server.model.internal.AbstractJavaResourceMethodDispatcher$1.run(AbstractJavaResourceMethodDispatcher.java:146)
	at org.glassfish.jersey.server.model.internal.AbstractJavaResourceMethodDispatcher.invoke(AbstractJavaResourceMethodDispatcher.java:189)
	at org.glassfish.jersey.server.model.internal.JavaResourceMethodDispatcherProvider$ResponseOutInvoker.doDispatch(JavaResourceMethodDispatcherProvider.java:176)
	at org.glassfish.jersey.server.model.internal.AbstractJavaResourceMethodDispatcher.dispatch(AbstractJavaResourceMethodDispatcher.java:93)
	at org.glassfish.jersey.server.model.ResourceMethodInvoker.invoke(ResourceMethodInvoker.java:478)
	at org.glassfish.jersey.server.model.ResourceMethodInvoker.apply(ResourceMethodInvoker.java:400)
	at org.glassfish.jersey.server.model.ResourceMethodInvoker.apply(ResourceMethodInvoker.java:81)
	at org.glassfish.jersey.server.ServerRuntime$1.run(ServerRuntime.java:256)
	at org.glassfish.jersey.internal.Errors$1.call(Errors.java:248)
	at org.glassfish.jersey.internal.Errors$1.call(Errors.java:244)
	at org.glassfish.jersey.internal.Errors.process(Errors.java:292)
	at org.glassfish.jersey.internal.Errors.process(Errors.java:274)
	at org.glassfish.jersey.internal.Errors.process(Errors.java:244)
	at org.glassfish.jersey.process.internal.RequestScope.runInScope(RequestScope.java:265)
	at org.glassfish.jersey.server.ServerRuntime.process(ServerRuntime.java:235)
	at org.glassfish.jersey.server.ApplicationHandler.handle(ApplicationHandler.java:684)
	at org.glassfish.jersey.servlet.WebComponent.serviceImpl(WebComponent.java:397)
	at org.glassfish.jersey.servlet.WebComponent.service(WebComponent.java:349)
	at org.glassfish.jersey.servlet.ServletContainer.service(ServletContainer.java:379)
	at org.glassfish.jersey.servlet.ServletContainer.service(ServletContainer.java:312)
	at org.glassfish.jersey.servlet.ServletContainer.service(ServletContainer.java:205)
	at org.eclipse.jetty.servlet.ServletHolder.handle(ServletHolder.java:764)
	at org.eclipse.jetty.servlet.ServletHandler$ChainEnd.doFilter(ServletHandler.java:1665)
	at io.dropwizard.servlets.ThreadNameFilter.doFilter(ThreadNameFilter.java:35)
	at org.eclipse.jetty.servlet.FilterHolder.doFilter(FilterHolder.java:202)
	at org.eclipse.jetty.servlet.ServletHandler$Chain.doFilter(ServletHandler.java:1635)
	at io.dropwizard.jersey.filter.AllowedMethodsFilter.handle(AllowedMethodsFilter.java:46)
	at io.dropwizard.jersey.filter.AllowedMethodsFilter.doFilter(AllowedMethodsFilter.java:40)
	at org.eclipse.jetty.servlet.FilterHolder.doFilter(FilterHolder.java:202)
	at org.eclipse.jetty.servlet.ServletHandler$Chain.doFilter(ServletHandler.java:1635)
	at com.graphhopper.http.CORSFilter.doFilter(CORSFilter.java:36)
	at org.eclipse.jetty.servlet.FilterHolder.doFilter(FilterHolder.java:202)
	at org.eclipse.jetty.servlet.ServletHandler$Chain.doFilter(ServletHandler.java:1635)
	at org.eclipse.jetty.servlet.ServletHandler.doHandle(ServletHandler.java:527)
	at org.eclipse.jetty.server.handler.ScopedHandler.nextHandle(ScopedHandler.java:221)
	at org.eclipse.jetty.server.handler.ContextHandler.doHandle(ContextHandler.java:1384)
	at org.eclipse.jetty.server.handler.ScopedHandler.nextScope(ScopedHandler.java:176)
	at org.eclipse.jetty.servlet.ServletHandler.doScope(ServletHandler.java:484)
	at org.eclipse.jetty.server.handler.ScopedHandler.nextScope(ScopedHandler.java:174)
	at org.eclipse.jetty.server.handler.ContextHandler.doScope(ContextHandler.java:1306)
	at org.eclipse.jetty.server.handler.ScopedHandler.handle(ScopedHandler.java:129)
	at org.eclipse.jetty.server.handler.HandlerWrapper.handle(HandlerWrapper.java:122)
	at io.dropwizard.metrics.jetty10.InstrumentedHandler.handle(InstrumentedHandler.java:314)
	at io.dropwizard.jetty.RoutingHandler.handle(RoutingHandler.java:52)
	at org.eclipse.jetty.server.handler.HandlerWrapper.handle(HandlerWrapper.java:122)
	at org.eclipse.jetty.server.handler.gzip.GzipHandler.handle(GzipHandler.java:822)
	at io.dropwizard.jetty.ZipExceptionHandlingGzipHandler.handle(ZipExceptionHandlingGzipHandler.java:26)
	at org.eclipse.jetty.server.handler.StatisticsHandler.handle(StatisticsHandler.java:173)
	at org.eclipse.jetty.server.handler.HandlerWrapper.handle(HandlerWrapper.java:122)
	at org.eclipse.jetty.server.Server.handle(Server.java:563)
	at org.eclipse.jetty.server.HttpChannel$RequestDispatchable.dispatch(HttpChannel.java:1598)
	at org.eclipse.jetty.server.HttpChannel.dispatch(HttpChannel.java:753)
	at org.eclipse.jetty.server.HttpChannel.handle(HttpChannel.java:501)
	at org.eclipse.jetty.server.HttpConnection.onFillable(HttpConnection.java:287)
	at org.eclipse.jetty.io.AbstractConnection$ReadCallback.succeeded(AbstractConnection.java:314)
	at org.eclipse.jetty.io.FillInterest.fillable(FillInterest.java:100)
	at org.eclipse.jetty.io.SelectableChannelEndPoint$1.run(SelectableChannelEndPoint.java:53)
	at org.eclipse.jetty.util.thread.strategy.AdaptiveExecutionStrategy.runTask(AdaptiveExecutionStrategy.java:421)
	at org.eclipse.jetty.util.thread.strategy.AdaptiveExecutionStrategy.consumeTask(AdaptiveExecutionStrategy.java:390)
	at org.eclipse.jetty.util.thread.strategy.AdaptiveExecutionStrategy.tryProduce(AdaptiveExecutionStrategy.java:277)
	at org.eclipse.jetty.util.thread.strategy.AdaptiveExecutionStrategy.run(AdaptiveExecutionStrategy.java:199)
	at org.eclipse.jetty.util.thread.ReservedThreadExecutor$ReservedThread.run(ReservedThreadExecutor.java:411)
	at org.eclipse.jetty.util.thread.QueuedThreadPool.runJob(QueuedThreadPool.java:969)
	at org.eclipse.jetty.util.thread.QueuedThreadPool$Runner.doRunJob(QueuedThreadPool.java:1194)
	at org.eclipse.jetty.util.thread.QueuedThreadPool$Runner.run(QueuedThreadPool.java:1149)
	at java.base/java.lang.Thread.run(Thread.java:842)
2026-01-07 13:06:29.102 [pool-2-thread-14 - GET /route?point=-7.159,-34.855&point=-7.158902029464134,-34.85463559627534&profile=vehicle&profile=foot&points_encoded=false] INFO  c.g.h.IllegalArgumentExceptionMapper - bad request: The requested profile 'vehicle' does not exist.
Available profiles: [foot]
java.lang.IllegalArgumentException: The requested profile 'vehicle' does not exist.
Available profiles: [foot]
	at com.graphhopper.http.ProfileResolver.resolveProfile(ProfileResolver.java:46)
	at com.graphhopper.resources.RouteResource.doGet(RouteResource.java:151)
	at jdk.internal.reflect.GeneratedMethodAccessor13.invoke(Unknown Source)
	at java.base/jdk.internal.reflect.DelegatingMethodAccessorImpl.invoke(DelegatingMethodAccessorImpl.java:43)
	at java.base/java.lang.reflect.Method.invoke(Method.java:568)
	at org.glassfish.jersey.server.model.internal.ResourceMethodInvocationHandlerFactory.lambda$static$0(ResourceMethodInvocationHandlerFactory.java:52)
	at org.glassfish.jersey.server.model.internal.AbstractJavaResourceMethodDispatcher$1.run(AbstractJavaResourceMethodDispatcher.java:146)
	at org.glassfish.jersey.server.model.internal.AbstractJavaResourceMethodDispatcher.invoke(AbstractJavaResourceMethodDispatcher.java:189)
	at org.glassfish.jersey.server.model.internal.JavaResourceMethodDispatcherProvider$ResponseOutInvoker.doDispatch(JavaResourceMethodDispatcherProvider.java:176)
	at org.glassfish.jersey.server.model.internal.AbstractJavaResourceMethodDispatcher.dispatch(AbstractJavaResourceMethodDispatcher.java:93)
	at org.glassfish.jersey.server.model.ResourceMethodInvoker.invoke(ResourceMethodInvoker.java:478)
	at org.glassfish.jersey.server.model.ResourceMethodInvoker.apply(ResourceMethodInvoker.java:400)
	at org.glassfish.jersey.server.model.ResourceMethodInvoker.apply(ResourceMethodInvoker.java:81)
	at org.glassfish.jersey.server.ServerRuntime$1.run(ServerRuntime.java:256)
	at org.glassfish.jersey.internal.Errors$1.call(Errors.java:248)
	at org.glassfish.jersey.internal.Errors$1.call(Errors.java:244)
	at org.glassfish.jersey.internal.Errors.process(Errors.java:292)
	at org.glassfish.jersey.internal.Errors.process(Errors.java:274)
	at org.glassfish.jersey.internal.Errors.process(Errors.java:244)
	at org.glassfish.jersey.process.internal.RequestScope.runInScope(RequestScope.java:265)
	at org.glassfish.jersey.server.ServerRuntime.process(ServerRuntime.java:235)
	at org.glassfish.jersey.server.ApplicationHandler.handle(ApplicationHandler.java:684)
	at org.glassfish.jersey.servlet.WebComponent.serviceImpl(WebComponent.java:397)
	at org.glassfish.jersey.servlet.WebComponent.service(WebComponent.java:349)
	at org.glassfish.jersey.servlet.ServletContainer.service(ServletContainer.java:379)
	at org.glassfish.jersey.servlet.ServletContainer.service(ServletContainer.java:312)
	at org.glassfish.jersey.servlet.ServletContainer.service(ServletContainer.java:205)
	at org.eclipse.jetty.servlet.ServletHolder.handle(ServletHolder.java:764)
	at org.eclipse.jetty.servlet.ServletHandler$ChainEnd.doFilter(ServletHandler.java:1665)
	at io.dropwizard.servlets.ThreadNameFilter.doFilter(ThreadNameFilter.java:35)
	at org.eclipse.jetty.servlet.FilterHolder.doFilter(FilterHolder.java:202)
	at org.eclipse.jetty.servlet.ServletHandler$Chain.doFilter(ServletHandler.java:1635)
	at io.dropwizard.jersey.filter.AllowedMethodsFilter.handle(AllowedMethodsFilter.java:46)
	at io.dropwizard.jersey.filter.AllowedMethodsFilter.doFilter(AllowedMethodsFilter.java:40)
	at org.eclipse.jetty.servlet.FilterHolder.doFilter(FilterHolder.java:202)
	at org.eclipse.jetty.servlet.ServletHandler$Chain.doFilter(ServletHandler.java:1635)
	at com.graphhopper.http.CORSFilter.doFilter(CORSFilter.java:36)
	at org.eclipse.jetty.servlet.FilterHolder.doFilter(FilterHolder.java:202)
	at org.eclipse.jetty.servlet.ServletHandler$Chain.doFilter(ServletHandler.java:1635)
	at org.eclipse.jetty.servlet.ServletHandler.doHandle(ServletHandler.java:527)
	at org.eclipse.jetty.server.handler.ScopedHandler.nextHandle(ScopedHandler.java:221)
	at org.eclipse.jetty.server.handler.ContextHandler.doHandle(ContextHandler.java:1384)
	at org.eclipse.jetty.server.handler.ScopedHandler.nextScope(ScopedHandler.java:176)
	at org.eclipse.jetty.servlet.ServletHandler.doScope(ServletHandler.java:484)
	at org.eclipse.jetty.server.handler.ScopedHandler.nextScope(ScopedHandler.java:174)
	at org.eclipse.jetty.server.handler.ContextHandler.doScope(ContextHandler.java:1306)
	at org.eclipse.jetty.server.handler.ScopedHandler.handle(ScopedHandler.java:129)
	at org.eclipse.jetty.server.handler.HandlerWrapper.handle(HandlerWrapper.java:122)
	at io.dropwizard.metrics.jetty10.InstrumentedHandler.handle(InstrumentedHandler.java:314)
	at io.dropwizard.jetty.RoutingHandler.handle(RoutingHandler.java:52)
	at org.eclipse.jetty.server.handler.HandlerWrapper.handle(HandlerWrapper.java:122)
	at org.eclipse.jetty.server.handler.gzip.GzipHandler.handle(GzipHandler.java:822)
	at io.dropwizard.jetty.ZipExceptionHandlingGzipHandler.handle(ZipExceptionHandlingGzipHandler.java:26)
	at org.eclipse.jetty.server.handler.StatisticsHandler.handle(StatisticsHandler.java:173)
	at org.eclipse.jetty.server.handler.HandlerWrapper.handle(HandlerWrapper.java:122)
	at org.eclipse.jetty.server.Server.handle(Server.java:563)
	at org.eclipse.jetty.server.HttpChannel$RequestDispatchable.dispatch(HttpChannel.java:1598)
	at org.eclipse.jetty.server.HttpChannel.dispatch(HttpChannel.java:753)
	at org.eclipse.jetty.server.HttpChannel.handle(HttpChannel.java:501)
	at org.eclipse.jetty.server.HttpConnection.onFillable(HttpConnection.java:287)
	at org.eclipse.jetty.io.AbstractConnection$ReadCallback.succeeded(AbstractConnection.java:314)
	at org.eclipse.jetty.io.FillInterest.fillable(FillInterest.java:100)
	at org.eclipse.jetty.io.SelectableChannelEndPoint$1.run(SelectableChannelEndPoint.java:53)
	at org.eclipse.jetty.util.thread.strategy.AdaptiveExecutionStrategy.runTask(AdaptiveExecutionStrategy.java:421)
	at org.eclipse.jetty.util.thread.strategy.AdaptiveExecutionStrategy.consumeTask(AdaptiveExecutionStrategy.java:390)
	at org.eclipse.jetty.util.thread.strategy.AdaptiveExecutionStrategy.tryProduce(AdaptiveExecutionStrategy.java:277)
	at org.eclipse.jetty.util.thread.strategy.AdaptiveExecutionStrategy.run(AdaptiveExecutionStrategy.java:199)
	at org.eclipse.jetty.util.thread.ReservedThreadExecutor$ReservedThread.run(ReservedThreadExecutor.java:411)
	at org.eclipse.jetty.util.thread.QueuedThreadPool.runJob(QueuedThreadPool.java:969)
	at org.eclipse.jetty.util.thread.QueuedThreadPool$Runner.doRunJob(QueuedThreadPool.java:1194)
	at org.eclipse.jetty.util.thread.QueuedThreadPool$Runner.run(QueuedThreadPool.java:1149)
	at java.base/java.lang.Thread.run(Thread.java:842)
2026-01-07 13:07:00.588 [JettyShutdownThread] INFO  org.eclipse.jetty.server.Server - Stopped Server@149c3204{STOPPING}[10.0.23,sto=30000]
2026-01-07 13:07:00.588 [JettyShutdownThread] INFO  org.eclipse.jetty.server.Server - Shutdown Server@149c3204{STOPPING}[10.0.23,sto=30000]
2026-01-07 13:07:00.609 [JettyShutdownThread] INFO  o.e.jetty.server.AbstractConnector - Stopped application@64693226{HTTP/1.1, (http/1.1)}{localhost:8989}
2026-01-07 13:07:00.610 [JettyShutdownThread] INFO  o.e.jetty.server.AbstractConnector - Stopped admin@1c758545{HTTP/1.1, (http/1.1)}{localhost:8990}
2026-01-07 13:07:00.611 [JettyShutdownThread] INFO  o.e.j.server.handler.ContextHandler - Stopped i.d.j.MutableServletContextHandler@93bf0e0{/,null,STOPPED}
2026-01-07 13:07:00.615 [JettyShutdownThread] INFO  o.e.j.server.handler.ContextHandler - Stopped i.d.j.MutableServletContextHandler@6812c8cc{/,null,STOPPED}
2026-01-07 13:42:19.679 [main] INFO  i.d.core.server.DefaultServerFactory - Registering jersey handler with root path prefix: /
2026-01-07 13:42:19.682 [main] INFO  i.d.core.server.DefaultServerFactory - Registering admin handler with root path prefix: /
2026-01-07 13:42:19.921 [main] INFO  io.dropwizard.assets.AssetsBundle - Registering AssetBundle with name: assets for path /maps/*
2026-01-07 13:42:19.922 [main] INFO  io.dropwizard.assets.AssetsBundle - Registering AssetBundle with name: webjars for path /webjars/*
2026-01-07 13:42:19.929 [main] INFO  i.d.core.server.ServerFactory - Starting GraphHopperApplication
                        _     _
   __ _ _ __ __ _ _ __ | |__ | |__   ___  _ __  _ __   ___ _ __
  / _` | '__/ _` | '_ \| '_ \| '_ \ / _ \| '_ \| '_ \ / _ \ '__|
 | (_| | | | (_| | |_) | | | | | | | (_) | |_) | |_) |  __/ |
  \__, |_|  \__,_| .__/|_| |_|_| |_|\___/| .__/| .__/ \___|_|
  |___/          |_|                     |_|   |_|
2026-01-07 13:42:20.015 [main] INFO  o.e.jetty.setuid.SetUIDListener - Opened application@64693226{HTTP/1.1, (http/1.1)}{localhost:8989}
2026-01-07 13:42:20.015 [main] INFO  o.e.jetty.setuid.SetUIDListener - Opened admin@1c758545{HTTP/1.1, (http/1.1)}{localhost:8990}
2026-01-07 13:42:20.017 [main] INFO  org.eclipse.jetty.server.Server - jetty-10.0.23; built: 2024-08-14T01:14:42.815Z; git: 570aa4a1395ca8f9f800045f3a1fe5fe3af9a598; jvm 17.0.12+8-LTS-286
2026-01-07 13:42:20.297 [main] INFO  com.graphhopper.GraphHopper - version 10.0|2024-11-04T16:04:43Z (9,23,7,5,2,9)
2026-01-07 13:42:20.315 [main] INFO  com.graphhopper.GraphHopper - graph foot|RAM_STORE|2D|no_turn_cost|nodes:9,edges:23,geometry:7,location_index:5,string_index:2,nodesCH:0,shortcuts:9, details:edges: 174(1MB), nodes: 199(1MB), bounds: -34.8580337,-34.8522197,-7.1609484,-7.1561425, name:(1MB), geo:1,670/-1(1MB)
2026-01-07 13:42:20.332 [main] INFO  c.g.http.GraphHopperManaged - loaded graph at:graph-cache-unipe, data_reader_file:caminhos_unipe.osm, encoded values:["{\"className\":\"com.graphhopper.routing.ev.SimpleBooleanEncodedValue\",\"name\":\"foot_access\",\"bits\":1,\"min_storable_value\":0,\"max_storable_value\":1,\"max_value\":1,\"negate_reverse_direction\":false,\"store_two_directions\":true,\"fwd_data_index\":0,\"bwd_data_index\":0,\"fwd_shift\":0,\"bwd_shift\":1,\"fwd_mask\":1,\"bwd_mask\":2}","{\"className\":\"com.graphhopper.routing.ev.DecimalEncodedValueImpl\",\"name\":\"foot_average_speed\",\"bits\":4,\"min_storable_value\":0,\"max_storable_value\":15,\"max_value\":5,\"negate_reverse_direction\":false,\"store_two_directions\":false,\"fwd_data_index\":0,\"bwd_data_index\":0,\"fwd_shift\":2,\"bwd_shift\":-1,\"fwd_mask\":60,\"bwd_mask\":0,\"factor\":1.0,\"use_maximum_as_infinity\":false}","{\"className\":\"com.graphhopper.routing.ev.EnumEncodedValue\",\"name\":\"road_class\",\"bits\":5,\"min_storable_value\":0,\"max_storable_value\":31,\"max_value\":16,\"negate_reverse_direction\":false,\"store_two_directions\":false,\"fwd_data_index\":0,\"bwd_data_index\":0,\"fwd_shift\":6,\"bwd_shift\":-1,\"fwd_mask\":1984,\"bwd_mask\":0,\"enum_type\":\"com.graphhopper.routing.ev.RoadClass\"}","{\"className\":\"com.graphhopper.routing.ev.EnumEncodedValue\",\"name\":\"road_environment\",\"bits\":3,\"min_storable_value\":0,\"max_storable_value\":7,\"max_value\":1,\"negate_reverse_direction\":false,\"store_two_directions\":false,\"fwd_data_index\":0,\"bwd_data_index\":0,\"fwd_shift\":11,\"bwd_shift\":-1,\"fwd_mask\":14336,\"bwd_mask\":0,\"enum_type\":\"com.graphhopper.routing.ev.RoadEnvironment\"}","{\"className\":\"com.graphhopper.routing.ev.SimpleBooleanEncodedValue\",\"name\":\"roundabout\",\"bits\":1,\"min_storable_value\":0,\"max_storable_value\":1,\"max_value\":1,\"negate_reverse_direction\":false,\"store_two_directions\":false,\"fwd_data_index\":0,\"bwd_data_index\":0,\"fwd_shift\":14,\"bwd_shift\":-1,\"fwd_mask\":16384,\"bwd_mask\":0}","{\"className\":\"com.graphhopper.routing.ev.SimpleBooleanEncodedValue\",\"name\":\"road_class_link\",\"bits\":1,\"min_storable_value\":0,\"max_storable_value\":1,\"max_value\":-2147483648,\"negate_reverse_direction\":false,\"store_two_directions\":false,\"fwd_data_index\":0,\"bwd_data_index\":0,\"fwd_shift\":15,\"bwd_shift\":-1,\"fwd_mask\":32768,\"bwd_mask\":0}","{\"className\":\"com.graphhopper.routing.ev.DecimalEncodedValueImpl\",\"name\":\"max_speed\",\"bits\":7,\"min_storable_value\":0,\"max_storable_value\":127,\"max_value\":127,\"negate_reverse_direction\":false,\"store_two_directions\":true,\"fwd_data_index\":0,\"bwd_data_index\":0,\"fwd_shift\":16,\"bwd_shift\":23,\"fwd_mask\":8323072,\"bwd_mask\":1065353216,\"factor\":2.0,\"use_maximum_as_infinity\":true}","{\"className\":\"com.graphhopper.routing.ev.DecimalEncodedValueImpl\",\"name\":\"ferry_speed\",\"bits\":5,\"min_storable_value\":0,\"max_storable_value\":31,\"max_value\":-2147483648,\"negate_reverse_direction\":false,\"store_two_directions\":false,\"fwd_data_index\":1,\"bwd_data_index\":0,\"fwd_shift\":0,\"bwd_shift\":-1,\"fwd_mask\":31,\"bwd_mask\":0,\"factor\":2.0,\"use_maximum_as_infinity\":false}","{\"className\":\"com.graphhopper.routing.ev.SimpleBooleanEncodedValue\",\"name\":\"foot_subnetwork\",\"bits\":1,\"min_storable_value\":0,\"max_storable_value\":1,\"max_value\":1,\"negate_reverse_direction\":false,\"store_two_directions\":false,\"fwd_data_index\":1,\"bwd_data_index\":0,\"fwd_shift\":5,\"bwd_shift\":-1,\"fwd_mask\":32,\"bwd_mask\":0}"], 5 bytes for edge flags, edges: 174(1MB), nodes: 199(1MB), bounds: -34.8580337,-34.8522197,-7.1609484,-7.1561425, name:(1MB), geo:1,670/-1(1MB)
2026-01-07 13:42:20.636 [main] WARN  o.g.jersey.internal.inject.Providers - A provider com.codahale.metrics.health.HealthCheckRegistry registered in SERVER runtime does not implement any provider interfaces applicable in the SERVER runtime. Due to constraint configuration problems the provider com.codahale.metrics.health.HealthCheckRegistry will be ignored. 
2026-01-07 13:42:20.762 [main] INFO  i.d.jersey.DropwizardResourceConfig - The following paths were found for the configured resources:

    GET     / (com.graphhopper.application.resources.RootResource)
    GET     /health (com.graphhopper.resources.HealthCheckResource)
    GET     /i18n (com.graphhopper.resources.I18NResource)
    GET     /i18n/{locale} (com.graphhopper.resources.I18NResource)
    GET     /info (com.graphhopper.resources.InfoResource)
    GET     /isochrone (com.graphhopper.resources.IsochroneResource)
    POST    /match (com.graphhopper.resources.MapMatchingResource)
    GET     /mvt/{z}/{x}/{y}.mvt (com.graphhopper.resources.MVTResource)
    GET     /navigate/directions/v5/gh/{profile}/{coordinatesArray : .+} (com.graphhopper.navigation.NavigateResource)
    GET     /nearest (com.graphhopper.resources.NearestResource)
    GET     /route (com.graphhopper.resources.RouteResource)
    POST    /route (com.graphhopper.resources.RouteResource)
    GET     /spt (com.graphhopper.resources.SPTResource)

2026-01-07 13:42:20.765 [main] INFO  o.e.j.server.handler.ContextHandler - Started i.d.j.MutableServletContextHandler@18d47df0{/,null,AVAILABLE}
2026-01-07 13:42:20.769 [main] INFO  i.d.core.setup.AdminEnvironment - tasks = 

    POST    /tasks/log-level (io.dropwizard.servlets.tasks.LogConfigurationTask)
    POST    /tasks/gc (io.dropwizard.servlets.tasks.GarbageCollectionTask)

2026-01-07 13:42:20.770 [main] INFO  o.e.j.server.handler.ContextHandler - Started i.d.j.MutableServletContextHandler@cbd40c1{/,null,AVAILABLE}
2026-01-07 13:42:20.820 [main] INFO  o.e.jetty.server.AbstractConnector - Started application@64693226{HTTP/1.1, (http/1.1)}{localhost:8989}
2026-01-07 13:42:20.825 [main] INFO  o.e.jetty.server.AbstractConnector - Started admin@1c758545{HTTP/1.1, (http/1.1)}{localhost:8990}
2026-01-07 13:42:20.827 [main] INFO  org.eclipse.jetty.server.Server - Started Server@149c3204{STARTING}[10.0.23,sto=30000] @2184ms
2026-01-07 13:42:26.719 [pool-2-thread-12 - GET /route?point=-7.159,-34.855&point=-7.158902029464134,-34.85463559627534&profile=vehicle&profile=foot&points_encoded=false] INFO  c.g.h.IllegalArgumentExceptionMapper - bad request: The requested profile 'vehicle' does not exist.
Available profiles: [foot]
java.lang.IllegalArgumentException: The requested profile 'vehicle' does not exist.
Available profiles: [foot]
	at com.graphhopper.http.ProfileResolver.resolveProfile(ProfileResolver.java:46)
	at com.graphhopper.resources.RouteResource.doGet(RouteResource.java:151)
	at java.base/jdk.internal.reflect.NativeMethodAccessorImpl.invoke0(Native Method)
	at java.base/jdk.internal.reflect.NativeMethodAccessorImpl.invoke(NativeMethodAccessorImpl.java:77)
	at java.base/jdk.internal.reflect.DelegatingMethodAccessorImpl.invoke(DelegatingMethodAccessorImpl.java:43)
	at java.base/java.lang.reflect.Method.invoke(Method.java:568)
	at org.glassfish.jersey.server.model.internal.ResourceMethodInvocationHandlerFactory.lambda$static$0(ResourceMethodInvocationHandlerFactory.java:52)
	at org.glassfish.jersey.server.model.internal.AbstractJavaResourceMethodDispatcher$1.run(AbstractJavaResourceMethodDispatcher.java:146)
	at org.glassfish.jersey.server.model.internal.AbstractJavaResourceMethodDispatcher.invoke(AbstractJavaResourceMethodDispatcher.java:189)
	at org.glassfish.jersey.server.model.internal.JavaResourceMethodDispatcherProvider$ResponseOutInvoker.doDispatch(JavaResourceMethodDispatcherProvider.java:176)
	at org.glassfish.jersey.server.model.internal.AbstractJavaResourceMethodDispatcher.dispatch(AbstractJavaResourceMethodDispatcher.java:93)
	at org.glassfish.jersey.server.model.ResourceMethodInvoker.invoke(ResourceMethodInvoker.java:478)
	at org.glassfish.jersey.server.model.ResourceMethodInvoker.apply(ResourceMethodInvoker.java:400)
	at org.glassfish.jersey.server.model.ResourceMethodInvoker.apply(ResourceMethodInvoker.java:81)
	at org.glassfish.jersey.server.ServerRuntime$1.run(ServerRuntime.java:256)
	at org.glassfish.jersey.internal.Errors$1.call(Errors.java:248)
	at org.glassfish.jersey.internal.Errors$1.call(Errors.java:244)
	at org.glassfish.jersey.internal.Errors.process(Errors.java:292)
	at org.glassfish.jersey.internal.Errors.process(Errors.java:274)
	at org.glassfish.jersey.internal.Errors.process(Errors.java:244)
	at org.glassfish.jersey.process.internal.RequestScope.runInScope(RequestScope.java:265)
	at org.glassfish.jersey.server.ServerRuntime.process(ServerRuntime.java:235)
	at org.glassfish.jersey.server.ApplicationHandler.handle(ApplicationHandler.java:684)
	at org.glassfish.jersey.servlet.WebComponent.serviceImpl(WebComponent.java:397)
	at org.glassfish.jersey.servlet.WebComponent.service(WebComponent.java:349)
	at org.glassfish.jersey.servlet.ServletContainer.service(ServletContainer.java:379)
	at org.glassfish.jersey.servlet.ServletContainer.service(ServletContainer.java:312)
	at org.glassfish.jersey.servlet.ServletContainer.service(ServletContainer.java:205)
	at org.eclipse.jetty.servlet.ServletHolder.handle(ServletHolder.java:764)
	at org.eclipse.jetty.servlet.ServletHandler$ChainEnd.doFilter(ServletHandler.java:1665)
	at io.dropwizard.servlets.ThreadNameFilter.doFilter(ThreadNameFilter.java:35)
	at org.eclipse.jetty.servlet.FilterHolder.doFilter(FilterHolder.java:202)
	at org.eclipse.jetty.servlet.ServletHandler$Chain.doFilter(ServletHandler.java:1635)
	at io.dropwizard.jersey.filter.AllowedMethodsFilter.handle(AllowedMethodsFilter.java:46)
	at io.dropwizard.jersey.filter.AllowedMethodsFilter.doFilter(AllowedMethodsFilter.java:40)
	at org.eclipse.jetty.servlet.FilterHolder.doFilter(FilterHolder.java:202)
	at org.eclipse.jetty.servlet.ServletHandler$Chain.doFilter(ServletHandler.java:1635)
	at com.graphhopper.http.CORSFilter.doFilter(CORSFilter.java:36)
	at org.eclipse.jetty.servlet.FilterHolder.doFilter(FilterHolder.java:202)
	at org.eclipse.jetty.servlet.ServletHandler$Chain.doFilter(ServletHandler.java:1635)
	at org.eclipse.jetty.servlet.ServletHandler.doHandle(ServletHandler.java:527)
	at org.eclipse.jetty.server.handler.ScopedHandler.nextHandle(ScopedHandler.java:221)
	at org.eclipse.jetty.server.handler.ContextHandler.doHandle(ContextHandler.java:1384)
	at org.eclipse.jetty.server.handler.ScopedHandler.nextScope(ScopedHandler.java:176)
	at org.eclipse.jetty.servlet.ServletHandler.doScope(ServletHandler.java:484)
	at org.eclipse.jetty.server.handler.ScopedHandler.nextScope(ScopedHandler.java:174)
	at org.eclipse.jetty.server.handler.ContextHandler.doScope(ContextHandler.java:1306)
	at org.eclipse.jetty.server.handler.ScopedHandler.handle(ScopedHandler.java:129)
	at org.eclipse.jetty.server.handler.HandlerWrapper.handle(HandlerWrapper.java:122)
	at io.dropwizard.metrics.jetty10.InstrumentedHandler.handle(InstrumentedHandler.java:314)
	at io.dropwizard.jetty.RoutingHandler.handle(RoutingHandler.java:52)
	at org.eclipse.jetty.server.handler.HandlerWrapper.handle(HandlerWrapper.java:122)
	at org.eclipse.jetty.server.handler.gzip.GzipHandler.handle(GzipHandler.java:822)
	at io.dropwizard.jetty.ZipExceptionHandlingGzipHandler.handle(ZipExceptionHandlingGzipHandler.java:26)
	at org.eclipse.jetty.server.handler.StatisticsHandler.handle(StatisticsHandler.java:173)
	at org.eclipse.jetty.server.handler.HandlerWrapper.handle(HandlerWrapper.java:122)
	at org.eclipse.jetty.server.Server.handle(Server.java:563)
	at org.eclipse.jetty.server.HttpChannel$RequestDispatchable.dispatch(HttpChannel.java:1598)
	at org.eclipse.jetty.server.HttpChannel.dispatch(HttpChannel.java:753)
	at org.eclipse.jetty.server.HttpChannel.handle(HttpChannel.java:501)
	at org.eclipse.jetty.server.HttpConnection.onFillable(HttpConnection.java:287)
	at org.eclipse.jetty.io.AbstractConnection$ReadCallback.succeeded(AbstractConnection.java:314)
	at org.eclipse.jetty.io.FillInterest.fillable(FillInterest.java:100)
	at org.eclipse.jetty.io.SelectableChannelEndPoint$1.run(SelectableChannelEndPoint.java:53)
	at org.eclipse.jetty.util.thread.QueuedThreadPool.runJob(QueuedThreadPool.java:969)
	at org.eclipse.jetty.util.thread.QueuedThreadPool$Runner.doRunJob(QueuedThreadPool.java:1194)
	at org.eclipse.jetty.util.thread.QueuedThreadPool$Runner.run(QueuedThreadPool.java:1149)
	at java.base/java.lang.Thread.run(Thread.java:842)
2026-01-07 13:42:29.136 [pool-2-thread-4 - GET /route?point=-7.159,-34.855&point=-7.158135574580375,-34.85498428344727&profile=vehicle&profile=foot&points_encoded=false] INFO  c.g.h.IllegalArgumentExceptionMapper - bad request: The requested profile 'vehicle' does not exist.
Available profiles: [foot]
java.lang.IllegalArgumentException: The requested profile 'vehicle' does not exist.
Available profiles: [foot]
	at com.graphhopper.http.ProfileResolver.resolveProfile(ProfileResolver.java:46)
	at com.graphhopper.resources.RouteResource.doGet(RouteResource.java:151)
	at java.base/jdk.internal.reflect.NativeMethodAccessorImpl.invoke0(Native Method)
	at java.base/jdk.internal.reflect.NativeMethodAccessorImpl.invoke(NativeMethodAccessorImpl.java:77)
	at java.base/jdk.internal.reflect.DelegatingMethodAccessorImpl.invoke(DelegatingMethodAccessorImpl.java:43)
	at java.base/java.lang.reflect.Method.invoke(Method.java:568)
	at org.glassfish.jersey.server.model.internal.ResourceMethodInvocationHandlerFactory.lambda$static$0(ResourceMethodInvocationHandlerFactory.java:52)
	at org.glassfish.jersey.server.model.internal.AbstractJavaResourceMethodDispatcher$1.run(AbstractJavaResourceMethodDispatcher.java:146)
	at org.glassfish.jersey.server.model.internal.AbstractJavaResourceMethodDispatcher.invoke(AbstractJavaResourceMethodDispatcher.java:189)
	at org.glassfish.jersey.server.model.internal.JavaResourceMethodDispatcherProvider$ResponseOutInvoker.doDispatch(JavaResourceMethodDispatcherProvider.java:176)
	at org.glassfish.jersey.server.model.internal.AbstractJavaResourceMethodDispatcher.dispatch(AbstractJavaResourceMethodDispatcher.java:93)
	at org.glassfish.jersey.server.model.ResourceMethodInvoker.invoke(ResourceMethodInvoker.java:478)
	at org.glassfish.jersey.server.model.ResourceMethodInvoker.apply(ResourceMethodInvoker.java:400)
	at org.glassfish.jersey.server.model.ResourceMethodInvoker.apply(ResourceMethodInvoker.java:81)
	at org.glassfish.jersey.server.ServerRuntime$1.run(ServerRuntime.java:256)
	at org.glassfish.jersey.internal.Errors$1.call(Errors.java:248)
	at org.glassfish.jersey.internal.Errors$1.call(Errors.java:244)
	at org.glassfish.jersey.internal.Errors.process(Errors.java:292)
	at org.glassfish.jersey.internal.Errors.process(Errors.java:274)
	at org.glassfish.jersey.internal.Errors.process(Errors.java:244)
	at org.glassfish.jersey.process.internal.RequestScope.runInScope(RequestScope.java:265)
	at org.glassfish.jersey.server.ServerRuntime.process(ServerRuntime.java:235)
	at org.glassfish.jersey.server.ApplicationHandler.handle(ApplicationHandler.java:684)
	at org.glassfish.jersey.servlet.WebComponent.serviceImpl(WebComponent.java:397)
	at org.glassfish.jersey.servlet.WebComponent.service(WebComponent.java:349)
	at org.glassfish.jersey.servlet.ServletContainer.service(ServletContainer.java:379)
	at org.glassfish.jersey.servlet.ServletContainer.service(ServletContainer.java:312)
	at org.glassfish.jersey.servlet.ServletContainer.service(ServletContainer.java:205)
	at org.eclipse.jetty.servlet.ServletHolder.handle(ServletHolder.java:764)
	at org.eclipse.jetty.servlet.ServletHandler$ChainEnd.doFilter(ServletHandler.java:1665)
	at io.dropwizard.servlets.ThreadNameFilter.doFilter(ThreadNameFilter.java:35)
	at org.eclipse.jetty.servlet.FilterHolder.doFilter(FilterHolder.java:202)
	at org.eclipse.jetty.servlet.ServletHandler$Chain.doFilter(ServletHandler.java:1635)
	at io.dropwizard.jersey.filter.AllowedMethodsFilter.handle(AllowedMethodsFilter.java:46)
	at io.dropwizard.jersey.filter.AllowedMethodsFilter.doFilter(AllowedMethodsFilter.java:40)
	at org.eclipse.jetty.servlet.FilterHolder.doFilter(FilterHolder.java:202)
	at org.eclipse.jetty.servlet.ServletHandler$Chain.doFilter(ServletHandler.java:1635)
	at com.graphhopper.http.CORSFilter.doFilter(CORSFilter.java:36)
	at org.eclipse.jetty.servlet.FilterHolder.doFilter(FilterHolder.java:202)
	at org.eclipse.jetty.servlet.ServletHandler$Chain.doFilter(ServletHandler.java:1635)
	at org.eclipse.jetty.servlet.ServletHandler.doHandle(ServletHandler.java:527)
	at org.eclipse.jetty.server.handler.ScopedHandler.nextHandle(ScopedHandler.java:221)
	at org.eclipse.jetty.server.handler.ContextHandler.doHandle(ContextHandler.java:1384)
	at org.eclipse.jetty.server.handler.ScopedHandler.nextScope(ScopedHandler.java:176)
	at org.eclipse.jetty.servlet.ServletHandler.doScope(ServletHandler.java:484)
	at org.eclipse.jetty.server.handler.ScopedHandler.nextScope(ScopedHandler.java:174)
	at org.eclipse.jetty.server.handler.ContextHandler.doScope(ContextHandler.java:1306)
	at org.eclipse.jetty.server.handler.ScopedHandler.handle(ScopedHandler.java:129)
	at org.eclipse.jetty.server.handler.HandlerWrapper.handle(HandlerWrapper.java:122)
	at io.dropwizard.metrics.jetty10.InstrumentedHandler.handle(InstrumentedHandler.java:314)
	at io.dropwizard.jetty.RoutingHandler.handle(RoutingHandler.java:52)
	at org.eclipse.jetty.server.handler.HandlerWrapper.handle(HandlerWrapper.java:122)
	at org.eclipse.jetty.server.handler.gzip.GzipHandler.handle(GzipHandler.java:822)
	at io.dropwizard.jetty.ZipExceptionHandlingGzipHandler.handle(ZipExceptionHandlingGzipHandler.java:26)
	at org.eclipse.jetty.server.handler.StatisticsHandler.handle(StatisticsHandler.java:173)
	at org.eclipse.jetty.server.handler.HandlerWrapper.handle(HandlerWrapper.java:122)
	at org.eclipse.jetty.server.Server.handle(Server.java:563)
	at org.eclipse.jetty.server.HttpChannel$RequestDispatchable.dispatch(HttpChannel.java:1598)
	at org.eclipse.jetty.server.HttpChannel.dispatch(HttpChannel.java:753)
	at org.eclipse.jetty.server.HttpChannel.handle(HttpChannel.java:501)
	at org.eclipse.jetty.server.HttpConnection.onFillable(HttpConnection.java:287)
	at org.eclipse.jetty.io.AbstractConnection$ReadCallback.succeeded(AbstractConnection.java:314)
	at org.eclipse.jetty.io.FillInterest.fillable(FillInterest.java:100)
	at org.eclipse.jetty.io.SelectableChannelEndPoint$1.run(SelectableChannelEndPoint.java:53)
	at org.eclipse.jetty.util.thread.strategy.AdaptiveExecutionStrategy.runTask(AdaptiveExecutionStrategy.java:421)
	at org.eclipse.jetty.util.thread.strategy.AdaptiveExecutionStrategy.consumeTask(AdaptiveExecutionStrategy.java:390)
	at org.eclipse.jetty.util.thread.strategy.AdaptiveExecutionStrategy.tryProduce(AdaptiveExecutionStrategy.java:277)
	at org.eclipse.jetty.util.thread.strategy.AdaptiveExecutionStrategy.produce(AdaptiveExecutionStrategy.java:193)
	at org.eclipse.jetty.util.thread.QueuedThreadPool.runJob(QueuedThreadPool.java:969)
	at org.eclipse.jetty.util.thread.QueuedThreadPool$Runner.doRunJob(QueuedThreadPool.java:1194)
	at org.eclipse.jetty.util.thread.QueuedThreadPool$Runner.run(QueuedThreadPool.java:1149)
	at java.base/java.lang.Thread.run(Thread.java:842)
2026-01-07 13:42:30.259 [pool-2-thread-11 - GET /route?point=-7.159,-34.855&point=-7.1584017048942865,-34.85475361347199&profile=vehicle&profile=foot&points_encoded=false] INFO  c.g.h.IllegalArgumentExceptionMapper - bad request: The requested profile 'vehicle' does not exist.
Available profiles: [foot]
java.lang.IllegalArgumentException: The requested profile 'vehicle' does not exist.
Available profiles: [foot]
	at com.graphhopper.http.ProfileResolver.resolveProfile(ProfileResolver.java:46)
	at com.graphhopper.resources.RouteResource.doGet(RouteResource.java:151)
	at java.base/jdk.internal.reflect.NativeMethodAccessorImpl.invoke0(Native Method)
	at java.base/jdk.internal.reflect.NativeMethodAccessorImpl.invoke(NativeMethodAccessorImpl.java:77)
	at java.base/jdk.internal.reflect.DelegatingMethodAccessorImpl.invoke(DelegatingMethodAccessorImpl.java:43)
	at java.base/java.lang.reflect.Method.invoke(Method.java:568)
	at org.glassfish.jersey.server.model.internal.ResourceMethodInvocationHandlerFactory.lambda$static$0(ResourceMethodInvocationHandlerFactory.java:52)
	at org.glassfish.jersey.server.model.internal.AbstractJavaResourceMethodDispatcher$1.run(AbstractJavaResourceMethodDispatcher.java:146)
	at org.glassfish.jersey.server.model.internal.AbstractJavaResourceMethodDispatcher.invoke(AbstractJavaResourceMethodDispatcher.java:189)
	at org.glassfish.jersey.server.model.internal.JavaResourceMethodDispatcherProvider$ResponseOutInvoker.doDispatch(JavaResourceMethodDispatcherProvider.java:176)
	at org.glassfish.jersey.server.model.internal.AbstractJavaResourceMethodDispatcher.dispatch(AbstractJavaResourceMethodDispatcher.java:93)
	at org.glassfish.jersey.server.model.ResourceMethodInvoker.invoke(ResourceMethodInvoker.java:478)
	at org.glassfish.jersey.server.model.ResourceMethodInvoker.apply(ResourceMethodInvoker.java:400)
	at org.glassfish.jersey.server.model.ResourceMethodInvoker.apply(ResourceMethodInvoker.java:81)
	at org.glassfish.jersey.server.ServerRuntime$1.run(ServerRuntime.java:256)
	at org.glassfish.jersey.internal.Errors$1.call(Errors.java:248)
	at org.glassfish.jersey.internal.Errors$1.call(Errors.java:244)
	at org.glassfish.jersey.internal.Errors.process(Errors.java:292)
	at org.glassfish.jersey.internal.Errors.process(Errors.java:274)
	at org.glassfish.jersey.internal.Errors.process(Errors.java:244)
	at org.glassfish.jersey.process.internal.RequestScope.runInScope(RequestScope.java:265)
	at org.glassfish.jersey.server.ServerRuntime.process(ServerRuntime.java:235)
	at org.glassfish.jersey.server.ApplicationHandler.handle(ApplicationHandler.java:684)
	at org.glassfish.jersey.servlet.WebComponent.serviceImpl(WebComponent.java:397)
	at org.glassfish.jersey.servlet.WebComponent.service(WebComponent.java:349)
	at org.glassfish.jersey.servlet.ServletContainer.service(ServletContainer.java:379)
	at org.glassfish.jersey.servlet.ServletContainer.service(ServletContainer.java:312)
	at org.glassfish.jersey.servlet.ServletContainer.service(ServletContainer.java:205)
	at org.eclipse.jetty.servlet.ServletHolder.handle(ServletHolder.java:764)
	at org.eclipse.jetty.servlet.ServletHandler$ChainEnd.doFilter(ServletHandler.java:1665)
	at io.dropwizard.servlets.ThreadNameFilter.doFilter(ThreadNameFilter.java:35)
	at org.eclipse.jetty.servlet.FilterHolder.doFilter(FilterHolder.java:202)
	at org.eclipse.jetty.servlet.ServletHandler$Chain.doFilter(ServletHandler.java:1635)
	at io.dropwizard.jersey.filter.AllowedMethodsFilter.handle(AllowedMethodsFilter.java:46)
	at io.dropwizard.jersey.filter.AllowedMethodsFilter.doFilter(AllowedMethodsFilter.java:40)
	at org.eclipse.jetty.servlet.FilterHolder.doFilter(FilterHolder.java:202)
	at org.eclipse.jetty.servlet.ServletHandler$Chain.doFilter(ServletHandler.java:1635)
	at com.graphhopper.http.CORSFilter.doFilter(CORSFilter.java:36)
	at org.eclipse.jetty.servlet.FilterHolder.doFilter(FilterHolder.java:202)
	at org.eclipse.jetty.servlet.ServletHandler$Chain.doFilter(ServletHandler.java:1635)
	at org.eclipse.jetty.servlet.ServletHandler.doHandle(ServletHandler.java:527)
	at org.eclipse.jetty.server.handler.ScopedHandler.nextHandle(ScopedHandler.java:221)
	at org.eclipse.jetty.server.handler.ContextHandler.doHandle(ContextHandler.java:1384)
	at org.eclipse.jetty.server.handler.ScopedHandler.nextScope(ScopedHandler.java:176)
	at org.eclipse.jetty.servlet.ServletHandler.doScope(ServletHandler.java:484)
	at org.eclipse.jetty.server.handler.ScopedHandler.nextScope(ScopedHandler.java:174)
	at org.eclipse.jetty.server.handler.ContextHandler.doScope(ContextHandler.java:1306)
	at org.eclipse.jetty.server.handler.ScopedHandler.handle(ScopedHandler.java:129)
	at org.eclipse.jetty.server.handler.HandlerWrapper.handle(HandlerWrapper.java:122)
	at io.dropwizard.metrics.jetty10.InstrumentedHandler.handle(InstrumentedHandler.java:314)
	at io.dropwizard.jetty.RoutingHandler.handle(RoutingHandler.java:52)
	at org.eclipse.jetty.server.handler.HandlerWrapper.handle(HandlerWrapper.java:122)
	at org.eclipse.jetty.server.handler.gzip.GzipHandler.handle(GzipHandler.java:822)
	at io.dropwizard.jetty.ZipExceptionHandlingGzipHandler.handle(ZipExceptionHandlingGzipHandler.java:26)
	at org.eclipse.jetty.server.handler.StatisticsHandler.handle(StatisticsHandler.java:173)
	at org.eclipse.jetty.server.handler.HandlerWrapper.handle(HandlerWrapper.java:122)
	at org.eclipse.jetty.server.Server.handle(Server.java:563)
	at org.eclipse.jetty.server.HttpChannel$RequestDispatchable.dispatch(HttpChannel.java:1598)
	at org.eclipse.jetty.server.HttpChannel.dispatch(HttpChannel.java:753)
	at org.eclipse.jetty.server.HttpChannel.handle(HttpChannel.java:501)
	at org.eclipse.jetty.server.HttpConnection.onFillable(HttpConnection.java:287)
	at org.eclipse.jetty.io.AbstractConnection$ReadCallback.succeeded(AbstractConnection.java:314)
	at org.eclipse.jetty.io.FillInterest.fillable(FillInterest.java:100)
	at org.eclipse.jetty.io.SelectableChannelEndPoint$1.run(SelectableChannelEndPoint.java:53)
	at org.eclipse.jetty.util.thread.strategy.AdaptiveExecutionStrategy.runTask(AdaptiveExecutionStrategy.java:421)
	at org.eclipse.jetty.util.thread.strategy.AdaptiveExecutionStrategy.consumeTask(AdaptiveExecutionStrategy.java:390)
	at org.eclipse.jetty.util.thread.strategy.AdaptiveExecutionStrategy.tryProduce(AdaptiveExecutionStrategy.java:277)
	at org.eclipse.jetty.util.thread.strategy.AdaptiveExecutionStrategy.run(AdaptiveExecutionStrategy.java:199)
	at org.eclipse.jetty.util.thread.ReservedThreadExecutor$ReservedThread.run(ReservedThreadExecutor.java:411)
	at org.eclipse.jetty.util.thread.QueuedThreadPool.runJob(QueuedThreadPool.java:969)
	at org.eclipse.jetty.util.thread.QueuedThreadPool$Runner.doRunJob(QueuedThreadPool.java:1194)
	at org.eclipse.jetty.util.thread.QueuedThreadPool$Runner.run(QueuedThreadPool.java:1149)
	at java.base/java.lang.Thread.run(Thread.java:842)
2026-01-07 13:42:52.755 [pool-2-thread-3 - GET /route?point=-7.159,-34.855&point=-7.1584017048942865,-34.85475361347199&profile=vehicle&profile=foot&points_encoded=false] INFO  c.g.h.IllegalArgumentExceptionMapper - bad request: The requested profile 'vehicle' does not exist.
Available profiles: [foot]
java.lang.IllegalArgumentException: The requested profile 'vehicle' does not exist.
Available profiles: [foot]
	at com.graphhopper.http.ProfileResolver.resolveProfile(ProfileResolver.java:46)
	at com.graphhopper.resources.RouteResource.doGet(RouteResource.java:151)
	at java.base/jdk.internal.reflect.NativeMethodAccessorImpl.invoke0(Native Method)
	at java.base/jdk.internal.reflect.NativeMethodAccessorImpl.invoke(NativeMethodAccessorImpl.java:77)
	at java.base/jdk.internal.reflect.DelegatingMethodAccessorImpl.invoke(DelegatingMethodAccessorImpl.java:43)
	at java.base/java.lang.reflect.Method.invoke(Method.java:568)
	at org.glassfish.jersey.server.model.internal.ResourceMethodInvocationHandlerFactory.lambda$static$0(ResourceMethodInvocationHandlerFactory.java:52)
	at org.glassfish.jersey.server.model.internal.AbstractJavaResourceMethodDispatcher$1.run(AbstractJavaResourceMethodDispatcher.java:146)
	at org.glassfish.jersey.server.model.internal.AbstractJavaResourceMethodDispatcher.invoke(AbstractJavaResourceMethodDispatcher.java:189)
	at org.glassfish.jersey.server.model.internal.JavaResourceMethodDispatcherProvider$ResponseOutInvoker.doDispatch(JavaResourceMethodDispatcherProvider.java:176)
	at org.glassfish.jersey.server.model.internal.AbstractJavaResourceMethodDispatcher.dispatch(AbstractJavaResourceMethodDispatcher.java:93)
	at org.glassfish.jersey.server.model.ResourceMethodInvoker.invoke(ResourceMethodInvoker.java:478)
	at org.glassfish.jersey.server.model.ResourceMethodInvoker.apply(ResourceMethodInvoker.java:400)
	at org.glassfish.jersey.server.model.ResourceMethodInvoker.apply(ResourceMethodInvoker.java:81)
	at org.glassfish.jersey.server.ServerRuntime$1.run(ServerRuntime.java:256)
	at org.glassfish.jersey.internal.Errors$1.call(Errors.java:248)
	at org.glassfish.jersey.internal.Errors$1.call(Errors.java:244)
	at org.glassfish.jersey.internal.Errors.process(Errors.java:292)
	at org.glassfish.jersey.internal.Errors.process(Errors.java:274)
	at org.glassfish.jersey.internal.Errors.process(Errors.java:244)
	at org.glassfish.jersey.process.internal.RequestScope.runInScope(RequestScope.java:265)
	at org.glassfish.jersey.server.ServerRuntime.process(ServerRuntime.java:235)
	at org.glassfish.jersey.server.ApplicationHandler.handle(ApplicationHandler.java:684)
	at org.glassfish.jersey.servlet.WebComponent.serviceImpl(WebComponent.java:397)
	at org.glassfish.jersey.servlet.WebComponent.service(WebComponent.java:349)
	at org.glassfish.jersey.servlet.ServletContainer.service(ServletContainer.java:379)
	at org.glassfish.jersey.servlet.ServletContainer.service(ServletContainer.java:312)
	at org.glassfish.jersey.servlet.ServletContainer.service(ServletContainer.java:205)
	at org.eclipse.jetty.servlet.ServletHolder.handle(ServletHolder.java:764)
	at org.eclipse.jetty.servlet.ServletHandler$ChainEnd.doFilter(ServletHandler.java:1665)
	at io.dropwizard.servlets.ThreadNameFilter.doFilter(ThreadNameFilter.java:35)
	at org.eclipse.jetty.servlet.FilterHolder.doFilter(FilterHolder.java:202)
	at org.eclipse.jetty.servlet.ServletHandler$Chain.doFilter(ServletHandler.java:1635)
	at io.dropwizard.jersey.filter.AllowedMethodsFilter.handle(AllowedMethodsFilter.java:46)
	at io.dropwizard.jersey.filter.AllowedMethodsFilter.doFilter(AllowedMethodsFilter.java:40)
	at org.eclipse.jetty.servlet.FilterHolder.doFilter(FilterHolder.java:202)
	at org.eclipse.jetty.servlet.ServletHandler$Chain.doFilter(ServletHandler.java:1635)
	at com.graphhopper.http.CORSFilter.doFilter(CORSFilter.java:36)
	at org.eclipse.jetty.servlet.FilterHolder.doFilter(FilterHolder.java:202)
	at org.eclipse.jetty.servlet.ServletHandler$Chain.doFilter(ServletHandler.java:1635)
	at org.eclipse.jetty.servlet.ServletHandler.doHandle(ServletHandler.java:527)
	at org.eclipse.jetty.server.handler.ScopedHandler.nextHandle(ScopedHandler.java:221)
	at org.eclipse.jetty.server.handler.ContextHandler.doHandle(ContextHandler.java:1384)
	at org.eclipse.jetty.server.handler.ScopedHandler.nextScope(ScopedHandler.java:176)
	at org.eclipse.jetty.servlet.ServletHandler.doScope(ServletHandler.java:484)
	at org.eclipse.jetty.server.handler.ScopedHandler.nextScope(ScopedHandler.java:174)
	at org.eclipse.jetty.server.handler.ContextHandler.doScope(ContextHandler.java:1306)
	at org.eclipse.jetty.server.handler.ScopedHandler.handle(ScopedHandler.java:129)
	at org.eclipse.jetty.server.handler.HandlerWrapper.handle(HandlerWrapper.java:122)
	at io.dropwizard.metrics.jetty10.InstrumentedHandler.handle(InstrumentedHandler.java:314)
	at io.dropwizard.jetty.RoutingHandler.handle(RoutingHandler.java:52)
	at org.eclipse.jetty.server.handler.HandlerWrapper.handle(HandlerWrapper.java:122)
	at org.eclipse.jetty.server.handler.gzip.GzipHandler.handle(GzipHandler.java:822)
	at io.dropwizard.jetty.ZipExceptionHandlingGzipHandler.handle(ZipExceptionHandlingGzipHandler.java:26)
	at org.eclipse.jetty.server.handler.StatisticsHandler.handle(StatisticsHandler.java:173)
	at org.eclipse.jetty.server.handler.HandlerWrapper.handle(HandlerWrapper.java:122)
	at org.eclipse.jetty.server.Server.handle(Server.java:563)
	at org.eclipse.jetty.server.HttpChannel$RequestDispatchable.dispatch(HttpChannel.java:1598)
	at org.eclipse.jetty.server.HttpChannel.dispatch(HttpChannel.java:753)
	at org.eclipse.jetty.server.HttpChannel.handle(HttpChannel.java:501)
	at org.eclipse.jetty.server.HttpConnection.onFillable(HttpConnection.java:287)
	at org.eclipse.jetty.io.AbstractConnection$ReadCallback.succeeded(AbstractConnection.java:314)
	at org.eclipse.jetty.io.FillInterest.fillable(FillInterest.java:100)
	at org.eclipse.jetty.io.SelectableChannelEndPoint$1.run(SelectableChannelEndPoint.java:53)
	at org.eclipse.jetty.util.thread.strategy.AdaptiveExecutionStrategy.runTask(AdaptiveExecutionStrategy.java:421)
	at org.eclipse.jetty.util.thread.strategy.AdaptiveExecutionStrategy.consumeTask(AdaptiveExecutionStrategy.java:390)
	at org.eclipse.jetty.util.thread.strategy.AdaptiveExecutionStrategy.tryProduce(AdaptiveExecutionStrategy.java:277)
	at org.eclipse.jetty.util.thread.strategy.AdaptiveExecutionStrategy.produce(AdaptiveExecutionStrategy.java:193)
	at org.eclipse.jetty.util.thread.QueuedThreadPool.runJob(QueuedThreadPool.java:969)
	at org.eclipse.jetty.util.thread.QueuedThreadPool$Runner.doRunJob(QueuedThreadPool.java:1194)
	at org.eclipse.jetty.util.thread.QueuedThreadPool$Runner.run(QueuedThreadPool.java:1149)
	at java.base/java.lang.Thread.run(Thread.java:842)
2026-01-07 13:42:54.669 [pool-2-thread-12 - GET /route?point=-7.159,-34.855&point=-7.158556060405225,-34.85478043556214&profile=foot&points_encoded=false] INFO  c.g.resources.RouteResource - 127.0.0.1 * node [-7.159,-34.855, -7.158556060405225,-34.85478043556214], took: 88,9ms, algo: , profile: foot, alternatives: 1, distance0: 370.49703832506043, weight0: 266.7578675940435, time0: 4min, points0: 10, debugInfo: idLookup:0.0129344s; , algoInit:3815 ?s, astarbi|beeline-routing:4 ms, path extraction: 345 ?s, visited nodes sum: 14
2026-01-07 13:42:58.194 [pool-2-thread-4 - GET /route?point=-7.159,-34.855&point=-7.158737028868768,-34.854710698127754&profile=foot&points_encoded=false] INFO  c.g.resources.RouteResource - 127.0.0.1 * node [-7.159,-34.855, -7.158737028868768,-34.854710698127754], took: 2,4ms, algo: , profile: foot, alternatives: 1, distance0: 38.27905014598931, weight0: 27.5609161051123, time0: 0min, points0: 2, debugInfo: idLookup:0.0014779s; , algoInit:140 ?s, astarbi|beeline-routing:0 ms, path extraction: 7 ?s, visited nodes sum: 2
2026-01-07 13:49:10.570 [pool-2-thread-15 - GET /route?point=-7.159,-34.855&point=-7.158737028868768,-34.854710698127754&profile=foot&points_encoded=false] INFO  c.g.resources.RouteResource - 127.0.0.1 * node [-7.159,-34.855, -7.158737028868768,-34.854710698127754], took: 1,4ms, algo: , profile: foot, alternatives: 1, distance0: 38.27905014598931, weight0: 27.5609161051123, time0: 0min, points0: 2, debugInfo: idLookup:7.554E-4s; , algoInit:109 ?s, astarbi|beeline-routing:0 ms, path extraction: 7 ?s, visited nodes sum: 2
2026-01-07 13:50:09.365 [pool-2-thread-5 - GET /route?point=-7.159,-34.855&point=-7.158452269636381,-34.854799211025245&profile=foot&points_encoded=false] INFO  c.g.resources.RouteResource - 127.0.0.1 * node [-7.159,-34.855, -7.158452269636381,-34.854799211025245], took: 1,5ms, algo: , profile: foot, alternatives: 1, distance0: 369.5069044580377, weight0: 266.04497120978715, time0: 4min, points0: 10, debugInfo: idLookup:5.355E-4s; , algoInit:105 ?s, astarbi|beeline-routing:0 ms, path extraction: 20 ?s, visited nodes sum: 14
2026-01-07 13:52:18.250 [pool-2-thread-2 - GET /route?point=-7.159,-34.855&point=-7.158452269636381,-34.854799211025245&profile=foot&points_encoded=false] INFO  c.g.resources.RouteResource - 127.0.0.1 * node [-7.159,-34.855, -7.158452269636381,-34.854799211025245], took: 1,7ms, algo: , profile: foot, alternatives: 1, distance0: 369.5069044580377, weight0: 266.04497120978715, time0: 4min, points0: 10, debugInfo: idLookup:4.359E-4s; , algoInit:127 ?s, astarbi|beeline-routing:0 ms, path extraction: 20 ?s, visited nodes sum: 14
2026-01-07 13:53:31.513 [JettyShutdownThread] INFO  org.eclipse.jetty.server.Server - Stopped Server@149c3204{STOPPING}[10.0.23,sto=30000]
2026-01-07 13:53:31.513 [JettyShutdownThread] INFO  org.eclipse.jetty.server.Server - Shutdown Server@149c3204{STOPPING}[10.0.23,sto=30000]
2026-01-07 13:53:31.518 [JettyShutdownThread] INFO  o.e.jetty.server.AbstractConnector - Stopped application@64693226{HTTP/1.1, (http/1.1)}{localhost:8989}
2026-01-07 13:53:31.519 [JettyShutdownThread] INFO  o.e.jetty.server.AbstractConnector - Stopped admin@1c758545{HTTP/1.1, (http/1.1)}{localhost:8990}
2026-01-07 13:53:31.520 [JettyShutdownThread] INFO  o.e.j.server.handler.ContextHandler - Stopped i.d.j.MutableServletContextHandler@cbd40c1{/,null,STOPPED}
2026-01-07 13:53:31.525 [JettyShutdownThread] INFO  o.e.j.server.handler.ContextHandler - Stopped i.d.j.MutableServletContextHandler@18d47df0{/,null,STOPPED}
2026-01-07 13:55:48.716 [main] INFO  i.d.core.server.DefaultServerFactory - Registering jersey handler with root path prefix: /
2026-01-07 13:55:48.719 [main] INFO  i.d.core.server.DefaultServerFactory - Registering admin handler with root path prefix: /
2026-01-07 13:55:48.963 [main] INFO  io.dropwizard.assets.AssetsBundle - Registering AssetBundle with name: assets for path /maps/*
2026-01-07 13:55:48.964 [main] INFO  io.dropwizard.assets.AssetsBundle - Registering AssetBundle with name: webjars for path /webjars/*
2026-01-07 13:55:48.970 [main] INFO  i.d.core.server.ServerFactory - Starting GraphHopperApplication
                        _     _
   __ _ _ __ __ _ _ __ | |__ | |__   ___  _ __  _ __   ___ _ __
  / _` | '__/ _` | '_ \| '_ \| '_ \ / _ \| '_ \| '_ \ / _ \ '__|
 | (_| | | | (_| | |_) | | | | | | | (_) | |_) | |_) |  __/ |
  \__, |_|  \__,_| .__/|_| |_|_| |_|\___/| .__/| .__/ \___|_|
  |___/          |_|                     |_|   |_|
2026-01-07 13:55:49.099 [main] INFO  o.e.jetty.setuid.SetUIDListener - Opened application@64693226{HTTP/1.1, (http/1.1)}{localhost:8989}
2026-01-07 13:55:49.099 [main] INFO  o.e.jetty.setuid.SetUIDListener - Opened admin@1c758545{HTTP/1.1, (http/1.1)}{localhost:8990}
2026-01-07 13:55:49.102 [main] INFO  org.eclipse.jetty.server.Server - jetty-10.0.23; built: 2024-08-14T01:14:42.815Z; git: 570aa4a1395ca8f9f800045f3a1fe5fe3af9a598; jvm 17.0.12+8-LTS-286
2026-01-07 13:55:49.116 [main] INFO  com.graphhopper.GraphHopper - version 10.0|2024-11-04T16:04:43Z (9,23,7,5,2,9)
2026-01-07 13:55:49.492 [main] INFO  com.graphhopper.GraphHopper - No custom areas are used, custom_areas.directory not given
2026-01-07 13:55:49.519 [main] INFO  com.graphhopper.GraphHopper - No country rules available
2026-01-07 13:55:49.519 [main] INFO  com.graphhopper.GraphHopper - start creating graph from caminhos_unipe.osm
2026-01-07 13:55:49.577 [main] INFO  com.graphhopper.GraphHopper - using foot|RAM_STORE|2D|no_turn_cost|nodes:9,edges:23,geometry:7,location_index:5,string_index:2,nodesCH:0,shortcuts:9, memory:totalMB:54, usedMB:31
2026-01-07 13:55:49.596 [main] INFO  c.g.reader.osm.WaySegmentParser - Start reading OSM file: 'caminhos_unipe.osm'
2026-01-07 13:55:49.596 [main] INFO  c.g.reader.osm.WaySegmentParser - pass1 - start
2026-01-07 13:55:49.670 [main] INFO  c.g.reader.osm.WaySegmentParser - pass1 - start reading OSM ways
2026-01-07 13:55:49.678 [main] INFO  c.g.reader.osm.WaySegmentParser - pass1 - finished, processed ways: 134, accepted ways: 129, way nodes: 421, relations: 0, totalMB:54, usedMB:31
2026-01-07 13:55:49.679 [main] INFO  c.g.reader.osm.WaySegmentParser - pass1 - finished, took: 81,57ms
2026-01-07 13:55:49.681 [main] INFO  c.g.reader.osm.WaySegmentParser - Creating graph. Node count (pillar+tower): 421, totalMB:54, usedMB:31
2026-01-07 13:55:49.681 [main] INFO  c.g.reader.osm.WaySegmentParser - pass2 - start
2026-01-07 13:55:49.683 [main] INFO  c.g.reader.osm.WaySegmentParser - pass2 - start reading OSM nodes
2026-01-07 13:55:49.687 [main] INFO  c.g.reader.osm.WaySegmentParser - pass2 - start reading OSM ways
2026-01-07 13:55:49.734 [main] INFO  c.g.reader.osm.WaySegmentParser - pass2 - finished, processed ways: 134, way nodes: 421, nodes with tags: 0, node tag capacity: 1,056,768, ignored barriers at junctions: 0
2026-01-07 13:55:49.734 [main] INFO  c.g.reader.osm.WaySegmentParser - pass2 - finished, took: 53,69ms
2026-01-07 13:55:49.739 [main] INFO  c.g.reader.osm.WaySegmentParser - Finished reading OSM file. pass1: 0s,  pass2: 0s,  total: 0s
2026-01-07 13:55:49.741 [main] INFO  c.graphhopper.reader.osm.OSMReader - Finished reading OSM file: C:\dev\NodeJs\Uniclass\backend\graphHopper_server\caminhos_unipe.osm, nodes: 198, edges: 174, zero distance edges: 0
2026-01-07 13:55:49.755 [main] INFO  c.g.r.s.PrepareRoutingSubnetworks - Start marking subnetworks, prepare.min_network_size: 200, threads: 1, nodes: 198, edges: 174, jobs: [foot_subnetwork|com.graphhopper.routing.weighting.custom.CustomWeighting@5f96f6a2], totalMB:54, usedMB:33
2026-01-07 13:55:49.794 [ForkJoinPool-1-worker-1] INFO  c.g.r.s.PrepareRoutingSubnetworks - foot - Found 42 subnetworks (0 single edges and 42 components with more than one edge, total nodes: 348), took: 0.0160172s
2026-01-07 13:55:49.805 [ForkJoinPool-1-worker-1] INFO  c.g.r.s.PrepareRoutingSubnetworks - foot - Marked 41 subnetworks (biggest: 32 edges) -> 1 components(s) remain (smallest: 166, biggest: 166 edges), total marked edges: 91, took: 0.0037736s
2026-01-07 13:55:49.808 [main] INFO  c.g.r.s.PrepareRoutingSubnetworks - Finished finding and marking subnetworks for 1 jobs, took: 0.0589653s, totalMB:54, usedMB:35
2026-01-07 13:55:49.808 [main] INFO  com.graphhopper.GraphHopper - nodes: 198, edges: 174
2026-01-07 13:55:49.861 [main] INFO  c.g.storage.index.LocationIndexTree - location index created in 0.0176515s, size:199, leafs:4, precision:300, depth:1, checksum:104, entries:[4], entriesPerLeaf:49.75
2026-01-07 13:55:49.876 [main] INFO  com.graphhopper.GraphHopper - flushing graph foot|RAM_STORE|2D|no_turn_cost|nodes:9,edges:23,geometry:7,location_index:5,string_index:2,nodesCH:0,shortcuts:9, details:edges: 174(1MB), nodes: 198(1MB), bounds: -34.8580337,-34.85221974458527,-7.1609484,-7.1561425, name:(1MB), geo:1,678/-1(1MB), totalMB:54, usedMB:29)
2026-01-07 13:55:49.897 [main] INFO  com.graphhopper.GraphHopper - flushed graph totalMB:54, usedMB:32)
2026-01-07 13:55:49.901 [main] INFO  c.g.http.GraphHopperManaged - loaded graph at:graph-cache-unipe, data_reader_file:caminhos_unipe.osm, encoded values:["{\"className\":\"com.graphhopper.routing.ev.SimpleBooleanEncodedValue\",\"name\":\"foot_access\",\"bits\":1,\"min_storable_value\":0,\"max_storable_value\":1,\"max_value\":1,\"negate_reverse_direction\":false,\"store_two_directions\":true,\"fwd_data_index\":0,\"bwd_data_index\":0,\"fwd_shift\":0,\"bwd_shift\":1,\"fwd_mask\":1,\"bwd_mask\":2}","{\"className\":\"com.graphhopper.routing.ev.DecimalEncodedValueImpl\",\"name\":\"foot_average_speed\",\"bits\":4,\"min_storable_value\":0,\"max_storable_value\":15,\"max_value\":5,\"negate_reverse_direction\":false,\"store_two_directions\":false,\"fwd_data_index\":0,\"bwd_data_index\":0,\"fwd_shift\":2,\"bwd_shift\":-1,\"fwd_mask\":60,\"bwd_mask\":0,\"factor\":1.0,\"use_maximum_as_infinity\":false}","{\"className\":\"com.graphhopper.routing.ev.EnumEncodedValue\",\"name\":\"road_class\",\"bits\":5,\"min_storable_value\":0,\"max_storable_value\":31,\"max_value\":16,\"negate_reverse_direction\":false,\"store_two_directions\":false,\"fwd_data_index\":0,\"bwd_data_index\":0,\"fwd_shift\":6,\"bwd_shift\":-1,\"fwd_mask\":1984,\"bwd_mask\":0,\"enum_type\":\"com.graphhopper.routing.ev.RoadClass\"}","{\"className\":\"com.graphhopper.routing.ev.EnumEncodedValue\",\"name\":\"road_environment\",\"bits\":3,\"min_storable_value\":0,\"max_storable_value\":7,\"max_value\":1,\"negate_reverse_direction\":false,\"store_two_directions\":false,\"fwd_data_index\":0,\"bwd_data_index\":0,\"fwd_shift\":11,\"bwd_shift\":-1,\"fwd_mask\":14336,\"bwd_mask\":0,\"enum_type\":\"com.graphhopper.routing.ev.RoadEnvironment\"}","{\"className\":\"com.graphhopper.routing.ev.SimpleBooleanEncodedValue\",\"name\":\"roundabout\",\"bits\":1,\"min_storable_value\":0,\"max_storable_value\":1,\"max_value\":1,\"negate_reverse_direction\":false,\"store_two_directions\":false,\"fwd_data_index\":0,\"bwd_data_index\":0,\"fwd_shift\":14,\"bwd_shift\":-1,\"fwd_mask\":16384,\"bwd_mask\":0}","{\"className\":\"com.graphhopper.routing.ev.SimpleBooleanEncodedValue\",\"name\":\"road_class_link\",\"bits\":1,\"min_storable_value\":0,\"max_storable_value\":1,\"max_value\":-2147483648,\"negate_reverse_direction\":false,\"store_two_directions\":false,\"fwd_data_index\":0,\"bwd_data_index\":0,\"fwd_shift\":15,\"bwd_shift\":-1,\"fwd_mask\":32768,\"bwd_mask\":0}","{\"className\":\"com.graphhopper.routing.ev.DecimalEncodedValueImpl\",\"name\":\"max_speed\",\"bits\":7,\"min_storable_value\":0,\"max_storable_value\":127,\"max_value\":127,\"negate_reverse_direction\":false,\"store_two_directions\":true,\"fwd_data_index\":0,\"bwd_data_index\":0,\"fwd_shift\":16,\"bwd_shift\":23,\"fwd_mask\":8323072,\"bwd_mask\":1065353216,\"factor\":2.0,\"use_maximum_as_infinity\":true}","{\"className\":\"com.graphhopper.routing.ev.DecimalEncodedValueImpl\",\"name\":\"ferry_speed\",\"bits\":5,\"min_storable_value\":0,\"max_storable_value\":31,\"max_value\":-2147483648,\"negate_reverse_direction\":false,\"store_two_directions\":false,\"fwd_data_index\":1,\"bwd_data_index\":0,\"fwd_shift\":0,\"bwd_shift\":-1,\"fwd_mask\":31,\"bwd_mask\":0,\"factor\":2.0,\"use_maximum_as_infinity\":false}","{\"className\":\"com.graphhopper.routing.ev.SimpleBooleanEncodedValue\",\"name\":\"foot_subnetwork\",\"bits\":1,\"min_storable_value\":0,\"max_storable_value\":1,\"max_value\":1,\"negate_reverse_direction\":false,\"store_two_directions\":false,\"fwd_data_index\":1,\"bwd_data_index\":0,\"fwd_shift\":5,\"bwd_shift\":-1,\"fwd_mask\":32,\"bwd_mask\":0}"], 5 bytes for edge flags, edges: 174(1MB), nodes: 198(1MB), bounds: -34.8580337,-34.85221974458527,-7.1609484,-7.1561425, name:(1MB), geo:1,678/-1(1MB)
2026-01-07 13:55:50.193 [main] WARN  o.g.jersey.internal.inject.Providers - A provider com.codahale.metrics.health.HealthCheckRegistry registered in SERVER runtime does not implement any provider interfaces applicable in the SERVER runtime. Due to constraint configuration problems the provider com.codahale.metrics.health.HealthCheckRegistry will be ignored. 
2026-01-07 13:55:50.309 [main] INFO  i.d.jersey.DropwizardResourceConfig - The following paths were found for the configured resources:

    GET     / (com.graphhopper.application.resources.RootResource)
    GET     /health (com.graphhopper.resources.HealthCheckResource)
    GET     /i18n (com.graphhopper.resources.I18NResource)
    GET     /i18n/{locale} (com.graphhopper.resources.I18NResource)
    GET     /info (com.graphhopper.resources.InfoResource)
    GET     /isochrone (com.graphhopper.resources.IsochroneResource)
    POST    /match (com.graphhopper.resources.MapMatchingResource)
    GET     /mvt/{z}/{x}/{y}.mvt (com.graphhopper.resources.MVTResource)
    GET     /navigate/directions/v5/gh/{profile}/{coordinatesArray : .+} (com.graphhopper.navigation.NavigateResource)
    GET     /nearest (com.graphhopper.resources.NearestResource)
    GET     /route (com.graphhopper.resources.RouteResource)
    POST    /route (com.graphhopper.resources.RouteResource)
    GET     /spt (com.graphhopper.resources.SPTResource)

2026-01-07 13:55:50.312 [main] INFO  o.e.j.server.handler.ContextHandler - Started i.d.j.MutableServletContextHandler@6812c8cc{/,null,AVAILABLE}
2026-01-07 13:55:50.319 [main] INFO  i.d.core.setup.AdminEnvironment - tasks = 

    POST    /tasks/log-level (io.dropwizard.servlets.tasks.LogConfigurationTask)
    POST    /tasks/gc (io.dropwizard.servlets.tasks.GarbageCollectionTask)

2026-01-07 13:55:50.319 [main] INFO  o.e.j.server.handler.ContextHandler - Started i.d.j.MutableServletContextHandler@93bf0e0{/,null,AVAILABLE}
2026-01-07 13:55:50.372 [main] INFO  o.e.jetty.server.AbstractConnector - Started application@64693226{HTTP/1.1, (http/1.1)}{localhost:8989}
2026-01-07 13:55:50.379 [main] INFO  o.e.jetty.server.AbstractConnector - Started admin@1c758545{HTTP/1.1, (http/1.1)}{localhost:8990}
2026-01-07 13:55:50.380 [main] INFO  org.eclipse.jetty.server.Server - Started Server@149c3204{STARTING}[10.0.23,sto=30000] @2815ms
2026-01-07 13:55:54.729 [pool-2-thread-12 - GET /route?point=-7.159,-34.855&point=-7.158351140146594,-34.854815304279334&profile=foot&points_encoded=false] INFO  c.g.resources.RouteResource - 127.0.0.1 * node [-7.159,-34.855, -7.158351140146594,-34.854815304279334], took: 31,5ms, algo: , profile: foot, alternatives: 1, distance0: 106.63908923648856, weight0: 76.78014425027176, time0: 1min, points0: 3, debugInfo: idLookup:0.0049554s; , algoInit:3585 ?s, astarbi|beeline-routing:3 ms, path extraction: 371 ?s, visited nodes sum: 4
2026-01-07 14:36:45.835 [pool-2-thread-15 - GET /route?point=-7.159082997790443,-34.85509157180787&point=-7.158369769264821,-34.85481262207032&profile=foot&points_encoded=false] INFO  c.g.resources.RouteResource - 127.0.0.1 * node [-7.159082997790443,-34.85509157180787, -7.158369769264821,-34.85481262207032], took: 3,1ms, algo: , profile: foot, alternatives: 1, distance0: 116.66803229160419, weight0: 84.00098324995503, time0: 1min, points0: 3, debugInfo: idLookup:0.0010367s; , algoInit:234 ?s, astarbi|beeline-routing:0 ms, path extraction: 43 ?s, visited nodes sum: 4
2026-01-07 14:36:48.386 [pool-2-thread-3 - GET /route?point=-7.159146868947291,-34.855295419693&point=-7.158268639756739,-34.85521495342255&profile=foot&points_encoded=false] INFO  c.g.resources.RouteResource - 127.0.0.1 * node [-7.159146868947291,-34.855295419693, -7.158268639756739,-34.85521495342255], took: 1,2ms, algo: , profile: foot, alternatives: 1, distance0: 203.04979260412162, weight0: 146.19585067496757, time0: 2min, points0: 4, debugInfo: idLookup:2.754E-4s; , algoInit:117 ?s, astarbi|beeline-routing:0 ms, path extraction: 16 ?s, visited nodes sum: 8
2026-01-07 14:36:54.786 [pool-2-thread-4 - GET /route?point=-7.158891384266237,-34.85448002815247&point=-7.156815565928907,-34.85263466835023&profile=foot&points_encoded=false] INFO  c.g.resources.RouteResource - 127.0.0.1 * node [-7.158891384266237,-34.85448002815247, -7.156815565928907,-34.85263466835023], took: 1,6ms, algo: , profile: foot, alternatives: 1, distance0: 457.5847858311149, weight0: 329.4610457984028, time0: 5min, points0: 9, debugInfo: idLookup:3.774E-4s; , algoInit:118 ?s, astarbi|beeline-routing:0 ms, path extraction: 24 ?s, visited nodes sum: 16
2026-01-07 14:37:07.885 [pool-2-thread-5 - GET /route?point=-7.158811545274059,-34.854174256324775&point=-7.158263317150436,-34.85307455062867&profile=foot&points_encoded=false] INFO  c.g.resources.RouteResource - 127.0.0.1 * node [-7.158811545274059,-34.854174256324775, -7.158263317150436,-34.85307455062867], took: 1,7ms, algo: , profile: foot, alternatives: 1, distance0: 439.7057711346819, weight0: 316.58815521697096, time0: 5min, points0: 15, debugInfo: idLookup:3.505E-4s; , algoInit:111 ?s, astarbi|beeline-routing:0 ms, path extraction: 23 ?s, visited nodes sum: 24
2026-01-07 14:37:14.901 [pool-2-thread-6 - GET /route?point=-7.15876364187206,-34.853911399841316&point=-7.156783630188415,-34.852463006973274&profile=foot&points_encoded=false] INFO  c.g.resources.RouteResource - 127.0.0.1 * node [-7.15876364187206,-34.853911399841316, -7.156783630188415,-34.852463006973274], took: 1,8ms, algo: , profile: foot, alternatives: 1, distance0: 649.1993222302973, weight0: 467.42351200581396, time0: 8min, points0: 20, debugInfo: idLookup:3.133E-4s; , algoInit:110 ?s, astarbi|beeline-routing:0 ms, path extraction: 28 ?s, visited nodes sum: 26
2026-01-07 14:37:19.121 [pool-2-thread-7 - GET /route?point=-7.159860096257878,-34.854211807250984&point=-7.157369118408976,-34.85278487205506&profile=foot&points_encoded=false] INFO  c.g.resources.RouteResource - 127.0.0.1 * node [-7.159860096257878,-34.854211807250984, -7.157369118408976,-34.85278487205506], took: 1,4ms, algo: , profile: foot, alternatives: 1, distance0: 372.218230025851, weight0: 267.9971256186128, time0: 4min, points0: 22, debugInfo: idLookup:2.863E-4s; , algoInit:103 ?s, astarbi|beeline-routing:0 ms, path extraction: 24 ?s, visited nodes sum: 26
2026-01-07 14:37:26.316 [pool-2-thread-8 - GET /route?point=-7.159546063474952,-34.85310137271882&point=-7.159806870377677,-34.8541420698166&profile=foot&points_encoded=false] INFO  c.g.resources.RouteResource - 127.0.0.1 * node [-7.159546063474952,-34.85310137271882, -7.159806870377677,-34.8541420698166], took: 1,3ms, algo: , profile: foot, alternatives: 1, distance0: 266.32535637172936, weight0: 191.75425658764513, time0: 3min, points0: 12, debugInfo: idLookup:3.138E-4s; , algoInit:134 ?s, astarbi|beeline-routing:0 ms, path extraction: 22 ?s, visited nodes sum: 20
2026-01-07 14:37:27.990 [pool-2-thread-14 - GET /route?point=-7.159934612479714,-34.854399561882026&point=-7.159130901158906,-34.85280096530915&profile=foot&points_encoded=false] INFO  c.g.resources.RouteResource - 127.0.0.1 * node [-7.159934612479714,-34.854399561882026, -7.159130901158906,-34.85280096530915], took: 1,7ms, algo: , profile: foot, alternatives: 1, distance0: 239.38008791967056, weight0: 172.3536633021628, time0: 3min, points0: 9, debugInfo: idLookup:4.878E-4s; , algoInit:100 ?s, astarbi|beeline-routing:0 ms, path extraction: 18 ?s, visited nodes sum: 18
2026-01-07 14:37:32.278 [pool-2-thread-1 - GET /route?point=-7.160701064340546,-34.85401332378388&point=-7.159546063474952,-34.85305845737458&profile=foot&points_encoded=false] INFO  c.g.resources.RouteResource - 127.0.0.1 * node [-7.160701064340546,-34.85401332378388, -7.159546063474952,-34.85305845737458], took: 1,4ms, algo: , profile: foot, alternatives: 1, distance0: 356.33302211707564, weight0: 256.55977592429446, time0: 4min, points0: 21, debugInfo: idLookup:2.903E-4s; , algoInit:97 ?s, astarbi|beeline-routing:0 ms, path extraction: 27 ?s, visited nodes sum: 36
2026-01-07 14:37:49.716 [pool-2-thread-11 - GET /route?point=-7.158795577473956,-34.85409379005433&point=-7.156251367517811,-34.85309600830079&profile=foot&points_encoded=false] INFO  c.g.resources.RouteResource - 127.0.0.1 * node [-7.158795577473956,-34.85409379005433, -7.156251367517811,-34.85309600830079], took: 1,2ms, algo: , profile: foot, alternatives: 1, distance0: 583.401675600539, weight0: 420.0492064323881, time0: 7min, points0: 16, debugInfo: idLookup:2.771E-4s; , algoInit:107 ?s, astarbi|beeline-routing:0 ms, path extraction: 19 ?s, visited nodes sum: 16
2026-01-07 14:38:13.511 [pool-2-thread-15 - GET /route?point=-7.158683802857529,-34.853686094284065&point=-7.158774287072934,-34.854080379009254&profile=foot&points_encoded=false] INFO  c.g.resources.RouteResource - 127.0.0.1 * node [-7.158683802857529,-34.853686094284065, -7.158774287072934,-34.854080379009254], took: 1,3ms, algo: , profile: foot, alternatives: 1, distance0: 374.3876148355657, weight0: 269.5590826816074, time0: 4min, points0: 9, debugInfo: idLookup:3.096E-4s; , algoInit:96 ?s, astarbi|beeline-routing:0 ms, path extraction: 26 ?s, visited nodes sum: 22
2026-01-07 14:38:16.663 [pool-2-thread-6 - GET /route?point=-7.158787593573689,-34.85398381948472&point=-7.158960578048152,-34.853412508964546&profile=foot&points_encoded=false] INFO  c.g.resources.RouteResource - 127.0.0.1 * node [-7.158787593573689,-34.85398381948472, -7.158960578048152,-34.853412508964546], took: 1,1ms, algo: , profile: foot, alternatives: 1, distance0: 447.9196128722847, weight0: 322.50212126804496, time0: 5min, points0: 17, debugInfo: idLookup:2.639E-4s; , algoInit:95 ?s, astarbi|beeline-routing:0 ms, path extraction: 18 ?s, visited nodes sum: 22
2026-01-07 14:38:20.834 [pool-2-thread-3 - GET /route?point=-7.158752996670919,-34.853801429271705&point=-7.158444285730109,-34.853313267230995&profile=foot&points_encoded=false] INFO  c.g.resources.RouteResource - 127.0.0.1 * node [-7.158752996670919,-34.853801429271705, -7.158444285730109,-34.853313267230995], took: 1,3ms, algo: , profile: foot, alternatives: 1, distance0: 428.2277749624204, weight0: 308.3239979729426, time0: 5min, points0: 11, debugInfo: idLookup:2.103E-4s; , algoInit:104 ?s, astarbi|beeline-routing:0 ms, path extraction: 16 ?s, visited nodes sum: 22
2026-01-07 14:38:22.847 [pool-2-thread-15 - GET /route?point=-7.158250010634389,-34.853192567825324&point=-7.158747674070265,-34.8540160059929&profile=foot&points_encoded=false] INFO  c.g.resources.RouteResource - 127.0.0.1 * node [-7.158250010634389,-34.853192567825324, -7.158747674070265,-34.8540160059929], took: 1,3ms, algo: , profile: foot, alternatives: 1, distance0: 424.4758399298746, weight0: 305.6226047495097, time0: 5min, points0: 7, debugInfo: idLookup:2.095E-4s; , algoInit:100 ?s, astarbi|beeline-routing:0 ms, path extraction: 14 ?s, visited nodes sum: 24
2026-01-07 14:38:26.093 [pool-2-thread-3 - GET /route?point=-7.158199445869878,-34.85296726226807&point=-7.158784932273566,-34.853932857513435&profile=foot&points_encoded=false] INFO  c.g.resources.RouteResource - 127.0.0.1 * node [-7.158199445869878,-34.85296726226807, -7.158784932273566,-34.853932857513435], took: 1,7ms, algo: , profile: foot, alternatives: 1, distance0: 479.079328496948, weight0: 344.93711651780256, time0: 6min, points0: 15, debugInfo: idLookup:3.475E-4s; , algoInit:160 ?s, astarbi|beeline-routing:0 ms, path extraction: 21 ?s, visited nodes sum: 24
2026-01-07 14:42:07.391 [JettyShutdownThread] INFO  org.eclipse.jetty.server.Server - Stopped Server@149c3204{STOPPING}[10.0.23,sto=30000]
2026-01-07 14:42:07.391 [JettyShutdownThread] INFO  org.eclipse.jetty.server.Server - Shutdown Server@149c3204{STOPPING}[10.0.23,sto=30000]
2026-01-07 14:42:07.395 [JettyShutdownThread] INFO  o.e.jetty.server.AbstractConnector - Stopped application@64693226{HTTP/1.1, (http/1.1)}{localhost:8989}
2026-01-07 14:42:07.396 [JettyShutdownThread] INFO  o.e.jetty.server.AbstractConnector - Stopped admin@1c758545{HTTP/1.1, (http/1.1)}{localhost:8990}
2026-01-07 14:42:07.398 [JettyShutdownThread] INFO  o.e.j.server.handler.ContextHandler - Stopped i.d.j.MutableServletContextHandler@93bf0e0{/,null,STOPPED}
2026-01-07 14:42:07.404 [JettyShutdownThread] INFO  o.e.j.server.handler.ContextHandler - Stopped i.d.j.MutableServletContextHandler@6812c8cc{/,null,STOPPED}
2026-01-07 14:42:50.667 [main] INFO  i.d.core.server.DefaultServerFactory - Registering jersey handler with root path prefix: /
2026-01-07 14:42:50.670 [main] INFO  i.d.core.server.DefaultServerFactory - Registering admin handler with root path prefix: /
2026-01-07 14:42:50.890 [main] INFO  io.dropwizard.assets.AssetsBundle - Registering AssetBundle with name: assets for path /maps/*
2026-01-07 14:42:50.891 [main] INFO  io.dropwizard.assets.AssetsBundle - Registering AssetBundle with name: webjars for path /webjars/*
2026-01-07 14:42:50.896 [main] INFO  i.d.core.server.ServerFactory - Starting GraphHopperApplication
                        _     _
   __ _ _ __ __ _ _ __ | |__ | |__   ___  _ __  _ __   ___ _ __
  / _` | '__/ _` | '_ \| '_ \| '_ \ / _ \| '_ \| '_ \ / _ \ '__|
 | (_| | | | (_| | |_) | | | | | | | (_) | |_) | |_) |  __/ |
  \__, |_|  \__,_| .__/|_| |_|_| |_|\___/| .__/| .__/ \___|_|
  |___/          |_|                     |_|   |_|
2026-01-07 14:42:50.971 [main] INFO  o.e.jetty.setuid.SetUIDListener - Opened application@64693226{HTTP/1.1, (http/1.1)}{localhost:8989}
2026-01-07 14:42:50.971 [main] INFO  o.e.jetty.setuid.SetUIDListener - Opened admin@1c758545{HTTP/1.1, (http/1.1)}{localhost:8990}
2026-01-07 14:42:50.973 [main] INFO  org.eclipse.jetty.server.Server - jetty-10.0.23; built: 2024-08-14T01:14:42.815Z; git: 570aa4a1395ca8f9f800045f3a1fe5fe3af9a598; jvm 17.0.12+8-LTS-286
2026-01-07 14:42:50.982 [main] INFO  com.graphhopper.GraphHopper - version 10.0|2024-11-04T16:04:43Z (9,23,7,5,2,9)
2026-01-07 14:42:51.256 [main] INFO  com.graphhopper.GraphHopper - No custom areas are used, custom_areas.directory not given
2026-01-07 14:42:51.279 [main] INFO  com.graphhopper.GraphHopper - No country rules available
2026-01-07 14:42:51.279 [main] INFO  com.graphhopper.GraphHopper - start creating graph from caminhos_unipe.osm
2026-01-07 14:42:51.347 [main] INFO  com.graphhopper.GraphHopper - using foot|RAM_STORE|2D|no_turn_cost|nodes:9,edges:23,geometry:7,location_index:5,string_index:2,nodesCH:0,shortcuts:9, memory:totalMB:54, usedMB:32
2026-01-07 14:42:51.359 [main] INFO  c.g.reader.osm.WaySegmentParser - Start reading OSM file: 'caminhos_unipe.osm'
2026-01-07 14:42:51.359 [main] INFO  c.g.reader.osm.WaySegmentParser - pass1 - start
2026-01-07 14:42:51.405 [main] INFO  c.g.reader.osm.WaySegmentParser - pass1 - start reading OSM ways
2026-01-07 14:42:51.414 [main] INFO  c.g.reader.osm.WaySegmentParser - pass1 - finished, processed ways: 136, accepted ways: 131, way nodes: 421, relations: 0, totalMB:54, usedMB:31
2026-01-07 14:42:51.415 [main] INFO  c.g.reader.osm.WaySegmentParser - pass1 - finished, took: 54,73ms
2026-01-07 14:42:51.416 [main] INFO  c.g.reader.osm.WaySegmentParser - Creating graph. Node count (pillar+tower): 421, totalMB:54, usedMB:31
2026-01-07 14:42:51.416 [main] INFO  c.g.reader.osm.WaySegmentParser - pass2 - start
2026-01-07 14:42:51.418 [main] INFO  c.g.reader.osm.WaySegmentParser - pass2 - start reading OSM nodes
2026-01-07 14:42:51.422 [main] INFO  c.g.reader.osm.WaySegmentParser - pass2 - start reading OSM ways
2026-01-07 14:42:51.470 [main] INFO  c.g.reader.osm.WaySegmentParser - pass2 - finished, processed ways: 136, way nodes: 421, nodes with tags: 0, node tag capacity: 1,056,768, ignored barriers at junctions: 0
2026-01-07 14:42:51.470 [main] INFO  c.g.reader.osm.WaySegmentParser - pass2 - finished, took: 53,24ms
2026-01-07 14:42:51.475 [main] INFO  c.g.reader.osm.WaySegmentParser - Finished reading OSM file. pass1: 0s,  pass2: 0s,  total: 0s
2026-01-07 14:42:51.475 [main] INFO  c.graphhopper.reader.osm.OSMReader - Finished reading OSM file: C:\dev\NodeJs\Uniclass\backend\graphHopper_server\caminhos_unipe.osm, nodes: 199, edges: 177, zero distance edges: 0
2026-01-07 14:42:51.489 [main] INFO  c.g.r.s.PrepareRoutingSubnetworks - Start marking subnetworks, prepare.min_network_size: 200, threads: 1, nodes: 199, edges: 177, jobs: [foot_subnetwork|com.graphhopper.routing.weighting.custom.CustomWeighting@5f96f6a2], totalMB:54, usedMB:34
2026-01-07 14:42:51.529 [ForkJoinPool-1-worker-1] INFO  c.g.r.s.PrepareRoutingSubnetworks - foot - Found 42 subnetworks (0 single edges and 42 components with more than one edge, total nodes: 354), took: 0.0180962s
2026-01-07 14:42:51.539 [ForkJoinPool-1-worker-1] INFO  c.g.r.s.PrepareRoutingSubnetworks - foot - Marked 41 subnetworks (biggest: 32 edges) -> 1 components(s) remain (smallest: 172, biggest: 172 edges), total marked edges: 91, took: 0.0036931s
2026-01-07 14:42:51.545 [main] INFO  c.g.r.s.PrepareRoutingSubnetworks - Finished finding and marking subnetworks for 1 jobs, took: 0.0594671s, totalMB:54, usedMB:35
2026-01-07 14:42:51.545 [main] INFO  com.graphhopper.GraphHopper - nodes: 199, edges: 177
2026-01-07 14:42:51.597 [main] INFO  c.g.storage.index.LocationIndexTree - location index created in 0.0192096s, size:202, leafs:4, precision:300, depth:1, checksum:118, entries:[4], entriesPerLeaf:50.5
2026-01-07 14:42:51.612 [main] INFO  com.graphhopper.GraphHopper - flushing graph foot|RAM_STORE|2D|no_turn_cost|nodes:9,edges:23,geometry:7,location_index:5,string_index:2,nodesCH:0,shortcuts:9, details:edges: 177(1MB), nodes: 199(1MB), bounds: -34.8580337,-34.85221974458527,-7.1609484,-7.1561425, name:(1MB), geo:1,670/-1(1MB), totalMB:58, usedMB:30)
2026-01-07 14:42:51.627 [main] INFO  com.graphhopper.GraphHopper - flushed graph totalMB:58, usedMB:32)
2026-01-07 14:42:51.631 [main] INFO  c.g.http.GraphHopperManaged - loaded graph at:graph-cache-unipe, data_reader_file:caminhos_unipe.osm, encoded values:["{\"className\":\"com.graphhopper.routing.ev.SimpleBooleanEncodedValue\",\"name\":\"foot_access\",\"bits\":1,\"min_storable_value\":0,\"max_storable_value\":1,\"max_value\":1,\"negate_reverse_direction\":false,\"store_two_directions\":true,\"fwd_data_index\":0,\"bwd_data_index\":0,\"fwd_shift\":0,\"bwd_shift\":1,\"fwd_mask\":1,\"bwd_mask\":2}","{\"className\":\"com.graphhopper.routing.ev.DecimalEncodedValueImpl\",\"name\":\"foot_average_speed\",\"bits\":4,\"min_storable_value\":0,\"max_storable_value\":15,\"max_value\":5,\"negate_reverse_direction\":false,\"store_two_directions\":false,\"fwd_data_index\":0,\"bwd_data_index\":0,\"fwd_shift\":2,\"bwd_shift\":-1,\"fwd_mask\":60,\"bwd_mask\":0,\"factor\":1.0,\"use_maximum_as_infinity\":false}","{\"className\":\"com.graphhopper.routing.ev.EnumEncodedValue\",\"name\":\"road_class\",\"bits\":5,\"min_storable_value\":0,\"max_storable_value\":31,\"max_value\":16,\"negate_reverse_direction\":false,\"store_two_directions\":false,\"fwd_data_index\":0,\"bwd_data_index\":0,\"fwd_shift\":6,\"bwd_shift\":-1,\"fwd_mask\":1984,\"bwd_mask\":0,\"enum_type\":\"com.graphhopper.routing.ev.RoadClass\"}","{\"className\":\"com.graphhopper.routing.ev.EnumEncodedValue\",\"name\":\"road_environment\",\"bits\":3,\"min_storable_value\":0,\"max_storable_value\":7,\"max_value\":1,\"negate_reverse_direction\":false,\"store_two_directions\":false,\"fwd_data_index\":0,\"bwd_data_index\":0,\"fwd_shift\":11,\"bwd_shift\":-1,\"fwd_mask\":14336,\"bwd_mask\":0,\"enum_type\":\"com.graphhopper.routing.ev.RoadEnvironment\"}","{\"className\":\"com.graphhopper.routing.ev.SimpleBooleanEncodedValue\",\"name\":\"roundabout\",\"bits\":1,\"min_storable_value\":0,\"max_storable_value\":1,\"max_value\":1,\"negate_reverse_direction\":false,\"store_two_directions\":false,\"fwd_data_index\":0,\"bwd_data_index\":0,\"fwd_shift\":14,\"bwd_shift\":-1,\"fwd_mask\":16384,\"bwd_mask\":0}","{\"className\":\"com.graphhopper.routing.ev.SimpleBooleanEncodedValue\",\"name\":\"road_class_link\",\"bits\":1,\"min_storable_value\":0,\"max_storable_value\":1,\"max_value\":-2147483648,\"negate_reverse_direction\":false,\"store_two_directions\":false,\"fwd_data_index\":0,\"bwd_data_index\":0,\"fwd_shift\":15,\"bwd_shift\":-1,\"fwd_mask\":32768,\"bwd_mask\":0}","{\"className\":\"com.graphhopper.routing.ev.DecimalEncodedValueImpl\",\"name\":\"max_speed\",\"bits\":7,\"min_storable_value\":0,\"max_storable_value\":127,\"max_value\":127,\"negate_reverse_direction\":false,\"store_two_directions\":true,\"fwd_data_index\":0,\"bwd_data_index\":0,\"fwd_shift\":16,\"bwd_shift\":23,\"fwd_mask\":8323072,\"bwd_mask\":1065353216,\"factor\":2.0,\"use_maximum_as_infinity\":true}","{\"className\":\"com.graphhopper.routing.ev.DecimalEncodedValueImpl\",\"name\":\"ferry_speed\",\"bits\":5,\"min_storable_value\":0,\"max_storable_value\":31,\"max_value\":-2147483648,\"negate_reverse_direction\":false,\"store_two_directions\":false,\"fwd_data_index\":1,\"bwd_data_index\":0,\"fwd_shift\":0,\"bwd_shift\":-1,\"fwd_mask\":31,\"bwd_mask\":0,\"factor\":2.0,\"use_maximum_as_infinity\":false}","{\"className\":\"com.graphhopper.routing.ev.SimpleBooleanEncodedValue\",\"name\":\"foot_subnetwork\",\"bits\":1,\"min_storable_value\":0,\"max_storable_value\":1,\"max_value\":1,\"negate_reverse_direction\":false,\"store_two_directions\":false,\"fwd_data_index\":1,\"bwd_data_index\":0,\"fwd_shift\":5,\"bwd_shift\":-1,\"fwd_mask\":32,\"bwd_mask\":0}"], 5 bytes for edge flags, edges: 177(1MB), nodes: 199(1MB), bounds: -34.8580337,-34.85221974458527,-7.1609484,-7.1561425, name:(1MB), geo:1,670/-1(1MB)
2026-01-07 14:42:51.929 [main] WARN  o.g.jersey.internal.inject.Providers - A provider com.codahale.metrics.health.HealthCheckRegistry registered in SERVER runtime does not implement any provider interfaces applicable in the SERVER runtime. Due to constraint configuration problems the provider com.codahale.metrics.health.HealthCheckRegistry will be ignored. 
2026-01-07 14:42:52.046 [main] INFO  i.d.jersey.DropwizardResourceConfig - The following paths were found for the configured resources:

    GET     / (com.graphhopper.application.resources.RootResource)
    GET     /health (com.graphhopper.resources.HealthCheckResource)
    GET     /i18n (com.graphhopper.resources.I18NResource)
    GET     /i18n/{locale} (com.graphhopper.resources.I18NResource)
    GET     /info (com.graphhopper.resources.InfoResource)
    GET     /isochrone (com.graphhopper.resources.IsochroneResource)
    POST    /match (com.graphhopper.resources.MapMatchingResource)
    GET     /mvt/{z}/{x}/{y}.mvt (com.graphhopper.resources.MVTResource)
    GET     /navigate/directions/v5/gh/{profile}/{coordinatesArray : .+} (com.graphhopper.navigation.NavigateResource)
    GET     /nearest (com.graphhopper.resources.NearestResource)
    GET     /route (com.graphhopper.resources.RouteResource)
    POST    /route (com.graphhopper.resources.RouteResource)
    GET     /spt (com.graphhopper.resources.SPTResource)

2026-01-07 14:42:52.049 [main] INFO  o.e.j.server.handler.ContextHandler - Started i.d.j.MutableServletContextHandler@6812c8cc{/,null,AVAILABLE}
2026-01-07 14:42:52.055 [main] INFO  i.d.core.setup.AdminEnvironment - tasks = 

    POST    /tasks/log-level (io.dropwizard.servlets.tasks.LogConfigurationTask)
    POST    /tasks/gc (io.dropwizard.servlets.tasks.GarbageCollectionTask)

2026-01-07 14:42:52.056 [main] INFO  o.e.j.server.handler.ContextHandler - Started i.d.j.MutableServletContextHandler@93bf0e0{/,null,AVAILABLE}
2026-01-07 14:42:52.103 [main] INFO  o.e.jetty.server.AbstractConnector - Started application@64693226{HTTP/1.1, (http/1.1)}{localhost:8989}
2026-01-07 14:42:52.109 [main] INFO  o.e.jetty.server.AbstractConnector - Started admin@1c758545{HTTP/1.1, (http/1.1)}{localhost:8990}
2026-01-07 14:42:52.110 [main] INFO  org.eclipse.jetty.server.Server - Started Server@149c3204{STARTING}[10.0.23,sto=30000] @2489ms
2026-01-07 14:42:55.353 [pool-2-thread-12 - GET /route?point=-7.159003158831801,-34.85497891902924&point=-7.158300575393291,-34.85474288463593&profile=foot&points_encoded=false] INFO  c.g.resources.RouteResource - 127.0.0.1 * node [-7.159003158831801,-34.85497891902924, -7.158300575393291,-34.85474288463593], took: 34,7ms, algo: , profile: foot, alternatives: 1, distance0: 107.96472863416659, weight0: 77.73460461659994, time0: 1min, points0: 3, debugInfo: idLookup:0.0048761s; , algoInit:4423 ?s, astarbi|beeline-routing:4 ms, path extraction: 450 ?s, visited nodes sum: 4
2026-01-07 14:42:58.247 [pool-2-thread-4 - GET /route?point=-7.158923319859202,-34.854426383972175&point=-7.158582673419063,-34.85347151756287&profile=foot&points_encoded=false] INFO  c.g.resources.RouteResource - 127.0.0.1 * node [-7.158923319859202,-34.854426383972175, -7.158582673419063,-34.85347151756287], took: 2,0ms, algo: , profile: foot, alternatives: 1, distance0: 118.05487684174884, weight0: 84.99951132605916, time0: 1min, points0: 11, debugInfo: idLookup:7.955E-4s; , algoInit:122 ?s, astarbi|beeline-routing:0 ms, path extraction: 21 ?s, visited nodes sum: 10
2026-01-07 14:43:03.137 [pool-2-thread-3 - GET /route?point=-7.1582100910839195,-34.852945804595954&point=-7.157789604940226,-34.852774143219&profile=foot&points_encoded=false] INFO  c.g.resources.RouteResource - 127.0.0.1 * node [-7.1582100910839195,-34.852945804595954, -7.157789604940226,-34.852774143219], took: 1,5ms, algo: , profile: foot, alternatives: 1, distance0: 49.33180736526861, weight0: 35.5189013029934, time0: 1min, points0: 4, debugInfo: idLookup:3.242E-4s; , algoInit:118 ?s, astarbi|beeline-routing:0 ms, path extraction: 23 ?s, visited nodes sum: 4
2026-01-07 14:43:06.268 [pool-2-thread-11 - GET /route?point=-7.158923319859202,-34.85450148582459&point=-7.157454280269381,-34.852688312530525&profile=foot&points_encoded=false] INFO  c.g.resources.RouteResource - 127.0.0.1 * node [-7.158923319859202,-34.85450148582459, -7.157454280269381,-34.852688312530525], took: 1,4ms, algo: , profile: foot, alternatives: 1, distance0: 303.4618243977655, weight0: 218.49251356639115, time0: 4min, points0: 19, debugInfo: idLookup:3.396E-4s; , algoInit:103 ?s, astarbi|beeline-routing:0 ms, path extraction: 25 ?s, visited nodes sum: 16
2026-01-07 14:43:10.219 [pool-2-thread-4 - GET /route?point=-7.159780257435261,-34.853906035423286&point=-7.158635899442095,-34.853648543357856&profile=foot&points_encoded=false] INFO  c.g.resources.RouteResource - 127.0.0.1 * node [-7.159780257435261,-34.853906035423286, -7.158635899442095,-34.853648543357856], took: 1,5ms, algo: , profile: foot, alternatives: 1, distance0: 156.03895406002823, weight0: 112.34804692322031, time0: 2min, points0: 11, debugInfo: idLookup:4.424E-4s; , algoInit:94 ?s, astarbi|beeline-routing:0 ms, path extraction: 19 ?s, visited nodes sum: 14
2026-01-07 14:43:15.302 [pool-2-thread-2 - GET /route?point=-7.159934612479714,-34.85448002815247&point=-7.156123624384499,-34.852645397186286&profile=foot&points_encoded=false] INFO  c.g.resources.RouteResource - 127.0.0.1 * node [-7.159934612479714,-34.85448002815247, -7.156123624384499,-34.852645397186286], took: 0,9ms, algo: , profile: foot no paths, main errors: [com.graphhopper.util.exceptions.PointOutOfBoundsException: Point 1 is out of bounds: -7.156123624384499,-34.852645397186286, the bounds are: -34.8580337,-34.85221974458527,-7.1609484,-7.1561425]
2026-01-07 14:43:18.805 [pool-2-thread-11 - GET /route?point=-7.156272658036565,-34.85259175300599&point=-7.159742999313256,-34.85375046730042&profile=foot&points_encoded=false] INFO  c.g.resources.RouteResource - 127.0.0.1 * node [-7.156272658036565,-34.85259175300599, -7.159742999313256,-34.85375046730042], took: 1,5ms, algo: , profile: foot, alternatives: 1, distance0: 465.3077082661975, weight0: 335.0215499516622, time0: 6min, points0: 29, debugInfo: idLookup:3.243E-4s; , algoInit:103 ?s, astarbi|beeline-routing:0 ms, path extraction: 24 ?s, visited nodes sum: 26
2026-01-07 14:43:21.260 [pool-2-thread-13 - GET /route?point=-7.159913322131858,-34.8543405532837&point=-7.156027817011029,-34.85287070274354&profile=foot&points_encoded=false] INFO  c.g.resources.RouteResource - 127.0.0.1 * node [-7.159913322131858,-34.8543405532837, -7.156027817011029,-34.85287070274354], took: 0,3ms, algo: , profile: foot no paths, main errors: [com.graphhopper.util.exceptions.PointOutOfBoundsException: Point 1 is out of bounds: -7.156027817011029,-34.85287070274354, the bounds are: -34.8580337,-34.85221974458527,-7.1609484,-7.1561425]
2026-01-07 14:43:23.518 [pool-2-thread-11 - GET /route?point=-7.156560079942375,-34.85229134559632&point=-7.156517498930718,-34.85228061676026&profile=foot&points_encoded=false] INFO  c.g.resources.RouteResource - 127.0.0.1 * node [-7.156560079942375,-34.85229134559632, -7.156517498930718,-34.85228061676026], took: 1,0ms, algo: , profile: foot, alternatives: 1, distance0: 4.8770891166251875, weight0: 3.5115041639701348, time0: 0min, points0: 2, debugInfo: idLookup:2.554E-4s; , algoInit:94 ?s, astarbi|beeline-routing:0 ms, path extraction: 7 ?s, visited nodes sum: 2
2026-01-07 14:43:25.771 [pool-2-thread-13 - GET /route?point=-7.159966547999629,-34.85409379005433&point=-7.156432336895472,-34.85222697257996&profile=foot&points_encoded=false] INFO  c.g.resources.RouteResource - 127.0.0.1 * node [-7.159966547999629,-34.85409379005433, -7.156432336895472,-34.85222697257996], took: 1,6ms, algo: , profile: foot, alternatives: 1, distance0: 479.237389719018, weight0: 345.050920597693, time0: 6min, points0: 23, debugInfo: idLookup:3.849E-4s; , algoInit:145 ?s, astarbi|beeline-routing:0 ms, path extraction: 23 ?s, visited nodes sum: 20
2026-01-07 14:43:29.268 [pool-2-thread-11 - GET /route?point=-7.159838805906548,-34.854437112808235&point=-7.156719758700725,-34.85258102416993&profile=foot&points_encoded=false] INFO  c.g.resources.RouteResource - 127.0.0.1 * node [-7.159838805906548,-34.854437112808235, -7.156719758700725,-34.85258102416993], took: 1,3ms, algo: , profile: foot, alternatives: 1, distance0: 470.15825879212184, weight0: 338.5139463303277, time0: 6min, points0: 23, debugInfo: idLookup:2.214E-4s; , algoInit:93 ?s, astarbi|beeline-routing:0 ms, path extraction: 26 ?s, visited nodes sum: 28
2026-01-07 14:43:37.813 [pool-2-thread-5 - GET /route?point=-7.160828806192133,-34.854404926300056&point=-7.156783630188415,-34.85260248184205&profile=foot&points_encoded=false] INFO  c.g.resources.RouteResource - 127.0.0.1 * node [-7.160828806192133,-34.854404926300056, -7.156783630188415,-34.85260248184205], took: 1,4ms, algo: , profile: foot, alternatives: 1, distance0: 571.3385790368027, weight0: 411.36377690649795, time0: 7min, points0: 32, debugInfo: idLookup:1.831E-4s; , algoInit:112 ?s, astarbi|beeline-routing:0 ms, path extraction: 47 ?s, visited nodes sum: 38
2026-01-07 14:43:46.951 [pool-2-thread-6 - GET /route?point=-7.159828160730508,-34.85431909561158&point=-7.159274611234156,-34.85429763793946&profile=foot&points_encoded=false] INFO  c.g.resources.RouteResource - 127.0.0.1 * node [-7.159828160730508,-34.85431909561158, -7.159274611234156,-34.85429763793946], took: 1,3ms, algo: , profile: foot, alternatives: 1, distance0: 270.1973287626008, weight0: 194.54207670907255, time0: 3min, points0: 12, debugInfo: idLookup:2.684E-4s; , algoInit:112 ?s, astarbi|beeline-routing:0 ms, path extraction: 19 ?s, visited nodes sum: 20
2026-01-07 14:44:17.625 [pool-2-thread-7 - GET /route?point=-7.159285256423109,-34.85351443290711&point=-7.158039767629373,-34.852945804595954&profile=foot&points_encoded=false] INFO  c.g.resources.RouteResource - 127.0.0.1 * node [-7.159285256423109,-34.85351443290711, -7.158039767629373,-34.852945804595954], took: 1,0ms, algo: , profile: foot, alternatives: 1, distance0: 175.0238971679447, weight0: 126.01720596092018, time0: 2min, points0: 13, debugInfo: idLookup:2.227E-4s; , algoInit:92 ?s, astarbi|beeline-routing:0 ms, path extraction: 28 ?s, visited nodes sum: 12
2026-01-07 14:44:20.167 [pool-2-thread-13 - GET /route?point=-7.159934612479714,-34.854694604873664&point=-7.15876364187206,-34.85397577285767&profile=foot&points_encoded=false] INFO  c.g.resources.RouteResource - 127.0.0.1 * node [-7.159934612479714,-34.854694604873664, -7.15876364187206,-34.85397577285767], took: 1,2ms, algo: , profile: foot, alternatives: 1, distance0: 264.54442185268044, weight0: 190.4719837339299, time0: 3min, points0: 12, debugInfo: idLookup:2.88E-4s; , algoInit:107 ?s, astarbi|beeline-routing:0 ms, path extraction: 16 ?s, visited nodes sum: 20
2026-01-07 14:44:29.682 [pool-2-thread-8 - GET /route?point=-7.1590936429838745,-34.854936003685005&point=-7.158364446659689,-34.85474824905396&profile=vehicle&profile=foot&points_encoded=false] INFO  c.g.h.IllegalArgumentExceptionMapper - bad request: The requested profile 'vehicle' does not exist.
Available profiles: [foot]
java.lang.IllegalArgumentException: The requested profile 'vehicle' does not exist.
Available profiles: [foot]
	at com.graphhopper.http.ProfileResolver.resolveProfile(ProfileResolver.java:46)
	at com.graphhopper.resources.RouteResource.doGet(RouteResource.java:151)
	at java.base/jdk.internal.reflect.NativeMethodAccessorImpl.invoke0(Native Method)
	at java.base/jdk.internal.reflect.NativeMethodAccessorImpl.invoke(NativeMethodAccessorImpl.java:77)
	at java.base/jdk.internal.reflect.DelegatingMethodAccessorImpl.invoke(DelegatingMethodAccessorImpl.java:43)
	at java.base/java.lang.reflect.Method.invoke(Method.java:568)
	at org.glassfish.jersey.server.model.internal.ResourceMethodInvocationHandlerFactory.lambda$static$0(ResourceMethodInvocationHandlerFactory.java:52)
	at org.glassfish.jersey.server.model.internal.AbstractJavaResourceMethodDispatcher$1.run(AbstractJavaResourceMethodDispatcher.java:146)
	at org.glassfish.jersey.server.model.internal.AbstractJavaResourceMethodDispatcher.invoke(AbstractJavaResourceMethodDispatcher.java:189)
	at org.glassfish.jersey.server.model.internal.JavaResourceMethodDispatcherProvider$ResponseOutInvoker.doDispatch(JavaResourceMethodDispatcherProvider.java:176)
	at org.glassfish.jersey.server.model.internal.AbstractJavaResourceMethodDispatcher.dispatch(AbstractJavaResourceMethodDispatcher.java:93)
	at org.glassfish.jersey.server.model.ResourceMethodInvoker.invoke(ResourceMethodInvoker.java:478)
	at org.glassfish.jersey.server.model.ResourceMethodInvoker.apply(ResourceMethodInvoker.java:400)
	at org.glassfish.jersey.server.model.ResourceMethodInvoker.apply(ResourceMethodInvoker.java:81)
	at org.glassfish.jersey.server.ServerRuntime$1.run(ServerRuntime.java:256)
	at org.glassfish.jersey.internal.Errors$1.call(Errors.java:248)
	at org.glassfish.jersey.internal.Errors$1.call(Errors.java:244)
	at org.glassfish.jersey.internal.Errors.process(Errors.java:292)
	at org.glassfish.jersey.internal.Errors.process(Errors.java:274)
	at org.glassfish.jersey.internal.Errors.process(Errors.java:244)
	at org.glassfish.jersey.process.internal.RequestScope.runInScope(RequestScope.java:265)
	at org.glassfish.jersey.server.ServerRuntime.process(ServerRuntime.java:235)
	at org.glassfish.jersey.server.ApplicationHandler.handle(ApplicationHandler.java:684)
	at org.glassfish.jersey.servlet.WebComponent.serviceImpl(WebComponent.java:397)
	at org.glassfish.jersey.servlet.WebComponent.service(WebComponent.java:349)
	at org.glassfish.jersey.servlet.ServletContainer.service(ServletContainer.java:379)
	at org.glassfish.jersey.servlet.ServletContainer.service(ServletContainer.java:312)
	at org.glassfish.jersey.servlet.ServletContainer.service(ServletContainer.java:205)
	at org.eclipse.jetty.servlet.ServletHolder.handle(ServletHolder.java:764)
	at org.eclipse.jetty.servlet.ServletHandler$ChainEnd.doFilter(ServletHandler.java:1665)
	at io.dropwizard.servlets.ThreadNameFilter.doFilter(ThreadNameFilter.java:35)
	at org.eclipse.jetty.servlet.FilterHolder.doFilter(FilterHolder.java:202)
	at org.eclipse.jetty.servlet.ServletHandler$Chain.doFilter(ServletHandler.java:1635)
	at io.dropwizard.jersey.filter.AllowedMethodsFilter.handle(AllowedMethodsFilter.java:46)
	at io.dropwizard.jersey.filter.AllowedMethodsFilter.doFilter(AllowedMethodsFilter.java:40)
	at org.eclipse.jetty.servlet.FilterHolder.doFilter(FilterHolder.java:202)
	at org.eclipse.jetty.servlet.ServletHandler$Chain.doFilter(ServletHandler.java:1635)
	at com.graphhopper.http.CORSFilter.doFilter(CORSFilter.java:36)
	at org.eclipse.jetty.servlet.FilterHolder.doFilter(FilterHolder.java:202)
	at org.eclipse.jetty.servlet.ServletHandler$Chain.doFilter(ServletHandler.java:1635)
	at org.eclipse.jetty.servlet.ServletHandler.doHandle(ServletHandler.java:527)
	at org.eclipse.jetty.server.handler.ScopedHandler.nextHandle(ScopedHandler.java:221)
	at org.eclipse.jetty.server.handler.ContextHandler.doHandle(ContextHandler.java:1384)
	at org.eclipse.jetty.server.handler.ScopedHandler.nextScope(ScopedHandler.java:176)
	at org.eclipse.jetty.servlet.ServletHandler.doScope(ServletHandler.java:484)
	at org.eclipse.jetty.server.handler.ScopedHandler.nextScope(ScopedHandler.java:174)
	at org.eclipse.jetty.server.handler.ContextHandler.doScope(ContextHandler.java:1306)
	at org.eclipse.jetty.server.handler.ScopedHandler.handle(ScopedHandler.java:129)
	at org.eclipse.jetty.server.handler.HandlerWrapper.handle(HandlerWrapper.java:122)
	at io.dropwizard.metrics.jetty10.InstrumentedHandler.handle(InstrumentedHandler.java:314)
	at io.dropwizard.jetty.RoutingHandler.handle(RoutingHandler.java:52)
	at org.eclipse.jetty.server.handler.HandlerWrapper.handle(HandlerWrapper.java:122)
	at org.eclipse.jetty.server.handler.gzip.GzipHandler.handle(GzipHandler.java:822)
	at io.dropwizard.jetty.ZipExceptionHandlingGzipHandler.handle(ZipExceptionHandlingGzipHandler.java:26)
	at org.eclipse.jetty.server.handler.StatisticsHandler.handle(StatisticsHandler.java:173)
	at org.eclipse.jetty.server.handler.HandlerWrapper.handle(HandlerWrapper.java:122)
	at org.eclipse.jetty.server.Server.handle(Server.java:563)
	at org.eclipse.jetty.server.HttpChannel$RequestDispatchable.dispatch(HttpChannel.java:1598)
	at org.eclipse.jetty.server.HttpChannel.dispatch(HttpChannel.java:753)
	at org.eclipse.jetty.server.HttpChannel.handle(HttpChannel.java:501)
	at org.eclipse.jetty.server.HttpConnection.onFillable(HttpConnection.java:287)
	at org.eclipse.jetty.io.AbstractConnection$ReadCallback.succeeded(AbstractConnection.java:314)
	at org.eclipse.jetty.io.FillInterest.fillable(FillInterest.java:100)
	at org.eclipse.jetty.io.SelectableChannelEndPoint$1.run(SelectableChannelEndPoint.java:53)
	at org.eclipse.jetty.util.thread.strategy.AdaptiveExecutionStrategy.runTask(AdaptiveExecutionStrategy.java:421)
	at org.eclipse.jetty.util.thread.strategy.AdaptiveExecutionStrategy.consumeTask(AdaptiveExecutionStrategy.java:390)
	at org.eclipse.jetty.util.thread.strategy.AdaptiveExecutionStrategy.tryProduce(AdaptiveExecutionStrategy.java:277)
	at org.eclipse.jetty.util.thread.strategy.AdaptiveExecutionStrategy.produce(AdaptiveExecutionStrategy.java:193)
	at org.eclipse.jetty.util.thread.QueuedThreadPool.runJob(QueuedThreadPool.java:969)
	at org.eclipse.jetty.util.thread.QueuedThreadPool$Runner.doRunJob(QueuedThreadPool.java:1194)
	at org.eclipse.jetty.util.thread.QueuedThreadPool$Runner.run(QueuedThreadPool.java:1149)
	at java.base/java.lang.Thread.run(Thread.java:842)
2026-01-07 14:44:31.996 [pool-2-thread-5 - GET /route?point=-7.1587317062679245,-34.853707551956184&point=-7.158178155441044,-34.8532783985138&profile=vehicle&profile=foot&points_encoded=false] INFO  c.g.h.IllegalArgumentExceptionMapper - bad request: The requested profile 'vehicle' does not exist.
Available profiles: [foot]
java.lang.IllegalArgumentException: The requested profile 'vehicle' does not exist.
Available profiles: [foot]
	at com.graphhopper.http.ProfileResolver.resolveProfile(ProfileResolver.java:46)
	at com.graphhopper.resources.RouteResource.doGet(RouteResource.java:151)
	at jdk.internal.reflect.GeneratedMethodAccessor13.invoke(Unknown Source)
	at java.base/jdk.internal.reflect.DelegatingMethodAccessorImpl.invoke(DelegatingMethodAccessorImpl.java:43)
	at java.base/java.lang.reflect.Method.invoke(Method.java:568)
	at org.glassfish.jersey.server.model.internal.ResourceMethodInvocationHandlerFactory.lambda$static$0(ResourceMethodInvocationHandlerFactory.java:52)
	at org.glassfish.jersey.server.model.internal.AbstractJavaResourceMethodDispatcher$1.run(AbstractJavaResourceMethodDispatcher.java:146)
	at org.glassfish.jersey.server.model.internal.AbstractJavaResourceMethodDispatcher.invoke(AbstractJavaResourceMethodDispatcher.java:189)
	at org.glassfish.jersey.server.model.internal.JavaResourceMethodDispatcherProvider$ResponseOutInvoker.doDispatch(JavaResourceMethodDispatcherProvider.java:176)
	at org.glassfish.jersey.server.model.internal.AbstractJavaResourceMethodDispatcher.dispatch(AbstractJavaResourceMethodDispatcher.java:93)
	at org.glassfish.jersey.server.model.ResourceMethodInvoker.invoke(ResourceMethodInvoker.java:478)
	at org.glassfish.jersey.server.model.ResourceMethodInvoker.apply(ResourceMethodInvoker.java:400)
	at org.glassfish.jersey.server.model.ResourceMethodInvoker.apply(ResourceMethodInvoker.java:81)
	at org.glassfish.jersey.server.ServerRuntime$1.run(ServerRuntime.java:256)
	at org.glassfish.jersey.internal.Errors$1.call(Errors.java:248)
	at org.glassfish.jersey.internal.Errors$1.call(Errors.java:244)
	at org.glassfish.jersey.internal.Errors.process(Errors.java:292)
	at org.glassfish.jersey.internal.Errors.process(Errors.java:274)
	at org.glassfish.jersey.internal.Errors.process(Errors.java:244)
	at org.glassfish.jersey.process.internal.RequestScope.runInScope(RequestScope.java:265)
	at org.glassfish.jersey.server.ServerRuntime.process(ServerRuntime.java:235)
	at org.glassfish.jersey.server.ApplicationHandler.handle(ApplicationHandler.java:684)
	at org.glassfish.jersey.servlet.WebComponent.serviceImpl(WebComponent.java:397)
	at org.glassfish.jersey.servlet.WebComponent.service(WebComponent.java:349)
	at org.glassfish.jersey.servlet.ServletContainer.service(ServletContainer.java:379)
	at org.glassfish.jersey.servlet.ServletContainer.service(ServletContainer.java:312)
	at org.glassfish.jersey.servlet.ServletContainer.service(ServletContainer.java:205)
	at org.eclipse.jetty.servlet.ServletHolder.handle(ServletHolder.java:764)
	at org.eclipse.jetty.servlet.ServletHandler$ChainEnd.doFilter(ServletHandler.java:1665)
	at io.dropwizard.servlets.ThreadNameFilter.doFilter(ThreadNameFilter.java:35)
	at org.eclipse.jetty.servlet.FilterHolder.doFilter(FilterHolder.java:202)
	at org.eclipse.jetty.servlet.ServletHandler$Chain.doFilter(ServletHandler.java:1635)
	at io.dropwizard.jersey.filter.AllowedMethodsFilter.handle(AllowedMethodsFilter.java:46)
	at io.dropwizard.jersey.filter.AllowedMethodsFilter.doFilter(AllowedMethodsFilter.java:40)
	at org.eclipse.jetty.servlet.FilterHolder.doFilter(FilterHolder.java:202)
	at org.eclipse.jetty.servlet.ServletHandler$Chain.doFilter(ServletHandler.java:1635)
	at com.graphhopper.http.CORSFilter.doFilter(CORSFilter.java:36)
	at org.eclipse.jetty.servlet.FilterHolder.doFilter(FilterHolder.java:202)
	at org.eclipse.jetty.servlet.ServletHandler$Chain.doFilter(ServletHandler.java:1635)
	at org.eclipse.jetty.servlet.ServletHandler.doHandle(ServletHandler.java:527)
	at org.eclipse.jetty.server.handler.ScopedHandler.nextHandle(ScopedHandler.java:221)
	at org.eclipse.jetty.server.handler.ContextHandler.doHandle(ContextHandler.java:1384)
	at org.eclipse.jetty.server.handler.ScopedHandler.nextScope(ScopedHandler.java:176)
	at org.eclipse.jetty.servlet.ServletHandler.doScope(ServletHandler.java:484)
	at org.eclipse.jetty.server.handler.ScopedHandler.nextScope(ScopedHandler.java:174)
	at org.eclipse.jetty.server.handler.ContextHandler.doScope(ContextHandler.java:1306)
	at org.eclipse.jetty.server.handler.ScopedHandler.handle(ScopedHandler.java:129)
	at org.eclipse.jetty.server.handler.HandlerWrapper.handle(HandlerWrapper.java:122)
	at io.dropwizard.metrics.jetty10.InstrumentedHandler.handle(InstrumentedHandler.java:314)
	at io.dropwizard.jetty.RoutingHandler.handle(RoutingHandler.java:52)
	at org.eclipse.jetty.server.handler.HandlerWrapper.handle(HandlerWrapper.java:122)
	at org.eclipse.jetty.server.handler.gzip.GzipHandler.handle(GzipHandler.java:822)
	at io.dropwizard.jetty.ZipExceptionHandlingGzipHandler.handle(ZipExceptionHandlingGzipHandler.java:26)
	at org.eclipse.jetty.server.handler.StatisticsHandler.handle(StatisticsHandler.java:173)
	at org.eclipse.jetty.server.handler.HandlerWrapper.handle(HandlerWrapper.java:122)
	at org.eclipse.jetty.server.Server.handle(Server.java:563)
	at org.eclipse.jetty.server.HttpChannel$RequestDispatchable.dispatch(HttpChannel.java:1598)
	at org.eclipse.jetty.server.HttpChannel.dispatch(HttpChannel.java:753)
	at org.eclipse.jetty.server.HttpChannel.handle(HttpChannel.java:501)
	at org.eclipse.jetty.server.HttpConnection.onFillable(HttpConnection.java:287)
	at org.eclipse.jetty.io.AbstractConnection$ReadCallback.succeeded(AbstractConnection.java:314)
	at org.eclipse.jetty.io.FillInterest.fillable(FillInterest.java:100)
	at org.eclipse.jetty.io.SelectableChannelEndPoint$1.run(SelectableChannelEndPoint.java:53)
	at org.eclipse.jetty.util.thread.strategy.AdaptiveExecutionStrategy.runTask(AdaptiveExecutionStrategy.java:421)
	at org.eclipse.jetty.util.thread.strategy.AdaptiveExecutionStrategy.consumeTask(AdaptiveExecutionStrategy.java:390)
	at org.eclipse.jetty.util.thread.strategy.AdaptiveExecutionStrategy.tryProduce(AdaptiveExecutionStrategy.java:277)
	at org.eclipse.jetty.util.thread.strategy.AdaptiveExecutionStrategy.run(AdaptiveExecutionStrategy.java:199)
	at org.eclipse.jetty.util.thread.ReservedThreadExecutor$ReservedThread.run(ReservedThreadExecutor.java:411)
	at org.eclipse.jetty.util.thread.QueuedThreadPool.runJob(QueuedThreadPool.java:969)
	at org.eclipse.jetty.util.thread.QueuedThreadPool$Runner.doRunJob(QueuedThreadPool.java:1194)
	at org.eclipse.jetty.util.thread.QueuedThreadPool$Runner.run(QueuedThreadPool.java:1149)
	at java.base/java.lang.Thread.run(Thread.java:842)
2026-01-07 14:50:45.982 [pool-2-thread-15 - GET /route?point=-7.158891384266237,-34.85438883304597&point=-7.158156865011206,-34.854678511619575&profile=vehicle&points_encoded=false] INFO  c.g.h.IllegalArgumentExceptionMapper - bad request: The requested profile 'vehicle' does not exist.
Available profiles: [foot]
java.lang.IllegalArgumentException: The requested profile 'vehicle' does not exist.
Available profiles: [foot]
	at com.graphhopper.http.ProfileResolver.resolveProfile(ProfileResolver.java:46)
	at com.graphhopper.resources.RouteResource.doGet(RouteResource.java:151)
	at jdk.internal.reflect.GeneratedMethodAccessor13.invoke(Unknown Source)
	at java.base/jdk.internal.reflect.DelegatingMethodAccessorImpl.invoke(DelegatingMethodAccessorImpl.java:43)
	at java.base/java.lang.reflect.Method.invoke(Method.java:568)
	at org.glassfish.jersey.server.model.internal.ResourceMethodInvocationHandlerFactory.lambda$static$0(ResourceMethodInvocationHandlerFactory.java:52)
	at org.glassfish.jersey.server.model.internal.AbstractJavaResourceMethodDispatcher$1.run(AbstractJavaResourceMethodDispatcher.java:146)
	at org.glassfish.jersey.server.model.internal.AbstractJavaResourceMethodDispatcher.invoke(AbstractJavaResourceMethodDispatcher.java:189)
	at org.glassfish.jersey.server.model.internal.JavaResourceMethodDispatcherProvider$ResponseOutInvoker.doDispatch(JavaResourceMethodDispatcherProvider.java:176)
	at org.glassfish.jersey.server.model.internal.AbstractJavaResourceMethodDispatcher.dispatch(AbstractJavaResourceMethodDispatcher.java:93)
	at org.glassfish.jersey.server.model.ResourceMethodInvoker.invoke(ResourceMethodInvoker.java:478)
	at org.glassfish.jersey.server.model.ResourceMethodInvoker.apply(ResourceMethodInvoker.java:400)
	at org.glassfish.jersey.server.model.ResourceMethodInvoker.apply(ResourceMethodInvoker.java:81)
	at org.glassfish.jersey.server.ServerRuntime$1.run(ServerRuntime.java:256)
	at org.glassfish.jersey.internal.Errors$1.call(Errors.java:248)
	at org.glassfish.jersey.internal.Errors$1.call(Errors.java:244)
	at org.glassfish.jersey.internal.Errors.process(Errors.java:292)
	at org.glassfish.jersey.internal.Errors.process(Errors.java:274)
	at org.glassfish.jersey.internal.Errors.process(Errors.java:244)
	at org.glassfish.jersey.process.internal.RequestScope.runInScope(RequestScope.java:265)
	at org.glassfish.jersey.server.ServerRuntime.process(ServerRuntime.java:235)
	at org.glassfish.jersey.server.ApplicationHandler.handle(ApplicationHandler.java:684)
	at org.glassfish.jersey.servlet.WebComponent.serviceImpl(WebComponent.java:397)
	at org.glassfish.jersey.servlet.WebComponent.service(WebComponent.java:349)
	at org.glassfish.jersey.servlet.ServletContainer.service(ServletContainer.java:379)
	at org.glassfish.jersey.servlet.ServletContainer.service(ServletContainer.java:312)
	at org.glassfish.jersey.servlet.ServletContainer.service(ServletContainer.java:205)
	at org.eclipse.jetty.servlet.ServletHolder.handle(ServletHolder.java:764)
	at org.eclipse.jetty.servlet.ServletHandler$ChainEnd.doFilter(ServletHandler.java:1665)
	at io.dropwizard.servlets.ThreadNameFilter.doFilter(ThreadNameFilter.java:35)
	at org.eclipse.jetty.servlet.FilterHolder.doFilter(FilterHolder.java:202)
	at org.eclipse.jetty.servlet.ServletHandler$Chain.doFilter(ServletHandler.java:1635)
	at io.dropwizard.jersey.filter.AllowedMethodsFilter.handle(AllowedMethodsFilter.java:46)
	at io.dropwizard.jersey.filter.AllowedMethodsFilter.doFilter(AllowedMethodsFilter.java:40)
	at org.eclipse.jetty.servlet.FilterHolder.doFilter(FilterHolder.java:202)
	at org.eclipse.jetty.servlet.ServletHandler$Chain.doFilter(ServletHandler.java:1635)
	at com.graphhopper.http.CORSFilter.doFilter(CORSFilter.java:36)
	at org.eclipse.jetty.servlet.FilterHolder.doFilter(FilterHolder.java:202)
	at org.eclipse.jetty.servlet.ServletHandler$Chain.doFilter(ServletHandler.java:1635)
	at org.eclipse.jetty.servlet.ServletHandler.doHandle(ServletHandler.java:527)
	at org.eclipse.jetty.server.handler.ScopedHandler.nextHandle(ScopedHandler.java:221)
	at org.eclipse.jetty.server.handler.ContextHandler.doHandle(ContextHandler.java:1384)
	at org.eclipse.jetty.server.handler.ScopedHandler.nextScope(ScopedHandler.java:176)
	at org.eclipse.jetty.servlet.ServletHandler.doScope(ServletHandler.java:484)
	at org.eclipse.jetty.server.handler.ScopedHandler.nextScope(ScopedHandler.java:174)
	at org.eclipse.jetty.server.handler.ContextHandler.doScope(ContextHandler.java:1306)
	at org.eclipse.jetty.server.handler.ScopedHandler.handle(ScopedHandler.java:129)
	at org.eclipse.jetty.server.handler.HandlerWrapper.handle(HandlerWrapper.java:122)
	at io.dropwizard.metrics.jetty10.InstrumentedHandler.handle(InstrumentedHandler.java:314)
	at io.dropwizard.jetty.RoutingHandler.handle(RoutingHandler.java:52)
	at org.eclipse.jetty.server.handler.HandlerWrapper.handle(HandlerWrapper.java:122)
	at org.eclipse.jetty.server.handler.gzip.GzipHandler.handle(GzipHandler.java:822)
	at io.dropwizard.jetty.ZipExceptionHandlingGzipHandler.handle(ZipExceptionHandlingGzipHandler.java:26)
	at org.eclipse.jetty.server.handler.StatisticsHandler.handle(StatisticsHandler.java:173)
	at org.eclipse.jetty.server.handler.HandlerWrapper.handle(HandlerWrapper.java:122)
	at org.eclipse.jetty.server.Server.handle(Server.java:563)
	at org.eclipse.jetty.server.HttpChannel$RequestDispatchable.dispatch(HttpChannel.java:1598)
	at org.eclipse.jetty.server.HttpChannel.dispatch(HttpChannel.java:753)
	at org.eclipse.jetty.server.HttpChannel.handle(HttpChannel.java:501)
	at org.eclipse.jetty.server.HttpConnection.onFillable(HttpConnection.java:287)
	at org.eclipse.jetty.io.AbstractConnection$ReadCallback.succeeded(AbstractConnection.java:314)
	at org.eclipse.jetty.io.FillInterest.fillable(FillInterest.java:100)
	at org.eclipse.jetty.io.SelectableChannelEndPoint$1.run(SelectableChannelEndPoint.java:53)
	at org.eclipse.jetty.util.thread.QueuedThreadPool.runJob(QueuedThreadPool.java:969)
	at org.eclipse.jetty.util.thread.QueuedThreadPool$Runner.doRunJob(QueuedThreadPool.java:1194)
	at org.eclipse.jetty.util.thread.QueuedThreadPool$Runner.run(QueuedThreadPool.java:1149)
	at java.base/java.lang.Thread.run(Thread.java:842)
2026-01-07 14:50:48.289 [pool-2-thread-1 - GET /route?point=-7.1581089615404565,-34.854705333709724&point=-7.158976545842478,-34.854667782783515&profile=vehicle&points_encoded=false] INFO  c.g.h.IllegalArgumentExceptionMapper - bad request: The requested profile 'vehicle' does not exist.
Available profiles: [foot]
java.lang.IllegalArgumentException: The requested profile 'vehicle' does not exist.
Available profiles: [foot]
	at com.graphhopper.http.ProfileResolver.resolveProfile(ProfileResolver.java:46)
	at com.graphhopper.resources.RouteResource.doGet(RouteResource.java:151)
	at jdk.internal.reflect.GeneratedMethodAccessor13.invoke(Unknown Source)
	at java.base/jdk.internal.reflect.DelegatingMethodAccessorImpl.invoke(DelegatingMethodAccessorImpl.java:43)
	at java.base/java.lang.reflect.Method.invoke(Method.java:568)
	at org.glassfish.jersey.server.model.internal.ResourceMethodInvocationHandlerFactory.lambda$static$0(ResourceMethodInvocationHandlerFactory.java:52)
	at org.glassfish.jersey.server.model.internal.AbstractJavaResourceMethodDispatcher$1.run(AbstractJavaResourceMethodDispatcher.java:146)
	at org.glassfish.jersey.server.model.internal.AbstractJavaResourceMethodDispatcher.invoke(AbstractJavaResourceMethodDispatcher.java:189)
	at org.glassfish.jersey.server.model.internal.JavaResourceMethodDispatcherProvider$ResponseOutInvoker.doDispatch(JavaResourceMethodDispatcherProvider.java:176)
	at org.glassfish.jersey.server.model.internal.AbstractJavaResourceMethodDispatcher.dispatch(AbstractJavaResourceMethodDispatcher.java:93)
	at org.glassfish.jersey.server.model.ResourceMethodInvoker.invoke(ResourceMethodInvoker.java:478)
	at org.glassfish.jersey.server.model.ResourceMethodInvoker.apply(ResourceMethodInvoker.java:400)
	at org.glassfish.jersey.server.model.ResourceMethodInvoker.apply(ResourceMethodInvoker.java:81)
	at org.glassfish.jersey.server.ServerRuntime$1.run(ServerRuntime.java:256)
	at org.glassfish.jersey.internal.Errors$1.call(Errors.java:248)
	at org.glassfish.jersey.internal.Errors$1.call(Errors.java:244)
	at org.glassfish.jersey.internal.Errors.process(Errors.java:292)
	at org.glassfish.jersey.internal.Errors.process(Errors.java:274)
	at org.glassfish.jersey.internal.Errors.process(Errors.java:244)
	at org.glassfish.jersey.process.internal.RequestScope.runInScope(RequestScope.java:265)
	at org.glassfish.jersey.server.ServerRuntime.process(ServerRuntime.java:235)
	at org.glassfish.jersey.server.ApplicationHandler.handle(ApplicationHandler.java:684)
	at org.glassfish.jersey.servlet.WebComponent.serviceImpl(WebComponent.java:397)
	at org.glassfish.jersey.servlet.WebComponent.service(WebComponent.java:349)
	at org.glassfish.jersey.servlet.ServletContainer.service(ServletContainer.java:379)
	at org.glassfish.jersey.servlet.ServletContainer.service(ServletContainer.java:312)
	at org.glassfish.jersey.servlet.ServletContainer.service(ServletContainer.java:205)
	at org.eclipse.jetty.servlet.ServletHolder.handle(ServletHolder.java:764)
	at org.eclipse.jetty.servlet.ServletHandler$ChainEnd.doFilter(ServletHandler.java:1665)
	at io.dropwizard.servlets.ThreadNameFilter.doFilter(ThreadNameFilter.java:35)
	at org.eclipse.jetty.servlet.FilterHolder.doFilter(FilterHolder.java:202)
	at org.eclipse.jetty.servlet.ServletHandler$Chain.doFilter(ServletHandler.java:1635)
	at io.dropwizard.jersey.filter.AllowedMethodsFilter.handle(AllowedMethodsFilter.java:46)
	at io.dropwizard.jersey.filter.AllowedMethodsFilter.doFilter(AllowedMethodsFilter.java:40)
	at org.eclipse.jetty.servlet.FilterHolder.doFilter(FilterHolder.java:202)
	at org.eclipse.jetty.servlet.ServletHandler$Chain.doFilter(ServletHandler.java:1635)
	at com.graphhopper.http.CORSFilter.doFilter(CORSFilter.java:36)
	at org.eclipse.jetty.servlet.FilterHolder.doFilter(FilterHolder.java:202)
	at org.eclipse.jetty.servlet.ServletHandler$Chain.doFilter(ServletHandler.java:1635)
	at org.eclipse.jetty.servlet.ServletHandler.doHandle(ServletHandler.java:527)
	at org.eclipse.jetty.server.handler.ScopedHandler.nextHandle(ScopedHandler.java:221)
	at org.eclipse.jetty.server.handler.ContextHandler.doHandle(ContextHandler.java:1384)
	at org.eclipse.jetty.server.handler.ScopedHandler.nextScope(ScopedHandler.java:176)
	at org.eclipse.jetty.servlet.ServletHandler.doScope(ServletHandler.java:484)
	at org.eclipse.jetty.server.handler.ScopedHandler.nextScope(ScopedHandler.java:174)
	at org.eclipse.jetty.server.handler.ContextHandler.doScope(ContextHandler.java:1306)
	at org.eclipse.jetty.server.handler.ScopedHandler.handle(ScopedHandler.java:129)
	at org.eclipse.jetty.server.handler.HandlerWrapper.handle(HandlerWrapper.java:122)
	at io.dropwizard.metrics.jetty10.InstrumentedHandler.handle(InstrumentedHandler.java:314)
	at io.dropwizard.jetty.RoutingHandler.handle(RoutingHandler.java:52)
	at org.eclipse.jetty.server.handler.HandlerWrapper.handle(HandlerWrapper.java:122)
	at org.eclipse.jetty.server.handler.gzip.GzipHandler.handle(GzipHandler.java:822)
	at io.dropwizard.jetty.ZipExceptionHandlingGzipHandler.handle(ZipExceptionHandlingGzipHandler.java:26)
	at org.eclipse.jetty.server.handler.StatisticsHandler.handle(StatisticsHandler.java:173)
	at org.eclipse.jetty.server.handler.HandlerWrapper.handle(HandlerWrapper.java:122)
	at org.eclipse.jetty.server.Server.handle(Server.java:563)
	at org.eclipse.jetty.server.HttpChannel$RequestDispatchable.dispatch(HttpChannel.java:1598)
	at org.eclipse.jetty.server.HttpChannel.dispatch(HttpChannel.java:753)
	at org.eclipse.jetty.server.HttpChannel.handle(HttpChannel.java:501)
	at org.eclipse.jetty.server.HttpConnection.onFillable(HttpConnection.java:287)
	at org.eclipse.jetty.io.AbstractConnection$ReadCallback.succeeded(AbstractConnection.java:314)
	at org.eclipse.jetty.io.FillInterest.fillable(FillInterest.java:100)
	at org.eclipse.jetty.io.SelectableChannelEndPoint$1.run(SelectableChannelEndPoint.java:53)
	at org.eclipse.jetty.util.thread.strategy.AdaptiveExecutionStrategy.runTask(AdaptiveExecutionStrategy.java:421)
	at org.eclipse.jetty.util.thread.strategy.AdaptiveExecutionStrategy.consumeTask(AdaptiveExecutionStrategy.java:390)
	at org.eclipse.jetty.util.thread.strategy.AdaptiveExecutionStrategy.tryProduce(AdaptiveExecutionStrategy.java:277)
	at org.eclipse.jetty.util.thread.strategy.AdaptiveExecutionStrategy.produce(AdaptiveExecutionStrategy.java:193)
	at org.eclipse.jetty.util.thread.QueuedThreadPool.runJob(QueuedThreadPool.java:969)
	at org.eclipse.jetty.util.thread.QueuedThreadPool$Runner.doRunJob(QueuedThreadPool.java:1194)
	at org.eclipse.jetty.util.thread.QueuedThreadPool$Runner.run(QueuedThreadPool.java:1149)
	at java.base/java.lang.Thread.run(Thread.java:842)
2026-01-07 14:58:31.308 [JettyShutdownThread] INFO  org.eclipse.jetty.server.Server - Stopped Server@149c3204{STOPPING}[10.0.23,sto=30000]
2026-01-07 14:58:31.308 [JettyShutdownThread] INFO  org.eclipse.jetty.server.Server - Shutdown Server@149c3204{STOPPING}[10.0.23,sto=30000]
2026-01-07 14:58:31.312 [JettyShutdownThread] INFO  o.e.jetty.server.AbstractConnector - Stopped application@64693226{HTTP/1.1, (http/1.1)}{localhost:8989}
2026-01-07 14:58:31.312 [JettyShutdownThread] INFO  o.e.jetty.server.AbstractConnector - Stopped admin@1c758545{HTTP/1.1, (http/1.1)}{localhost:8990}
2026-01-07 14:58:31.313 [JettyShutdownThread] INFO  o.e.j.server.handler.ContextHandler - Stopped i.d.j.MutableServletContextHandler@93bf0e0{/,null,STOPPED}
2026-01-07 14:58:31.318 [JettyShutdownThread] INFO  o.e.j.server.handler.ContextHandler - Stopped i.d.j.MutableServletContextHandler@6812c8cc{/,null,STOPPED}
2026-01-07 14:58:50.544 [main] INFO  i.d.core.server.DefaultServerFactory - Registering jersey handler with root path prefix: /
2026-01-07 14:58:50.546 [main] INFO  i.d.core.server.DefaultServerFactory - Registering admin handler with root path prefix: /
2026-01-07 14:58:50.773 [main] INFO  io.dropwizard.assets.AssetsBundle - Registering AssetBundle with name: assets for path /maps/*
2026-01-07 14:58:50.774 [main] INFO  io.dropwizard.assets.AssetsBundle - Registering AssetBundle with name: webjars for path /webjars/*
2026-01-07 14:58:50.778 [main] INFO  i.d.core.server.ServerFactory - Starting GraphHopperApplication
                        _     _
   __ _ _ __ __ _ _ __ | |__ | |__   ___  _ __  _ __   ___ _ __
  / _` | '__/ _` | '_ \| '_ \| '_ \ / _ \| '_ \| '_ \ / _ \ '__|
 | (_| | | | (_| | |_) | | | | | | | (_) | |_) | |_) |  __/ |
  \__, |_|  \__,_| .__/|_| |_|_| |_|\___/| .__/| .__/ \___|_|
  |___/          |_|                     |_|   |_|
2026-01-07 14:58:50.893 [main] INFO  o.e.jetty.setuid.SetUIDListener - Opened application@64693226{HTTP/1.1, (http/1.1)}{localhost:8989}
2026-01-07 14:58:50.893 [main] INFO  o.e.jetty.setuid.SetUIDListener - Opened admin@1c758545{HTTP/1.1, (http/1.1)}{localhost:8990}
2026-01-07 14:58:50.898 [main] INFO  org.eclipse.jetty.server.Server - jetty-10.0.23; built: 2024-08-14T01:14:42.815Z; git: 570aa4a1395ca8f9f800045f3a1fe5fe3af9a598; jvm 17.0.12+8-LTS-286
2026-01-07 14:58:50.913 [main] INFO  com.graphhopper.GraphHopper - version 10.0|2024-11-04T16:04:43Z (9,23,7,5,2,9)
2026-01-07 14:58:51.200 [main] INFO  com.graphhopper.GraphHopper - No custom areas are used, custom_areas.directory not given
2026-01-07 14:58:51.219 [main] INFO  com.graphhopper.GraphHopper - No country rules available
2026-01-07 14:58:51.219 [main] INFO  com.graphhopper.GraphHopper - start creating graph from caminhos_unipe.osm
2026-01-07 14:58:51.290 [main] INFO  com.graphhopper.GraphHopper - using foot|RAM_STORE|2D|no_turn_cost|nodes:9,edges:23,geometry:7,location_index:5,string_index:2,nodesCH:0,shortcuts:9, memory:totalMB:54, usedMB:32
2026-01-07 14:58:51.303 [main] INFO  c.g.reader.osm.WaySegmentParser - Start reading OSM file: 'caminhos_unipe.osm'
2026-01-07 14:58:51.303 [main] INFO  c.g.reader.osm.WaySegmentParser - pass1 - start
2026-01-07 14:58:51.342 [main] INFO  c.g.reader.osm.WaySegmentParser - pass1 - start reading OSM ways
2026-01-07 14:58:51.351 [main] INFO  c.g.reader.osm.WaySegmentParser - pass1 - finished, processed ways: 136, accepted ways: 131, way nodes: 421, relations: 0, totalMB:54, usedMB:31
2026-01-07 14:58:51.352 [main] INFO  c.g.reader.osm.WaySegmentParser - pass1 - finished, took: 47,99ms
2026-01-07 14:58:51.353 [main] INFO  c.g.reader.osm.WaySegmentParser - Creating graph. Node count (pillar+tower): 421, totalMB:54, usedMB:31
2026-01-07 14:58:51.353 [main] INFO  c.g.reader.osm.WaySegmentParser - pass2 - start
2026-01-07 14:58:51.356 [main] INFO  c.g.reader.osm.WaySegmentParser - pass2 - start reading OSM nodes
2026-01-07 14:58:51.360 [main] INFO  c.g.reader.osm.WaySegmentParser - pass2 - start reading OSM ways
2026-01-07 14:58:51.405 [main] INFO  c.g.reader.osm.WaySegmentParser - pass2 - finished, processed ways: 136, way nodes: 421, nodes with tags: 0, node tag capacity: 1,056,768, ignored barriers at junctions: 0
2026-01-07 14:58:51.405 [main] INFO  c.g.reader.osm.WaySegmentParser - pass2 - finished, took: 51,69ms
2026-01-07 14:58:51.411 [main] INFO  c.g.reader.osm.WaySegmentParser - Finished reading OSM file. pass1: 0s,  pass2: 0s,  total: 0s
2026-01-07 14:58:51.411 [main] INFO  c.graphhopper.reader.osm.OSMReader - Finished reading OSM file: C:\dev\NodeJs\Uniclass\backend\graphHopper_server\caminhos_unipe.osm, nodes: 199, edges: 177, zero distance edges: 0
2026-01-07 14:58:51.423 [main] INFO  c.g.r.s.PrepareRoutingSubnetworks - Start marking subnetworks, prepare.min_network_size: 200, threads: 1, nodes: 199, edges: 177, jobs: [foot_subnetwork|com.graphhopper.routing.weighting.custom.CustomWeighting@5f96f6a2], totalMB:54, usedMB:33
2026-01-07 14:58:51.453 [ForkJoinPool-1-worker-1] INFO  c.g.r.s.PrepareRoutingSubnetworks - foot - Found 42 subnetworks (0 single edges and 42 components with more than one edge, total nodes: 354), took: 0.0109291s
2026-01-07 14:58:51.461 [ForkJoinPool-1-worker-1] INFO  c.g.r.s.PrepareRoutingSubnetworks - foot - Marked 41 subnetworks (biggest: 32 edges) -> 1 components(s) remain (smallest: 172, biggest: 172 edges), total marked edges: 91, took: 0.0027328s
2026-01-07 14:58:51.464 [main] INFO  c.g.r.s.PrepareRoutingSubnetworks - Finished finding and marking subnetworks for 1 jobs, took: 0.0455253s, totalMB:54, usedMB:35
2026-01-07 14:58:51.464 [main] INFO  com.graphhopper.GraphHopper - nodes: 199, edges: 177
2026-01-07 14:58:51.506 [main] INFO  c.g.storage.index.LocationIndexTree - location index created in 0.0132861s, size:202, leafs:4, precision:300, depth:1, checksum:118, entries:[4], entriesPerLeaf:50.5
2026-01-07 14:58:51.516 [main] INFO  com.graphhopper.GraphHopper - flushing graph foot|RAM_STORE|2D|no_turn_cost|nodes:9,edges:23,geometry:7,location_index:5,string_index:2,nodesCH:0,shortcuts:9, details:edges: 177(1MB), nodes: 199(1MB), bounds: -34.8580337,-34.85221974458527,-7.1609484,-7.1561425, name:(1MB), geo:1,670/-1(1MB), totalMB:54, usedMB:29)
2026-01-07 14:58:51.530 [main] INFO  com.graphhopper.GraphHopper - flushed graph totalMB:54, usedMB:31)
2026-01-07 14:58:51.533 [main] INFO  c.g.http.GraphHopperManaged - loaded graph at:graph-cache-unipe, data_reader_file:caminhos_unipe.osm, encoded values:["{\"className\":\"com.graphhopper.routing.ev.SimpleBooleanEncodedValue\",\"name\":\"foot_access\",\"bits\":1,\"min_storable_value\":0,\"max_storable_value\":1,\"max_value\":1,\"negate_reverse_direction\":false,\"store_two_directions\":true,\"fwd_data_index\":0,\"bwd_data_index\":0,\"fwd_shift\":0,\"bwd_shift\":1,\"fwd_mask\":1,\"bwd_mask\":2}","{\"className\":\"com.graphhopper.routing.ev.DecimalEncodedValueImpl\",\"name\":\"foot_average_speed\",\"bits\":4,\"min_storable_value\":0,\"max_storable_value\":15,\"max_value\":5,\"negate_reverse_direction\":false,\"store_two_directions\":false,\"fwd_data_index\":0,\"bwd_data_index\":0,\"fwd_shift\":2,\"bwd_shift\":-1,\"fwd_mask\":60,\"bwd_mask\":0,\"factor\":1.0,\"use_maximum_as_infinity\":false}","{\"className\":\"com.graphhopper.routing.ev.EnumEncodedValue\",\"name\":\"road_class\",\"bits\":5,\"min_storable_value\":0,\"max_storable_value\":31,\"max_value\":16,\"negate_reverse_direction\":false,\"store_two_directions\":false,\"fwd_data_index\":0,\"bwd_data_index\":0,\"fwd_shift\":6,\"bwd_shift\":-1,\"fwd_mask\":1984,\"bwd_mask\":0,\"enum_type\":\"com.graphhopper.routing.ev.RoadClass\"}","{\"className\":\"com.graphhopper.routing.ev.EnumEncodedValue\",\"name\":\"road_environment\",\"bits\":3,\"min_storable_value\":0,\"max_storable_value\":7,\"max_value\":1,\"negate_reverse_direction\":false,\"store_two_directions\":false,\"fwd_data_index\":0,\"bwd_data_index\":0,\"fwd_shift\":11,\"bwd_shift\":-1,\"fwd_mask\":14336,\"bwd_mask\":0,\"enum_type\":\"com.graphhopper.routing.ev.RoadEnvironment\"}","{\"className\":\"com.graphhopper.routing.ev.SimpleBooleanEncodedValue\",\"name\":\"roundabout\",\"bits\":1,\"min_storable_value\":0,\"max_storable_value\":1,\"max_value\":1,\"negate_reverse_direction\":false,\"store_two_directions\":false,\"fwd_data_index\":0,\"bwd_data_index\":0,\"fwd_shift\":14,\"bwd_shift\":-1,\"fwd_mask\":16384,\"bwd_mask\":0}","{\"className\":\"com.graphhopper.routing.ev.SimpleBooleanEncodedValue\",\"name\":\"road_class_link\",\"bits\":1,\"min_storable_value\":0,\"max_storable_value\":1,\"max_value\":-2147483648,\"negate_reverse_direction\":false,\"store_two_directions\":false,\"fwd_data_index\":0,\"bwd_data_index\":0,\"fwd_shift\":15,\"bwd_shift\":-1,\"fwd_mask\":32768,\"bwd_mask\":0}","{\"className\":\"com.graphhopper.routing.ev.DecimalEncodedValueImpl\",\"name\":\"max_speed\",\"bits\":7,\"min_storable_value\":0,\"max_storable_value\":127,\"max_value\":127,\"negate_reverse_direction\":false,\"store_two_directions\":true,\"fwd_data_index\":0,\"bwd_data_index\":0,\"fwd_shift\":16,\"bwd_shift\":23,\"fwd_mask\":8323072,\"bwd_mask\":1065353216,\"factor\":2.0,\"use_maximum_as_infinity\":true}","{\"className\":\"com.graphhopper.routing.ev.DecimalEncodedValueImpl\",\"name\":\"ferry_speed\",\"bits\":5,\"min_storable_value\":0,\"max_storable_value\":31,\"max_value\":-2147483648,\"negate_reverse_direction\":false,\"store_two_directions\":false,\"fwd_data_index\":1,\"bwd_data_index\":0,\"fwd_shift\":0,\"bwd_shift\":-1,\"fwd_mask\":31,\"bwd_mask\":0,\"factor\":2.0,\"use_maximum_as_infinity\":false}","{\"className\":\"com.graphhopper.routing.ev.SimpleBooleanEncodedValue\",\"name\":\"foot_subnetwork\",\"bits\":1,\"min_storable_value\":0,\"max_storable_value\":1,\"max_value\":1,\"negate_reverse_direction\":false,\"store_two_directions\":false,\"fwd_data_index\":1,\"bwd_data_index\":0,\"fwd_shift\":5,\"bwd_shift\":-1,\"fwd_mask\":32,\"bwd_mask\":0}"], 5 bytes for edge flags, edges: 177(1MB), nodes: 199(1MB), bounds: -34.8580337,-34.85221974458527,-7.1609484,-7.1561425, name:(1MB), geo:1,670/-1(1MB)
2026-01-07 14:58:51.780 [main] WARN  o.g.jersey.internal.inject.Providers - A provider com.codahale.metrics.health.HealthCheckRegistry registered in SERVER runtime does not implement any provider interfaces applicable in the SERVER runtime. Due to constraint configuration problems the provider com.codahale.metrics.health.HealthCheckRegistry will be ignored. 
2026-01-07 14:58:51.896 [main] INFO  i.d.jersey.DropwizardResourceConfig - The following paths were found for the configured resources:

    GET     / (com.graphhopper.application.resources.RootResource)
    GET     /health (com.graphhopper.resources.HealthCheckResource)
    GET     /i18n (com.graphhopper.resources.I18NResource)
    GET     /i18n/{locale} (com.graphhopper.resources.I18NResource)
    GET     /info (com.graphhopper.resources.InfoResource)
    GET     /isochrone (com.graphhopper.resources.IsochroneResource)
    POST    /match (com.graphhopper.resources.MapMatchingResource)
    GET     /mvt/{z}/{x}/{y}.mvt (com.graphhopper.resources.MVTResource)
    GET     /navigate/directions/v5/gh/{profile}/{coordinatesArray : .+} (com.graphhopper.navigation.NavigateResource)
    GET     /nearest (com.graphhopper.resources.NearestResource)
    GET     /route (com.graphhopper.resources.RouteResource)
    POST    /route (com.graphhopper.resources.RouteResource)
    GET     /spt (com.graphhopper.resources.SPTResource)

2026-01-07 14:58:51.900 [main] INFO  o.e.j.server.handler.ContextHandler - Started i.d.j.MutableServletContextHandler@6812c8cc{/,null,AVAILABLE}
2026-01-07 14:58:51.906 [main] INFO  i.d.core.setup.AdminEnvironment - tasks = 

    POST    /tasks/log-level (io.dropwizard.servlets.tasks.LogConfigurationTask)
    POST    /tasks/gc (io.dropwizard.servlets.tasks.GarbageCollectionTask)

2026-01-07 14:58:51.906 [main] INFO  o.e.j.server.handler.ContextHandler - Started i.d.j.MutableServletContextHandler@93bf0e0{/,null,AVAILABLE}
2026-01-07 14:58:51.960 [main] INFO  o.e.jetty.server.AbstractConnector - Started application@64693226{HTTP/1.1, (http/1.1)}{localhost:8989}
2026-01-07 14:58:51.965 [main] INFO  o.e.jetty.server.AbstractConnector - Started admin@1c758545{HTTP/1.1, (http/1.1)}{localhost:8990}
2026-01-07 14:58:51.966 [main] INFO  org.eclipse.jetty.server.Server - Started Server@149c3204{STARTING}[10.0.23,sto=30000] @2447ms
2026-01-07 14:59:06.444 [pool-2-thread-12 - GET /route?point=-7.159173481926665,-34.85535442829133&point=-7.158556060405225,-34.854699969291694&profile=vehicle&points_encoded=false] INFO  c.g.h.IllegalArgumentExceptionMapper - bad request: The requested profile 'vehicle' does not exist.
Available profiles: [foot]
java.lang.IllegalArgumentException: The requested profile 'vehicle' does not exist.
Available profiles: [foot]
	at com.graphhopper.http.ProfileResolver.resolveProfile(ProfileResolver.java:46)
	at com.graphhopper.resources.RouteResource.doGet(RouteResource.java:151)
	at java.base/jdk.internal.reflect.NativeMethodAccessorImpl.invoke0(Native Method)
	at java.base/jdk.internal.reflect.NativeMethodAccessorImpl.invoke(NativeMethodAccessorImpl.java:77)
	at java.base/jdk.internal.reflect.DelegatingMethodAccessorImpl.invoke(DelegatingMethodAccessorImpl.java:43)
	at java.base/java.lang.reflect.Method.invoke(Method.java:568)
	at org.glassfish.jersey.server.model.internal.ResourceMethodInvocationHandlerFactory.lambda$static$0(ResourceMethodInvocationHandlerFactory.java:52)
	at org.glassfish.jersey.server.model.internal.AbstractJavaResourceMethodDispatcher$1.run(AbstractJavaResourceMethodDispatcher.java:146)
	at org.glassfish.jersey.server.model.internal.AbstractJavaResourceMethodDispatcher.invoke(AbstractJavaResourceMethodDispatcher.java:189)
	at org.glassfish.jersey.server.model.internal.JavaResourceMethodDispatcherProvider$ResponseOutInvoker.doDispatch(JavaResourceMethodDispatcherProvider.java:176)
	at org.glassfish.jersey.server.model.internal.AbstractJavaResourceMethodDispatcher.dispatch(AbstractJavaResourceMethodDispatcher.java:93)
	at org.glassfish.jersey.server.model.ResourceMethodInvoker.invoke(ResourceMethodInvoker.java:478)
	at org.glassfish.jersey.server.model.ResourceMethodInvoker.apply(ResourceMethodInvoker.java:400)
	at org.glassfish.jersey.server.model.ResourceMethodInvoker.apply(ResourceMethodInvoker.java:81)
	at org.glassfish.jersey.server.ServerRuntime$1.run(ServerRuntime.java:256)
	at org.glassfish.jersey.internal.Errors$1.call(Errors.java:248)
	at org.glassfish.jersey.internal.Errors$1.call(Errors.java:244)
	at org.glassfish.jersey.internal.Errors.process(Errors.java:292)
	at org.glassfish.jersey.internal.Errors.process(Errors.java:274)
	at org.glassfish.jersey.internal.Errors.process(Errors.java:244)
	at org.glassfish.jersey.process.internal.RequestScope.runInScope(RequestScope.java:265)
	at org.glassfish.jersey.server.ServerRuntime.process(ServerRuntime.java:235)
	at org.glassfish.jersey.server.ApplicationHandler.handle(ApplicationHandler.java:684)
	at org.glassfish.jersey.servlet.WebComponent.serviceImpl(WebComponent.java:397)
	at org.glassfish.jersey.servlet.WebComponent.service(WebComponent.java:349)
	at org.glassfish.jersey.servlet.ServletContainer.service(ServletContainer.java:379)
	at org.glassfish.jersey.servlet.ServletContainer.service(ServletContainer.java:312)
	at org.glassfish.jersey.servlet.ServletContainer.service(ServletContainer.java:205)
	at org.eclipse.jetty.servlet.ServletHolder.handle(ServletHolder.java:764)
	at org.eclipse.jetty.servlet.ServletHandler$ChainEnd.doFilter(ServletHandler.java:1665)
	at io.dropwizard.servlets.ThreadNameFilter.doFilter(ThreadNameFilter.java:35)
	at org.eclipse.jetty.servlet.FilterHolder.doFilter(FilterHolder.java:202)
	at org.eclipse.jetty.servlet.ServletHandler$Chain.doFilter(ServletHandler.java:1635)
	at io.dropwizard.jersey.filter.AllowedMethodsFilter.handle(AllowedMethodsFilter.java:46)
	at io.dropwizard.jersey.filter.AllowedMethodsFilter.doFilter(AllowedMethodsFilter.java:40)
	at org.eclipse.jetty.servlet.FilterHolder.doFilter(FilterHolder.java:202)
	at org.eclipse.jetty.servlet.ServletHandler$Chain.doFilter(ServletHandler.java:1635)
	at com.graphhopper.http.CORSFilter.doFilter(CORSFilter.java:36)
	at org.eclipse.jetty.servlet.FilterHolder.doFilter(FilterHolder.java:202)
	at org.eclipse.jetty.servlet.ServletHandler$Chain.doFilter(ServletHandler.java:1635)
	at org.eclipse.jetty.servlet.ServletHandler.doHandle(ServletHandler.java:527)
	at org.eclipse.jetty.server.handler.ScopedHandler.nextHandle(ScopedHandler.java:221)
	at org.eclipse.jetty.server.handler.ContextHandler.doHandle(ContextHandler.java:1384)
	at org.eclipse.jetty.server.handler.ScopedHandler.nextScope(ScopedHandler.java:176)
	at org.eclipse.jetty.servlet.ServletHandler.doScope(ServletHandler.java:484)
	at org.eclipse.jetty.server.handler.ScopedHandler.nextScope(ScopedHandler.java:174)
	at org.eclipse.jetty.server.handler.ContextHandler.doScope(ContextHandler.java:1306)
	at org.eclipse.jetty.server.handler.ScopedHandler.handle(ScopedHandler.java:129)
	at org.eclipse.jetty.server.handler.HandlerWrapper.handle(HandlerWrapper.java:122)
	at io.dropwizard.metrics.jetty10.InstrumentedHandler.handle(InstrumentedHandler.java:314)
	at io.dropwizard.jetty.RoutingHandler.handle(RoutingHandler.java:52)
	at org.eclipse.jetty.server.handler.HandlerWrapper.handle(HandlerWrapper.java:122)
	at org.eclipse.jetty.server.handler.gzip.GzipHandler.handle(GzipHandler.java:822)
	at io.dropwizard.jetty.ZipExceptionHandlingGzipHandler.handle(ZipExceptionHandlingGzipHandler.java:26)
	at org.eclipse.jetty.server.handler.StatisticsHandler.handle(StatisticsHandler.java:173)
	at org.eclipse.jetty.server.handler.HandlerWrapper.handle(HandlerWrapper.java:122)
	at org.eclipse.jetty.server.Server.handle(Server.java:563)
	at org.eclipse.jetty.server.HttpChannel$RequestDispatchable.dispatch(HttpChannel.java:1598)
	at org.eclipse.jetty.server.HttpChannel.dispatch(HttpChannel.java:753)
	at org.eclipse.jetty.server.HttpChannel.handle(HttpChannel.java:501)
	at org.eclipse.jetty.server.HttpConnection.onFillable(HttpConnection.java:287)
	at org.eclipse.jetty.io.AbstractConnection$ReadCallback.succeeded(AbstractConnection.java:314)
	at org.eclipse.jetty.io.FillInterest.fillable(FillInterest.java:100)
	at org.eclipse.jetty.io.SelectableChannelEndPoint$1.run(SelectableChannelEndPoint.java:53)
	at org.eclipse.jetty.util.thread.QueuedThreadPool.runJob(QueuedThreadPool.java:969)
	at org.eclipse.jetty.util.thread.QueuedThreadPool$Runner.doRunJob(QueuedThreadPool.java:1194)
	at org.eclipse.jetty.util.thread.QueuedThreadPool$Runner.run(QueuedThreadPool.java:1149)
	at java.base/java.lang.Thread.run(Thread.java:842)
2026-01-07 14:59:26.000 [JettyShutdownThread] INFO  org.eclipse.jetty.server.Server - Stopped Server@149c3204{STOPPING}[10.0.23,sto=30000]
2026-01-07 14:59:26.000 [JettyShutdownThread] INFO  org.eclipse.jetty.server.Server - Shutdown Server@149c3204{STOPPING}[10.0.23,sto=30000]
2026-01-07 14:59:26.003 [JettyShutdownThread] INFO  o.e.jetty.server.AbstractConnector - Stopped application@64693226{HTTP/1.1, (http/1.1)}{localhost:8989}
2026-01-07 14:59:26.004 [JettyShutdownThread] INFO  o.e.jetty.server.AbstractConnector - Stopped admin@1c758545{HTTP/1.1, (http/1.1)}{localhost:8990}
2026-01-07 14:59:26.005 [JettyShutdownThread] INFO  o.e.j.server.handler.ContextHandler - Stopped i.d.j.MutableServletContextHandler@93bf0e0{/,null,STOPPED}
2026-01-07 14:59:26.009 [JettyShutdownThread] INFO  o.e.j.server.handler.ContextHandler - Stopped i.d.j.MutableServletContextHandler@6812c8cc{/,null,STOPPED}
2026-01-07 14:59:29.071 [main] INFO  i.d.core.server.DefaultServerFactory - Registering jersey handler with root path prefix: /
2026-01-07 14:59:29.074 [main] INFO  i.d.core.server.DefaultServerFactory - Registering admin handler with root path prefix: /
2026-01-07 14:59:29.322 [main] INFO  io.dropwizard.assets.AssetsBundle - Registering AssetBundle with name: assets for path /maps/*
2026-01-07 14:59:29.324 [main] INFO  io.dropwizard.assets.AssetsBundle - Registering AssetBundle with name: webjars for path /webjars/*
2026-01-07 14:59:29.329 [main] INFO  i.d.core.server.ServerFactory - Starting GraphHopperApplication
                        _     _
   __ _ _ __ __ _ _ __ | |__ | |__   ___  _ __  _ __   ___ _ __
  / _` | '__/ _` | '_ \| '_ \| '_ \ / _ \| '_ \| '_ \ / _ \ '__|
 | (_| | | | (_| | |_) | | | | | | | (_) | |_) | |_) |  __/ |
  \__, |_|  \__,_| .__/|_| |_|_| |_|\___/| .__/| .__/ \___|_|
  |___/          |_|                     |_|   |_|
2026-01-07 14:59:29.437 [main] INFO  o.e.jetty.setuid.SetUIDListener - Opened application@64693226{HTTP/1.1, (http/1.1)}{localhost:8989}
2026-01-07 14:59:29.437 [main] INFO  o.e.jetty.setuid.SetUIDListener - Opened admin@1c758545{HTTP/1.1, (http/1.1)}{localhost:8990}
2026-01-07 14:59:29.444 [main] INFO  org.eclipse.jetty.server.Server - jetty-10.0.23; built: 2024-08-14T01:14:42.815Z; git: 570aa4a1395ca8f9f800045f3a1fe5fe3af9a598; jvm 17.0.12+8-LTS-286
2026-01-07 14:59:29.714 [main] INFO  com.graphhopper.GraphHopper - version 10.0|2024-11-04T16:04:43Z (9,23,7,5,2,9)
2026-01-07 14:59:29.733 [main] INFO  com.graphhopper.GraphHopper - graph foot|RAM_STORE|2D|no_turn_cost|nodes:9,edges:23,geometry:7,location_index:5,string_index:2,nodesCH:0,shortcuts:9, details:edges: 177(1MB), nodes: 199(1MB), bounds: -34.8580337,-34.8522197,-7.1609484,-7.1561425, name:(1MB), geo:1,670/-1(1MB)
2026-01-07 14:59:29.749 [main] INFO  c.g.http.GraphHopperManaged - loaded graph at:graph-cache-unipe, data_reader_file:caminhos_unipe.osm, encoded values:["{\"className\":\"com.graphhopper.routing.ev.SimpleBooleanEncodedValue\",\"name\":\"foot_access\",\"bits\":1,\"min_storable_value\":0,\"max_storable_value\":1,\"max_value\":1,\"negate_reverse_direction\":false,\"store_two_directions\":true,\"fwd_data_index\":0,\"bwd_data_index\":0,\"fwd_shift\":0,\"bwd_shift\":1,\"fwd_mask\":1,\"bwd_mask\":2}","{\"className\":\"com.graphhopper.routing.ev.DecimalEncodedValueImpl\",\"name\":\"foot_average_speed\",\"bits\":4,\"min_storable_value\":0,\"max_storable_value\":15,\"max_value\":5,\"negate_reverse_direction\":false,\"store_two_directions\":false,\"fwd_data_index\":0,\"bwd_data_index\":0,\"fwd_shift\":2,\"bwd_shift\":-1,\"fwd_mask\":60,\"bwd_mask\":0,\"factor\":1.0,\"use_maximum_as_infinity\":false}","{\"className\":\"com.graphhopper.routing.ev.EnumEncodedValue\",\"name\":\"road_class\",\"bits\":5,\"min_storable_value\":0,\"max_storable_value\":31,\"max_value\":16,\"negate_reverse_direction\":false,\"store_two_directions\":false,\"fwd_data_index\":0,\"bwd_data_index\":0,\"fwd_shift\":6,\"bwd_shift\":-1,\"fwd_mask\":1984,\"bwd_mask\":0,\"enum_type\":\"com.graphhopper.routing.ev.RoadClass\"}","{\"className\":\"com.graphhopper.routing.ev.EnumEncodedValue\",\"name\":\"road_environment\",\"bits\":3,\"min_storable_value\":0,\"max_storable_value\":7,\"max_value\":1,\"negate_reverse_direction\":false,\"store_two_directions\":false,\"fwd_data_index\":0,\"bwd_data_index\":0,\"fwd_shift\":11,\"bwd_shift\":-1,\"fwd_mask\":14336,\"bwd_mask\":0,\"enum_type\":\"com.graphhopper.routing.ev.RoadEnvironment\"}","{\"className\":\"com.graphhopper.routing.ev.SimpleBooleanEncodedValue\",\"name\":\"roundabout\",\"bits\":1,\"min_storable_value\":0,\"max_storable_value\":1,\"max_value\":1,\"negate_reverse_direction\":false,\"store_two_directions\":false,\"fwd_data_index\":0,\"bwd_data_index\":0,\"fwd_shift\":14,\"bwd_shift\":-1,\"fwd_mask\":16384,\"bwd_mask\":0}","{\"className\":\"com.graphhopper.routing.ev.SimpleBooleanEncodedValue\",\"name\":\"road_class_link\",\"bits\":1,\"min_storable_value\":0,\"max_storable_value\":1,\"max_value\":-2147483648,\"negate_reverse_direction\":false,\"store_two_directions\":false,\"fwd_data_index\":0,\"bwd_data_index\":0,\"fwd_shift\":15,\"bwd_shift\":-1,\"fwd_mask\":32768,\"bwd_mask\":0}","{\"className\":\"com.graphhopper.routing.ev.DecimalEncodedValueImpl\",\"name\":\"max_speed\",\"bits\":7,\"min_storable_value\":0,\"max_storable_value\":127,\"max_value\":127,\"negate_reverse_direction\":false,\"store_two_directions\":true,\"fwd_data_index\":0,\"bwd_data_index\":0,\"fwd_shift\":16,\"bwd_shift\":23,\"fwd_mask\":8323072,\"bwd_mask\":1065353216,\"factor\":2.0,\"use_maximum_as_infinity\":true}","{\"className\":\"com.graphhopper.routing.ev.DecimalEncodedValueImpl\",\"name\":\"ferry_speed\",\"bits\":5,\"min_storable_value\":0,\"max_storable_value\":31,\"max_value\":-2147483648,\"negate_reverse_direction\":false,\"store_two_directions\":false,\"fwd_data_index\":1,\"bwd_data_index\":0,\"fwd_shift\":0,\"bwd_shift\":-1,\"fwd_mask\":31,\"bwd_mask\":0,\"factor\":2.0,\"use_maximum_as_infinity\":false}","{\"className\":\"com.graphhopper.routing.ev.SimpleBooleanEncodedValue\",\"name\":\"foot_subnetwork\",\"bits\":1,\"min_storable_value\":0,\"max_storable_value\":1,\"max_value\":1,\"negate_reverse_direction\":false,\"store_two_directions\":false,\"fwd_data_index\":1,\"bwd_data_index\":0,\"fwd_shift\":5,\"bwd_shift\":-1,\"fwd_mask\":32,\"bwd_mask\":0}"], 5 bytes for edge flags, edges: 177(1MB), nodes: 199(1MB), bounds: -34.8580337,-34.8522197,-7.1609484,-7.1561425, name:(1MB), geo:1,670/-1(1MB)
2026-01-07 14:59:30.043 [main] WARN  o.g.jersey.internal.inject.Providers - A provider com.codahale.metrics.health.HealthCheckRegistry registered in SERVER runtime does not implement any provider interfaces applicable in the SERVER runtime. Due to constraint configuration problems the provider com.codahale.metrics.health.HealthCheckRegistry will be ignored. 
2026-01-07 14:59:30.172 [main] INFO  i.d.jersey.DropwizardResourceConfig - The following paths were found for the configured resources:

    GET     / (com.graphhopper.application.resources.RootResource)
    GET     /health (com.graphhopper.resources.HealthCheckResource)
    GET     /i18n (com.graphhopper.resources.I18NResource)
    GET     /i18n/{locale} (com.graphhopper.resources.I18NResource)
    GET     /info (com.graphhopper.resources.InfoResource)
    GET     /isochrone (com.graphhopper.resources.IsochroneResource)
    POST    /match (com.graphhopper.resources.MapMatchingResource)
    GET     /mvt/{z}/{x}/{y}.mvt (com.graphhopper.resources.MVTResource)
    GET     /navigate/directions/v5/gh/{profile}/{coordinatesArray : .+} (com.graphhopper.navigation.NavigateResource)
    GET     /nearest (com.graphhopper.resources.NearestResource)
    GET     /route (com.graphhopper.resources.RouteResource)
    POST    /route (com.graphhopper.resources.RouteResource)
    GET     /spt (com.graphhopper.resources.SPTResource)

2026-01-07 14:59:30.175 [main] INFO  o.e.j.server.handler.ContextHandler - Started i.d.j.MutableServletContextHandler@18d47df0{/,null,AVAILABLE}
2026-01-07 14:59:30.179 [main] INFO  i.d.core.setup.AdminEnvironment - tasks = 

    POST    /tasks/log-level (io.dropwizard.servlets.tasks.LogConfigurationTask)
    POST    /tasks/gc (io.dropwizard.servlets.tasks.GarbageCollectionTask)

2026-01-07 14:59:30.180 [main] INFO  o.e.j.server.handler.ContextHandler - Started i.d.j.MutableServletContextHandler@cbd40c1{/,null,AVAILABLE}
2026-01-07 14:59:30.221 [main] INFO  o.e.jetty.server.AbstractConnector - Started application@64693226{HTTP/1.1, (http/1.1)}{localhost:8989}
2026-01-07 14:59:30.226 [main] INFO  o.e.jetty.server.AbstractConnector - Started admin@1c758545{HTTP/1.1, (http/1.1)}{localhost:8990}
2026-01-07 14:59:30.227 [main] INFO  org.eclipse.jetty.server.Server - Started Server@149c3204{STARTING}[10.0.23,sto=30000] @2197ms
2026-01-07 14:59:33.439 [pool-2-thread-12 - GET /route?point=-7.158965900646324,-34.85550999641419&point=-7.158380414474893,-34.85479652881623&profile=vehicle&points_encoded=false] INFO  c.g.h.IllegalArgumentExceptionMapper - bad request: The requested profile 'vehicle' does not exist.
Available profiles: [foot]
java.lang.IllegalArgumentException: The requested profile 'vehicle' does not exist.
Available profiles: [foot]
	at com.graphhopper.http.ProfileResolver.resolveProfile(ProfileResolver.java:46)
	at com.graphhopper.resources.RouteResource.doGet(RouteResource.java:151)
	at java.base/jdk.internal.reflect.NativeMethodAccessorImpl.invoke0(Native Method)
	at java.base/jdk.internal.reflect.NativeMethodAccessorImpl.invoke(NativeMethodAccessorImpl.java:77)
	at java.base/jdk.internal.reflect.DelegatingMethodAccessorImpl.invoke(DelegatingMethodAccessorImpl.java:43)
	at java.base/java.lang.reflect.Method.invoke(Method.java:568)
	at org.glassfish.jersey.server.model.internal.ResourceMethodInvocationHandlerFactory.lambda$static$0(ResourceMethodInvocationHandlerFactory.java:52)
	at org.glassfish.jersey.server.model.internal.AbstractJavaResourceMethodDispatcher$1.run(AbstractJavaResourceMethodDispatcher.java:146)
	at org.glassfish.jersey.server.model.internal.AbstractJavaResourceMethodDispatcher.invoke(AbstractJavaResourceMethodDispatcher.java:189)
	at org.glassfish.jersey.server.model.internal.JavaResourceMethodDispatcherProvider$ResponseOutInvoker.doDispatch(JavaResourceMethodDispatcherProvider.java:176)
	at org.glassfish.jersey.server.model.internal.AbstractJavaResourceMethodDispatcher.dispatch(AbstractJavaResourceMethodDispatcher.java:93)
	at org.glassfish.jersey.server.model.ResourceMethodInvoker.invoke(ResourceMethodInvoker.java:478)
	at org.glassfish.jersey.server.model.ResourceMethodInvoker.apply(ResourceMethodInvoker.java:400)
	at org.glassfish.jersey.server.model.ResourceMethodInvoker.apply(ResourceMethodInvoker.java:81)
	at org.glassfish.jersey.server.ServerRuntime$1.run(ServerRuntime.java:256)
	at org.glassfish.jersey.internal.Errors$1.call(Errors.java:248)
	at org.glassfish.jersey.internal.Errors$1.call(Errors.java:244)
	at org.glassfish.jersey.internal.Errors.process(Errors.java:292)
	at org.glassfish.jersey.internal.Errors.process(Errors.java:274)
	at org.glassfish.jersey.internal.Errors.process(Errors.java:244)
	at org.glassfish.jersey.process.internal.RequestScope.runInScope(RequestScope.java:265)
	at org.glassfish.jersey.server.ServerRuntime.process(ServerRuntime.java:235)
	at org.glassfish.jersey.server.ApplicationHandler.handle(ApplicationHandler.java:684)
	at org.glassfish.jersey.servlet.WebComponent.serviceImpl(WebComponent.java:397)
	at org.glassfish.jersey.servlet.WebComponent.service(WebComponent.java:349)
	at org.glassfish.jersey.servlet.ServletContainer.service(ServletContainer.java:379)
	at org.glassfish.jersey.servlet.ServletContainer.service(ServletContainer.java:312)
	at org.glassfish.jersey.servlet.ServletContainer.service(ServletContainer.java:205)
	at org.eclipse.jetty.servlet.ServletHolder.handle(ServletHolder.java:764)
	at org.eclipse.jetty.servlet.ServletHandler$ChainEnd.doFilter(ServletHandler.java:1665)
	at io.dropwizard.servlets.ThreadNameFilter.doFilter(ThreadNameFilter.java:35)
	at org.eclipse.jetty.servlet.FilterHolder.doFilter(FilterHolder.java:202)
	at org.eclipse.jetty.servlet.ServletHandler$Chain.doFilter(ServletHandler.java:1635)
	at io.dropwizard.jersey.filter.AllowedMethodsFilter.handle(AllowedMethodsFilter.java:46)
	at io.dropwizard.jersey.filter.AllowedMethodsFilter.doFilter(AllowedMethodsFilter.java:40)
	at org.eclipse.jetty.servlet.FilterHolder.doFilter(FilterHolder.java:202)
	at org.eclipse.jetty.servlet.ServletHandler$Chain.doFilter(ServletHandler.java:1635)
	at com.graphhopper.http.CORSFilter.doFilter(CORSFilter.java:36)
	at org.eclipse.jetty.servlet.FilterHolder.doFilter(FilterHolder.java:202)
	at org.eclipse.jetty.servlet.ServletHandler$Chain.doFilter(ServletHandler.java:1635)
	at org.eclipse.jetty.servlet.ServletHandler.doHandle(ServletHandler.java:527)
	at org.eclipse.jetty.server.handler.ScopedHandler.nextHandle(ScopedHandler.java:221)
	at org.eclipse.jetty.server.handler.ContextHandler.doHandle(ContextHandler.java:1384)
	at org.eclipse.jetty.server.handler.ScopedHandler.nextScope(ScopedHandler.java:176)
	at org.eclipse.jetty.servlet.ServletHandler.doScope(ServletHandler.java:484)
	at org.eclipse.jetty.server.handler.ScopedHandler.nextScope(ScopedHandler.java:174)
	at org.eclipse.jetty.server.handler.ContextHandler.doScope(ContextHandler.java:1306)
	at org.eclipse.jetty.server.handler.ScopedHandler.handle(ScopedHandler.java:129)
	at org.eclipse.jetty.server.handler.HandlerWrapper.handle(HandlerWrapper.java:122)
	at io.dropwizard.metrics.jetty10.InstrumentedHandler.handle(InstrumentedHandler.java:314)
	at io.dropwizard.jetty.RoutingHandler.handle(RoutingHandler.java:52)
	at org.eclipse.jetty.server.handler.HandlerWrapper.handle(HandlerWrapper.java:122)
	at org.eclipse.jetty.server.handler.gzip.GzipHandler.handle(GzipHandler.java:822)
	at io.dropwizard.jetty.ZipExceptionHandlingGzipHandler.handle(ZipExceptionHandlingGzipHandler.java:26)
	at org.eclipse.jetty.server.handler.StatisticsHandler.handle(StatisticsHandler.java:173)
	at org.eclipse.jetty.server.handler.HandlerWrapper.handle(HandlerWrapper.java:122)
	at org.eclipse.jetty.server.Server.handle(Server.java:563)
	at org.eclipse.jetty.server.HttpChannel$RequestDispatchable.dispatch(HttpChannel.java:1598)
	at org.eclipse.jetty.server.HttpChannel.dispatch(HttpChannel.java:753)
	at org.eclipse.jetty.server.HttpChannel.handle(HttpChannel.java:501)
	at org.eclipse.jetty.server.HttpConnection.onFillable(HttpConnection.java:287)
	at org.eclipse.jetty.io.AbstractConnection$ReadCallback.succeeded(AbstractConnection.java:314)
	at org.eclipse.jetty.io.FillInterest.fillable(FillInterest.java:100)
	at org.eclipse.jetty.io.SelectableChannelEndPoint$1.run(SelectableChannelEndPoint.java:53)
	at org.eclipse.jetty.util.thread.QueuedThreadPool.runJob(QueuedThreadPool.java:969)
	at org.eclipse.jetty.util.thread.QueuedThreadPool$Runner.doRunJob(QueuedThreadPool.java:1194)
	at org.eclipse.jetty.util.thread.QueuedThreadPool$Runner.run(QueuedThreadPool.java:1149)
	at java.base/java.lang.Thread.run(Thread.java:842)
2026-01-07 14:59:35.369 [pool-2-thread-3 - GET /route?point=-7.158183478048351,-34.8547911643982&point=-7.15827396236299,-34.85507547855378&profile=vehicle&points_encoded=false] INFO  c.g.h.IllegalArgumentExceptionMapper - bad request: The requested profile 'vehicle' does not exist.
Available profiles: [foot]
java.lang.IllegalArgumentException: The requested profile 'vehicle' does not exist.
Available profiles: [foot]
	at com.graphhopper.http.ProfileResolver.resolveProfile(ProfileResolver.java:46)
	at com.graphhopper.resources.RouteResource.doGet(RouteResource.java:151)
	at java.base/jdk.internal.reflect.NativeMethodAccessorImpl.invoke0(Native Method)
	at java.base/jdk.internal.reflect.NativeMethodAccessorImpl.invoke(NativeMethodAccessorImpl.java:77)
	at java.base/jdk.internal.reflect.DelegatingMethodAccessorImpl.invoke(DelegatingMethodAccessorImpl.java:43)
	at java.base/java.lang.reflect.Method.invoke(Method.java:568)
	at org.glassfish.jersey.server.model.internal.ResourceMethodInvocationHandlerFactory.lambda$static$0(ResourceMethodInvocationHandlerFactory.java:52)
	at org.glassfish.jersey.server.model.internal.AbstractJavaResourceMethodDispatcher$1.run(AbstractJavaResourceMethodDispatcher.java:146)
	at org.glassfish.jersey.server.model.internal.AbstractJavaResourceMethodDispatcher.invoke(AbstractJavaResourceMethodDispatcher.java:189)
	at org.glassfish.jersey.server.model.internal.JavaResourceMethodDispatcherProvider$ResponseOutInvoker.doDispatch(JavaResourceMethodDispatcherProvider.java:176)
	at org.glassfish.jersey.server.model.internal.AbstractJavaResourceMethodDispatcher.dispatch(AbstractJavaResourceMethodDispatcher.java:93)
	at org.glassfish.jersey.server.model.ResourceMethodInvoker.invoke(ResourceMethodInvoker.java:478)
	at org.glassfish.jersey.server.model.ResourceMethodInvoker.apply(ResourceMethodInvoker.java:400)
	at org.glassfish.jersey.server.model.ResourceMethodInvoker.apply(ResourceMethodInvoker.java:81)
	at org.glassfish.jersey.server.ServerRuntime$1.run(ServerRuntime.java:256)
	at org.glassfish.jersey.internal.Errors$1.call(Errors.java:248)
	at org.glassfish.jersey.internal.Errors$1.call(Errors.java:244)
	at org.glassfish.jersey.internal.Errors.process(Errors.java:292)
	at org.glassfish.jersey.internal.Errors.process(Errors.java:274)
	at org.glassfish.jersey.internal.Errors.process(Errors.java:244)
	at org.glassfish.jersey.process.internal.RequestScope.runInScope(RequestScope.java:265)
	at org.glassfish.jersey.server.ServerRuntime.process(ServerRuntime.java:235)
	at org.glassfish.jersey.server.ApplicationHandler.handle(ApplicationHandler.java:684)
	at org.glassfish.jersey.servlet.WebComponent.serviceImpl(WebComponent.java:397)
	at org.glassfish.jersey.servlet.WebComponent.service(WebComponent.java:349)
	at org.glassfish.jersey.servlet.ServletContainer.service(ServletContainer.java:379)
	at org.glassfish.jersey.servlet.ServletContainer.service(ServletContainer.java:312)
	at org.glassfish.jersey.servlet.ServletContainer.service(ServletContainer.java:205)
	at org.eclipse.jetty.servlet.ServletHolder.handle(ServletHolder.java:764)
	at org.eclipse.jetty.servlet.ServletHandler$ChainEnd.doFilter(ServletHandler.java:1665)
	at io.dropwizard.servlets.ThreadNameFilter.doFilter(ThreadNameFilter.java:35)
	at org.eclipse.jetty.servlet.FilterHolder.doFilter(FilterHolder.java:202)
	at org.eclipse.jetty.servlet.ServletHandler$Chain.doFilter(ServletHandler.java:1635)
	at io.dropwizard.jersey.filter.AllowedMethodsFilter.handle(AllowedMethodsFilter.java:46)
	at io.dropwizard.jersey.filter.AllowedMethodsFilter.doFilter(AllowedMethodsFilter.java:40)
	at org.eclipse.jetty.servlet.FilterHolder.doFilter(FilterHolder.java:202)
	at org.eclipse.jetty.servlet.ServletHandler$Chain.doFilter(ServletHandler.java:1635)
	at com.graphhopper.http.CORSFilter.doFilter(CORSFilter.java:36)
	at org.eclipse.jetty.servlet.FilterHolder.doFilter(FilterHolder.java:202)
	at org.eclipse.jetty.servlet.ServletHandler$Chain.doFilter(ServletHandler.java:1635)
	at org.eclipse.jetty.servlet.ServletHandler.doHandle(ServletHandler.java:527)
	at org.eclipse.jetty.server.handler.ScopedHandler.nextHandle(ScopedHandler.java:221)
	at org.eclipse.jetty.server.handler.ContextHandler.doHandle(ContextHandler.java:1384)
	at org.eclipse.jetty.server.handler.ScopedHandler.nextScope(ScopedHandler.java:176)
	at org.eclipse.jetty.servlet.ServletHandler.doScope(ServletHandler.java:484)
	at org.eclipse.jetty.server.handler.ScopedHandler.nextScope(ScopedHandler.java:174)
	at org.eclipse.jetty.server.handler.ContextHandler.doScope(ContextHandler.java:1306)
	at org.eclipse.jetty.server.handler.ScopedHandler.handle(ScopedHandler.java:129)
	at org.eclipse.jetty.server.handler.HandlerWrapper.handle(HandlerWrapper.java:122)
	at io.dropwizard.metrics.jetty10.InstrumentedHandler.handle(InstrumentedHandler.java:314)
	at io.dropwizard.jetty.RoutingHandler.handle(RoutingHandler.java:52)
	at org.eclipse.jetty.server.handler.HandlerWrapper.handle(HandlerWrapper.java:122)
	at org.eclipse.jetty.server.handler.gzip.GzipHandler.handle(GzipHandler.java:822)
	at io.dropwizard.jetty.ZipExceptionHandlingGzipHandler.handle(ZipExceptionHandlingGzipHandler.java:26)
	at org.eclipse.jetty.server.handler.StatisticsHandler.handle(StatisticsHandler.java:173)
	at org.eclipse.jetty.server.handler.HandlerWrapper.handle(HandlerWrapper.java:122)
	at org.eclipse.jetty.server.Server.handle(Server.java:563)
	at org.eclipse.jetty.server.HttpChannel$RequestDispatchable.dispatch(HttpChannel.java:1598)
	at org.eclipse.jetty.server.HttpChannel.dispatch(HttpChannel.java:753)
	at org.eclipse.jetty.server.HttpChannel.handle(HttpChannel.java:501)
	at org.eclipse.jetty.server.HttpConnection.onFillable(HttpConnection.java:287)
	at org.eclipse.jetty.io.AbstractConnection$ReadCallback.succeeded(AbstractConnection.java:314)
	at org.eclipse.jetty.io.FillInterest.fillable(FillInterest.java:100)
	at org.eclipse.jetty.io.SelectableChannelEndPoint$1.run(SelectableChannelEndPoint.java:53)
	at org.eclipse.jetty.util.thread.strategy.AdaptiveExecutionStrategy.runTask(AdaptiveExecutionStrategy.java:421)
	at org.eclipse.jetty.util.thread.strategy.AdaptiveExecutionStrategy.consumeTask(AdaptiveExecutionStrategy.java:390)
	at org.eclipse.jetty.util.thread.strategy.AdaptiveExecutionStrategy.tryProduce(AdaptiveExecutionStrategy.java:277)
	at org.eclipse.jetty.util.thread.strategy.AdaptiveExecutionStrategy.produce(AdaptiveExecutionStrategy.java:193)
	at org.eclipse.jetty.util.thread.QueuedThreadPool.runJob(QueuedThreadPool.java:969)
	at org.eclipse.jetty.util.thread.QueuedThreadPool$Runner.doRunJob(QueuedThreadPool.java:1194)
	at org.eclipse.jetty.util.thread.QueuedThreadPool$Runner.run(QueuedThreadPool.java:1149)
	at java.base/java.lang.Thread.run(Thread.java:842)
2026-01-07 14:59:37.518 [pool-2-thread-11 - GET /route?point=-7.158875416468921,-34.85561192035676&point=-7.158316543210733,-34.85475897789002&profile=foot&points_encoded=false] INFO  c.g.resources.RouteResource - 127.0.0.1 * node [-7.158875416468921,-34.85561192035676, -7.158316543210733,-34.85475897789002], took: 31,9ms, algo: , profile: foot, alternatives: 1, distance0: 198.60101678368468, weight0: 142.99273208425296, time0: 2min, points0: 4, debugInfo: idLookup:0.0069831s; , algoInit:3267 ?s, astarbi|beeline-routing:3 ms, path extraction: 309 ?s, visited nodes sum: 8
2026-01-07 14:59:41.361 [pool-2-thread-12 - GET /route?point=-7.158359124054495,-34.855697751045234&point=-7.158965900646324,-34.85458195209504&profile=foot&points_encoded=false] INFO  c.g.resources.RouteResource - 127.0.0.1 * node [-7.158359124054495,-34.855697751045234, -7.158965900646324,-34.85458195209504], took: 2,1ms, algo: , profile: foot, alternatives: 1, distance0: 192.6160424248579, weight0: 138.68355054589767, time0: 2min, points0: 4, debugInfo: idLookup:0.0010546s; , algoInit:114 ?s, astarbi|beeline-routing:0 ms, path extraction: 33 ?s, visited nodes sum: 8
2026-01-07 14:59:52.118 [pool-2-thread-2 - GET /route?point=-7.158614609033631,-34.85474824905396&point=-7.158854126071626,-34.8556011915207&profile=foot&points_encoded=false] INFO  c.g.resources.RouteResource - 127.0.0.1 * node [-7.158614609033631,-34.85474824905396, -7.158854126071626,-34.8556011915207], took: 1,7ms, algo: , profile: foot, alternatives: 1, distance0: 168.0129733629177, weight0: 120.96934082130075, time0: 2min, points0: 4, debugInfo: idLookup:7.485E-4s; , algoInit:109 ?s, astarbi|beeline-routing:0 ms, path extraction: 19 ?s, visited nodes sum: 6
2026-01-07 14:59:55.949 [pool-2-thread-11 - GET /route?point=-7.158412350103608,-34.85477507114411&point=-7.158822190473826,-34.85531151294709&profile=vehicle&points_encoded=false] INFO  c.g.h.IllegalArgumentExceptionMapper - bad request: The requested profile 'vehicle' does not exist.
Available profiles: [foot]
java.lang.IllegalArgumentException: The requested profile 'vehicle' does not exist.
Available profiles: [foot]
	at com.graphhopper.http.ProfileResolver.resolveProfile(ProfileResolver.java:46)
	at com.graphhopper.resources.RouteResource.doGet(RouteResource.java:151)
	at java.base/jdk.internal.reflect.NativeMethodAccessorImpl.invoke0(Native Method)
	at java.base/jdk.internal.reflect.NativeMethodAccessorImpl.invoke(NativeMethodAccessorImpl.java:77)
	at java.base/jdk.internal.reflect.DelegatingMethodAccessorImpl.invoke(DelegatingMethodAccessorImpl.java:43)
	at java.base/java.lang.reflect.Method.invoke(Method.java:568)
	at org.glassfish.jersey.server.model.internal.ResourceMethodInvocationHandlerFactory.lambda$static$0(ResourceMethodInvocationHandlerFactory.java:52)
	at org.glassfish.jersey.server.model.internal.AbstractJavaResourceMethodDispatcher$1.run(AbstractJavaResourceMethodDispatcher.java:146)
	at org.glassfish.jersey.server.model.internal.AbstractJavaResourceMethodDispatcher.invoke(AbstractJavaResourceMethodDispatcher.java:189)
	at org.glassfish.jersey.server.model.internal.JavaResourceMethodDispatcherProvider$ResponseOutInvoker.doDispatch(JavaResourceMethodDispatcherProvider.java:176)
	at org.glassfish.jersey.server.model.internal.AbstractJavaResourceMethodDispatcher.dispatch(AbstractJavaResourceMethodDispatcher.java:93)
	at org.glassfish.jersey.server.model.ResourceMethodInvoker.invoke(ResourceMethodInvoker.java:478)
	at org.glassfish.jersey.server.model.ResourceMethodInvoker.apply(ResourceMethodInvoker.java:400)
	at org.glassfish.jersey.server.model.ResourceMethodInvoker.apply(ResourceMethodInvoker.java:81)
	at org.glassfish.jersey.server.ServerRuntime$1.run(ServerRuntime.java:256)
	at org.glassfish.jersey.internal.Errors$1.call(Errors.java:248)
	at org.glassfish.jersey.internal.Errors$1.call(Errors.java:244)
	at org.glassfish.jersey.internal.Errors.process(Errors.java:292)
	at org.glassfish.jersey.internal.Errors.process(Errors.java:274)
	at org.glassfish.jersey.internal.Errors.process(Errors.java:244)
	at org.glassfish.jersey.process.internal.RequestScope.runInScope(RequestScope.java:265)
	at org.glassfish.jersey.server.ServerRuntime.process(ServerRuntime.java:235)
	at org.glassfish.jersey.server.ApplicationHandler.handle(ApplicationHandler.java:684)
	at org.glassfish.jersey.servlet.WebComponent.serviceImpl(WebComponent.java:397)
	at org.glassfish.jersey.servlet.WebComponent.service(WebComponent.java:349)
	at org.glassfish.jersey.servlet.ServletContainer.service(ServletContainer.java:379)
	at org.glassfish.jersey.servlet.ServletContainer.service(ServletContainer.java:312)
	at org.glassfish.jersey.servlet.ServletContainer.service(ServletContainer.java:205)
	at org.eclipse.jetty.servlet.ServletHolder.handle(ServletHolder.java:764)
	at org.eclipse.jetty.servlet.ServletHandler$ChainEnd.doFilter(ServletHandler.java:1665)
	at io.dropwizard.servlets.ThreadNameFilter.doFilter(ThreadNameFilter.java:35)
	at org.eclipse.jetty.servlet.FilterHolder.doFilter(FilterHolder.java:202)
	at org.eclipse.jetty.servlet.ServletHandler$Chain.doFilter(ServletHandler.java:1635)
	at io.dropwizard.jersey.filter.AllowedMethodsFilter.handle(AllowedMethodsFilter.java:46)
	at io.dropwizard.jersey.filter.AllowedMethodsFilter.doFilter(AllowedMethodsFilter.java:40)
	at org.eclipse.jetty.servlet.FilterHolder.doFilter(FilterHolder.java:202)
	at org.eclipse.jetty.servlet.ServletHandler$Chain.doFilter(ServletHandler.java:1635)
	at com.graphhopper.http.CORSFilter.doFilter(CORSFilter.java:36)
	at org.eclipse.jetty.servlet.FilterHolder.doFilter(FilterHolder.java:202)
	at org.eclipse.jetty.servlet.ServletHandler$Chain.doFilter(ServletHandler.java:1635)
	at org.eclipse.jetty.servlet.ServletHandler.doHandle(ServletHandler.java:527)
	at org.eclipse.jetty.server.handler.ScopedHandler.nextHandle(ScopedHandler.java:221)
	at org.eclipse.jetty.server.handler.ContextHandler.doHandle(ContextHandler.java:1384)
	at org.eclipse.jetty.server.handler.ScopedHandler.nextScope(ScopedHandler.java:176)
	at org.eclipse.jetty.servlet.ServletHandler.doScope(ServletHandler.java:484)
	at org.eclipse.jetty.server.handler.ScopedHandler.nextScope(ScopedHandler.java:174)
	at org.eclipse.jetty.server.handler.ContextHandler.doScope(ContextHandler.java:1306)
	at org.eclipse.jetty.server.handler.ScopedHandler.handle(ScopedHandler.java:129)
	at org.eclipse.jetty.server.handler.HandlerWrapper.handle(HandlerWrapper.java:122)
	at io.dropwizard.metrics.jetty10.InstrumentedHandler.handle(InstrumentedHandler.java:314)
	at io.dropwizard.jetty.RoutingHandler.handle(RoutingHandler.java:52)
	at org.eclipse.jetty.server.handler.HandlerWrapper.handle(HandlerWrapper.java:122)
	at org.eclipse.jetty.server.handler.gzip.GzipHandler.handle(GzipHandler.java:822)
	at io.dropwizard.jetty.ZipExceptionHandlingGzipHandler.handle(ZipExceptionHandlingGzipHandler.java:26)
	at org.eclipse.jetty.server.handler.StatisticsHandler.handle(StatisticsHandler.java:173)
	at org.eclipse.jetty.server.handler.HandlerWrapper.handle(HandlerWrapper.java:122)
	at org.eclipse.jetty.server.Server.handle(Server.java:563)
	at org.eclipse.jetty.server.HttpChannel$RequestDispatchable.dispatch(HttpChannel.java:1598)
	at org.eclipse.jetty.server.HttpChannel.dispatch(HttpChannel.java:753)
	at org.eclipse.jetty.server.HttpChannel.handle(HttpChannel.java:501)
	at org.eclipse.jetty.server.HttpConnection.onFillable(HttpConnection.java:287)
	at org.eclipse.jetty.io.AbstractConnection$ReadCallback.succeeded(AbstractConnection.java:314)
	at org.eclipse.jetty.io.FillInterest.fillable(FillInterest.java:100)
	at org.eclipse.jetty.io.SelectableChannelEndPoint$1.run(SelectableChannelEndPoint.java:53)
	at org.eclipse.jetty.util.thread.strategy.AdaptiveExecutionStrategy.runTask(AdaptiveExecutionStrategy.java:421)
	at org.eclipse.jetty.util.thread.strategy.AdaptiveExecutionStrategy.consumeTask(AdaptiveExecutionStrategy.java:390)
	at org.eclipse.jetty.util.thread.strategy.AdaptiveExecutionStrategy.tryProduce(AdaptiveExecutionStrategy.java:277)
	at org.eclipse.jetty.util.thread.strategy.AdaptiveExecutionStrategy.run(AdaptiveExecutionStrategy.java:199)
	at org.eclipse.jetty.util.thread.ReservedThreadExecutor$ReservedThread.run(ReservedThreadExecutor.java:411)
	at org.eclipse.jetty.util.thread.QueuedThreadPool.runJob(QueuedThreadPool.java:969)
	at org.eclipse.jetty.util.thread.QueuedThreadPool$Runner.doRunJob(QueuedThreadPool.java:1194)
	at org.eclipse.jetty.util.thread.QueuedThreadPool$Runner.run(QueuedThreadPool.java:1149)
	at java.base/java.lang.Thread.run(Thread.java:842)
2026-01-07 14:59:57.600 [pool-2-thread-3 - GET /route?point=-7.159029771819571,-34.854936003685005&point=-7.158603963829029,-34.85474824905396&profile=vehicle&points_encoded=false] INFO  c.g.h.IllegalArgumentExceptionMapper - bad request: The requested profile 'vehicle' does not exist.
Available profiles: [foot]
java.lang.IllegalArgumentException: The requested profile 'vehicle' does not exist.
Available profiles: [foot]
	at com.graphhopper.http.ProfileResolver.resolveProfile(ProfileResolver.java:46)
	at com.graphhopper.resources.RouteResource.doGet(RouteResource.java:151)
	at java.base/jdk.internal.reflect.NativeMethodAccessorImpl.invoke0(Native Method)
	at java.base/jdk.internal.reflect.NativeMethodAccessorImpl.invoke(NativeMethodAccessorImpl.java:77)
	at java.base/jdk.internal.reflect.DelegatingMethodAccessorImpl.invoke(DelegatingMethodAccessorImpl.java:43)
	at java.base/java.lang.reflect.Method.invoke(Method.java:568)
	at org.glassfish.jersey.server.model.internal.ResourceMethodInvocationHandlerFactory.lambda$static$0(ResourceMethodInvocationHandlerFactory.java:52)
	at org.glassfish.jersey.server.model.internal.AbstractJavaResourceMethodDispatcher$1.run(AbstractJavaResourceMethodDispatcher.java:146)
	at org.glassfish.jersey.server.model.internal.AbstractJavaResourceMethodDispatcher.invoke(AbstractJavaResourceMethodDispatcher.java:189)
	at org.glassfish.jersey.server.model.internal.JavaResourceMethodDispatcherProvider$ResponseOutInvoker.doDispatch(JavaResourceMethodDispatcherProvider.java:176)
	at org.glassfish.jersey.server.model.internal.AbstractJavaResourceMethodDispatcher.dispatch(AbstractJavaResourceMethodDispatcher.java:93)
	at org.glassfish.jersey.server.model.ResourceMethodInvoker.invoke(ResourceMethodInvoker.java:478)
	at org.glassfish.jersey.server.model.ResourceMethodInvoker.apply(ResourceMethodInvoker.java:400)
	at org.glassfish.jersey.server.model.ResourceMethodInvoker.apply(ResourceMethodInvoker.java:81)
	at org.glassfish.jersey.server.ServerRuntime$1.run(ServerRuntime.java:256)
	at org.glassfish.jersey.internal.Errors$1.call(Errors.java:248)
	at org.glassfish.jersey.internal.Errors$1.call(Errors.java:244)
	at org.glassfish.jersey.internal.Errors.process(Errors.java:292)
	at org.glassfish.jersey.internal.Errors.process(Errors.java:274)
	at org.glassfish.jersey.internal.Errors.process(Errors.java:244)
	at org.glassfish.jersey.process.internal.RequestScope.runInScope(RequestScope.java:265)
	at org.glassfish.jersey.server.ServerRuntime.process(ServerRuntime.java:235)
	at org.glassfish.jersey.server.ApplicationHandler.handle(ApplicationHandler.java:684)
	at org.glassfish.jersey.servlet.WebComponent.serviceImpl(WebComponent.java:397)
	at org.glassfish.jersey.servlet.WebComponent.service(WebComponent.java:349)
	at org.glassfish.jersey.servlet.ServletContainer.service(ServletContainer.java:379)
	at org.glassfish.jersey.servlet.ServletContainer.service(ServletContainer.java:312)
	at org.glassfish.jersey.servlet.ServletContainer.service(ServletContainer.java:205)
	at org.eclipse.jetty.servlet.ServletHolder.handle(ServletHolder.java:764)
	at org.eclipse.jetty.servlet.ServletHandler$ChainEnd.doFilter(ServletHandler.java:1665)
	at io.dropwizard.servlets.ThreadNameFilter.doFilter(ThreadNameFilter.java:35)
	at org.eclipse.jetty.servlet.FilterHolder.doFilter(FilterHolder.java:202)
	at org.eclipse.jetty.servlet.ServletHandler$Chain.doFilter(ServletHandler.java:1635)
	at io.dropwizard.jersey.filter.AllowedMethodsFilter.handle(AllowedMethodsFilter.java:46)
	at io.dropwizard.jersey.filter.AllowedMethodsFilter.doFilter(AllowedMethodsFilter.java:40)
	at org.eclipse.jetty.servlet.FilterHolder.doFilter(FilterHolder.java:202)
	at org.eclipse.jetty.servlet.ServletHandler$Chain.doFilter(ServletHandler.java:1635)
	at com.graphhopper.http.CORSFilter.doFilter(CORSFilter.java:36)
	at org.eclipse.jetty.servlet.FilterHolder.doFilter(FilterHolder.java:202)
	at org.eclipse.jetty.servlet.ServletHandler$Chain.doFilter(ServletHandler.java:1635)
	at org.eclipse.jetty.servlet.ServletHandler.doHandle(ServletHandler.java:527)
	at org.eclipse.jetty.server.handler.ScopedHandler.nextHandle(ScopedHandler.java:221)
	at org.eclipse.jetty.server.handler.ContextHandler.doHandle(ContextHandler.java:1384)
	at org.eclipse.jetty.server.handler.ScopedHandler.nextScope(ScopedHandler.java:176)
	at org.eclipse.jetty.servlet.ServletHandler.doScope(ServletHandler.java:484)
	at org.eclipse.jetty.server.handler.ScopedHandler.nextScope(ScopedHandler.java:174)
	at org.eclipse.jetty.server.handler.ContextHandler.doScope(ContextHandler.java:1306)
	at org.eclipse.jetty.server.handler.ScopedHandler.handle(ScopedHandler.java:129)
	at org.eclipse.jetty.server.handler.HandlerWrapper.handle(HandlerWrapper.java:122)
	at io.dropwizard.metrics.jetty10.InstrumentedHandler.handle(InstrumentedHandler.java:314)
	at io.dropwizard.jetty.RoutingHandler.handle(RoutingHandler.java:52)
	at org.eclipse.jetty.server.handler.HandlerWrapper.handle(HandlerWrapper.java:122)
	at org.eclipse.jetty.server.handler.gzip.GzipHandler.handle(GzipHandler.java:822)
	at io.dropwizard.jetty.ZipExceptionHandlingGzipHandler.handle(ZipExceptionHandlingGzipHandler.java:26)
	at org.eclipse.jetty.server.handler.StatisticsHandler.handle(StatisticsHandler.java:173)
	at org.eclipse.jetty.server.handler.HandlerWrapper.handle(HandlerWrapper.java:122)
	at org.eclipse.jetty.server.Server.handle(Server.java:563)
	at org.eclipse.jetty.server.HttpChannel$RequestDispatchable.dispatch(HttpChannel.java:1598)
	at org.eclipse.jetty.server.HttpChannel.dispatch(HttpChannel.java:753)
	at org.eclipse.jetty.server.HttpChannel.handle(HttpChannel.java:501)
	at org.eclipse.jetty.server.HttpConnection.onFillable(HttpConnection.java:287)
	at org.eclipse.jetty.io.AbstractConnection$ReadCallback.succeeded(AbstractConnection.java:314)
	at org.eclipse.jetty.io.FillInterest.fillable(FillInterest.java:100)
	at org.eclipse.jetty.io.SelectableChannelEndPoint$1.run(SelectableChannelEndPoint.java:53)
	at org.eclipse.jetty.util.thread.strategy.AdaptiveExecutionStrategy.runTask(AdaptiveExecutionStrategy.java:421)
	at org.eclipse.jetty.util.thread.strategy.AdaptiveExecutionStrategy.consumeTask(AdaptiveExecutionStrategy.java:390)
	at org.eclipse.jetty.util.thread.strategy.AdaptiveExecutionStrategy.tryProduce(AdaptiveExecutionStrategy.java:277)
	at org.eclipse.jetty.util.thread.strategy.AdaptiveExecutionStrategy.run(AdaptiveExecutionStrategy.java:199)
	at org.eclipse.jetty.util.thread.ReservedThreadExecutor$ReservedThread.run(ReservedThreadExecutor.java:411)
	at org.eclipse.jetty.util.thread.QueuedThreadPool.runJob(QueuedThreadPool.java:969)
	at org.eclipse.jetty.util.thread.QueuedThreadPool$Runner.doRunJob(QueuedThreadPool.java:1194)
	at org.eclipse.jetty.util.thread.QueuedThreadPool$Runner.run(QueuedThreadPool.java:1149)
	at java.base/java.lang.Thread.run(Thread.java:842)
2026-01-07 15:00:07.950 [pool-2-thread-4 - GET /route?point=-7.158364446659689,-34.85482335090638&point=-7.159019126624651,-34.85581040382386&profile=foot&points_encoded=false] INFO  c.g.resources.RouteResource - 127.0.0.1 * node [-7.158364446659689,-34.85482335090638, -7.159019126624651,-34.85581040382386], took: 1,4ms, algo: , profile: foot, alternatives: 1, distance0: 187.5166143096015, weight0: 135.0119623029131, time0: 2min, points0: 4, debugInfo: idLookup:3.924E-4s; , algoInit:134 ?s, astarbi|beeline-routing:0 ms, path extraction: 18 ?s, visited nodes sum: 8
2026-01-07 15:02:54.330 [pool-2-thread-11 - GET /route?point=-7.158965900646324,-34.8554939031601&point=-7.158407027498986,-34.85480725765229&profile=vehicle&points_encoded=false] INFO  c.g.h.IllegalArgumentExceptionMapper - bad request: The requested profile 'vehicle' does not exist.
Available profiles: [foot]
java.lang.IllegalArgumentException: The requested profile 'vehicle' does not exist.
Available profiles: [foot]
	at com.graphhopper.http.ProfileResolver.resolveProfile(ProfileResolver.java:46)
	at com.graphhopper.resources.RouteResource.doGet(RouteResource.java:151)
	at java.base/jdk.internal.reflect.NativeMethodAccessorImpl.invoke0(Native Method)
	at java.base/jdk.internal.reflect.NativeMethodAccessorImpl.invoke(NativeMethodAccessorImpl.java:77)
	at java.base/jdk.internal.reflect.DelegatingMethodAccessorImpl.invoke(DelegatingMethodAccessorImpl.java:43)
	at java.base/java.lang.reflect.Method.invoke(Method.java:568)
	at org.glassfish.jersey.server.model.internal.ResourceMethodInvocationHandlerFactory.lambda$static$0(ResourceMethodInvocationHandlerFactory.java:52)
	at org.glassfish.jersey.server.model.internal.AbstractJavaResourceMethodDispatcher$1.run(AbstractJavaResourceMethodDispatcher.java:146)
	at org.glassfish.jersey.server.model.internal.AbstractJavaResourceMethodDispatcher.invoke(AbstractJavaResourceMethodDispatcher.java:189)
	at org.glassfish.jersey.server.model.internal.JavaResourceMethodDispatcherProvider$ResponseOutInvoker.doDispatch(JavaResourceMethodDispatcherProvider.java:176)
	at org.glassfish.jersey.server.model.internal.AbstractJavaResourceMethodDispatcher.dispatch(AbstractJavaResourceMethodDispatcher.java:93)
	at org.glassfish.jersey.server.model.ResourceMethodInvoker.invoke(ResourceMethodInvoker.java:478)
	at org.glassfish.jersey.server.model.ResourceMethodInvoker.apply(ResourceMethodInvoker.java:400)
	at org.glassfish.jersey.server.model.ResourceMethodInvoker.apply(ResourceMethodInvoker.java:81)
	at org.glassfish.jersey.server.ServerRuntime$1.run(ServerRuntime.java:256)
	at org.glassfish.jersey.internal.Errors$1.call(Errors.java:248)
	at org.glassfish.jersey.internal.Errors$1.call(Errors.java:244)
	at org.glassfish.jersey.internal.Errors.process(Errors.java:292)
	at org.glassfish.jersey.internal.Errors.process(Errors.java:274)
	at org.glassfish.jersey.internal.Errors.process(Errors.java:244)
	at org.glassfish.jersey.process.internal.RequestScope.runInScope(RequestScope.java:265)
	at org.glassfish.jersey.server.ServerRuntime.process(ServerRuntime.java:235)
	at org.glassfish.jersey.server.ApplicationHandler.handle(ApplicationHandler.java:684)
	at org.glassfish.jersey.servlet.WebComponent.serviceImpl(WebComponent.java:397)
	at org.glassfish.jersey.servlet.WebComponent.service(WebComponent.java:349)
	at org.glassfish.jersey.servlet.ServletContainer.service(ServletContainer.java:379)
	at org.glassfish.jersey.servlet.ServletContainer.service(ServletContainer.java:312)
	at org.glassfish.jersey.servlet.ServletContainer.service(ServletContainer.java:205)
	at org.eclipse.jetty.servlet.ServletHolder.handle(ServletHolder.java:764)
	at org.eclipse.jetty.servlet.ServletHandler$ChainEnd.doFilter(ServletHandler.java:1665)
	at io.dropwizard.servlets.ThreadNameFilter.doFilter(ThreadNameFilter.java:35)
	at org.eclipse.jetty.servlet.FilterHolder.doFilter(FilterHolder.java:202)
	at org.eclipse.jetty.servlet.ServletHandler$Chain.doFilter(ServletHandler.java:1635)
	at io.dropwizard.jersey.filter.AllowedMethodsFilter.handle(AllowedMethodsFilter.java:46)
	at io.dropwizard.jersey.filter.AllowedMethodsFilter.doFilter(AllowedMethodsFilter.java:40)
	at org.eclipse.jetty.servlet.FilterHolder.doFilter(FilterHolder.java:202)
	at org.eclipse.jetty.servlet.ServletHandler$Chain.doFilter(ServletHandler.java:1635)
	at com.graphhopper.http.CORSFilter.doFilter(CORSFilter.java:36)
	at org.eclipse.jetty.servlet.FilterHolder.doFilter(FilterHolder.java:202)
	at org.eclipse.jetty.servlet.ServletHandler$Chain.doFilter(ServletHandler.java:1635)
	at org.eclipse.jetty.servlet.ServletHandler.doHandle(ServletHandler.java:527)
	at org.eclipse.jetty.server.handler.ScopedHandler.nextHandle(ScopedHandler.java:221)
	at org.eclipse.jetty.server.handler.ContextHandler.doHandle(ContextHandler.java:1384)
	at org.eclipse.jetty.server.handler.ScopedHandler.nextScope(ScopedHandler.java:176)
	at org.eclipse.jetty.servlet.ServletHandler.doScope(ServletHandler.java:484)
	at org.eclipse.jetty.server.handler.ScopedHandler.nextScope(ScopedHandler.java:174)
	at org.eclipse.jetty.server.handler.ContextHandler.doScope(ContextHandler.java:1306)
	at org.eclipse.jetty.server.handler.ScopedHandler.handle(ScopedHandler.java:129)
	at org.eclipse.jetty.server.handler.HandlerWrapper.handle(HandlerWrapper.java:122)
	at io.dropwizard.metrics.jetty10.InstrumentedHandler.handle(InstrumentedHandler.java:314)
	at io.dropwizard.jetty.RoutingHandler.handle(RoutingHandler.java:52)
	at org.eclipse.jetty.server.handler.HandlerWrapper.handle(HandlerWrapper.java:122)
	at org.eclipse.jetty.server.handler.gzip.GzipHandler.handle(GzipHandler.java:822)
	at io.dropwizard.jetty.ZipExceptionHandlingGzipHandler.handle(ZipExceptionHandlingGzipHandler.java:26)
	at org.eclipse.jetty.server.handler.StatisticsHandler.handle(StatisticsHandler.java:173)
	at org.eclipse.jetty.server.handler.HandlerWrapper.handle(HandlerWrapper.java:122)
	at org.eclipse.jetty.server.Server.handle(Server.java:563)
	at org.eclipse.jetty.server.HttpChannel$RequestDispatchable.dispatch(HttpChannel.java:1598)
	at org.eclipse.jetty.server.HttpChannel.dispatch(HttpChannel.java:753)
	at org.eclipse.jetty.server.HttpChannel.handle(HttpChannel.java:501)
	at org.eclipse.jetty.server.HttpConnection.onFillable(HttpConnection.java:287)
	at org.eclipse.jetty.io.AbstractConnection$ReadCallback.succeeded(AbstractConnection.java:314)
	at org.eclipse.jetty.io.FillInterest.fillable(FillInterest.java:100)
	at org.eclipse.jetty.io.SelectableChannelEndPoint$1.run(SelectableChannelEndPoint.java:53)
	at org.eclipse.jetty.util.thread.QueuedThreadPool.runJob(QueuedThreadPool.java:969)
	at org.eclipse.jetty.util.thread.QueuedThreadPool$Runner.doRunJob(QueuedThreadPool.java:1194)
	at org.eclipse.jetty.util.thread.QueuedThreadPool$Runner.run(QueuedThreadPool.java:1149)
	at java.base/java.lang.Thread.run(Thread.java:842)
2026-01-07 15:03:04.826 [pool-2-thread-6 - GET /route?point=-7.158502834372866,-34.85480189323426&point=-7.159008481429477,-34.85550463199616&profile=footway&points_encoded=false] INFO  c.g.h.IllegalArgumentExceptionMapper - bad request: The requested profile 'footway' does not exist.
Available profiles: [foot]
java.lang.IllegalArgumentException: The requested profile 'footway' does not exist.
Available profiles: [foot]
	at com.graphhopper.http.ProfileResolver.resolveProfile(ProfileResolver.java:46)
	at com.graphhopper.resources.RouteResource.doGet(RouteResource.java:151)
	at java.base/jdk.internal.reflect.NativeMethodAccessorImpl.invoke0(Native Method)
	at java.base/jdk.internal.reflect.NativeMethodAccessorImpl.invoke(NativeMethodAccessorImpl.java:77)
	at java.base/jdk.internal.reflect.DelegatingMethodAccessorImpl.invoke(DelegatingMethodAccessorImpl.java:43)
	at java.base/java.lang.reflect.Method.invoke(Method.java:568)
	at org.glassfish.jersey.server.model.internal.ResourceMethodInvocationHandlerFactory.lambda$static$0(ResourceMethodInvocationHandlerFactory.java:52)
	at org.glassfish.jersey.server.model.internal.AbstractJavaResourceMethodDispatcher$1.run(AbstractJavaResourceMethodDispatcher.java:146)
	at org.glassfish.jersey.server.model.internal.AbstractJavaResourceMethodDispatcher.invoke(AbstractJavaResourceMethodDispatcher.java:189)
	at org.glassfish.jersey.server.model.internal.JavaResourceMethodDispatcherProvider$ResponseOutInvoker.doDispatch(JavaResourceMethodDispatcherProvider.java:176)
	at org.glassfish.jersey.server.model.internal.AbstractJavaResourceMethodDispatcher.dispatch(AbstractJavaResourceMethodDispatcher.java:93)
	at org.glassfish.jersey.server.model.ResourceMethodInvoker.invoke(ResourceMethodInvoker.java:478)
	at org.glassfish.jersey.server.model.ResourceMethodInvoker.apply(ResourceMethodInvoker.java:400)
	at org.glassfish.jersey.server.model.ResourceMethodInvoker.apply(ResourceMethodInvoker.java:81)
	at org.glassfish.jersey.server.ServerRuntime$1.run(ServerRuntime.java:256)
	at org.glassfish.jersey.internal.Errors$1.call(Errors.java:248)
	at org.glassfish.jersey.internal.Errors$1.call(Errors.java:244)
	at org.glassfish.jersey.internal.Errors.process(Errors.java:292)
	at org.glassfish.jersey.internal.Errors.process(Errors.java:274)
	at org.glassfish.jersey.internal.Errors.process(Errors.java:244)
	at org.glassfish.jersey.process.internal.RequestScope.runInScope(RequestScope.java:265)
	at org.glassfish.jersey.server.ServerRuntime.process(ServerRuntime.java:235)
	at org.glassfish.jersey.server.ApplicationHandler.handle(ApplicationHandler.java:684)
	at org.glassfish.jersey.servlet.WebComponent.serviceImpl(WebComponent.java:397)
	at org.glassfish.jersey.servlet.WebComponent.service(WebComponent.java:349)
	at org.glassfish.jersey.servlet.ServletContainer.service(ServletContainer.java:379)
	at org.glassfish.jersey.servlet.ServletContainer.service(ServletContainer.java:312)
	at org.glassfish.jersey.servlet.ServletContainer.service(ServletContainer.java:205)
	at org.eclipse.jetty.servlet.ServletHolder.handle(ServletHolder.java:764)
	at org.eclipse.jetty.servlet.ServletHandler$ChainEnd.doFilter(ServletHandler.java:1665)
	at io.dropwizard.servlets.ThreadNameFilter.doFilter(ThreadNameFilter.java:35)
	at org.eclipse.jetty.servlet.FilterHolder.doFilter(FilterHolder.java:202)
	at org.eclipse.jetty.servlet.ServletHandler$Chain.doFilter(ServletHandler.java:1635)
	at io.dropwizard.jersey.filter.AllowedMethodsFilter.handle(AllowedMethodsFilter.java:46)
	at io.dropwizard.jersey.filter.AllowedMethodsFilter.doFilter(AllowedMethodsFilter.java:40)
	at org.eclipse.jetty.servlet.FilterHolder.doFilter(FilterHolder.java:202)
	at org.eclipse.jetty.servlet.ServletHandler$Chain.doFilter(ServletHandler.java:1635)
	at com.graphhopper.http.CORSFilter.doFilter(CORSFilter.java:36)
	at org.eclipse.jetty.servlet.FilterHolder.doFilter(FilterHolder.java:202)
	at org.eclipse.jetty.servlet.ServletHandler$Chain.doFilter(ServletHandler.java:1635)
	at org.eclipse.jetty.servlet.ServletHandler.doHandle(ServletHandler.java:527)
	at org.eclipse.jetty.server.handler.ScopedHandler.nextHandle(ScopedHandler.java:221)
	at org.eclipse.jetty.server.handler.ContextHandler.doHandle(ContextHandler.java:1384)
	at org.eclipse.jetty.server.handler.ScopedHandler.nextScope(ScopedHandler.java:176)
	at org.eclipse.jetty.servlet.ServletHandler.doScope(ServletHandler.java:484)
	at org.eclipse.jetty.server.handler.ScopedHandler.nextScope(ScopedHandler.java:174)
	at org.eclipse.jetty.server.handler.ContextHandler.doScope(ContextHandler.java:1306)
	at org.eclipse.jetty.server.handler.ScopedHandler.handle(ScopedHandler.java:129)
	at org.eclipse.jetty.server.handler.HandlerWrapper.handle(HandlerWrapper.java:122)
	at io.dropwizard.metrics.jetty10.InstrumentedHandler.handle(InstrumentedHandler.java:314)
	at io.dropwizard.jetty.RoutingHandler.handle(RoutingHandler.java:52)
	at org.eclipse.jetty.server.handler.HandlerWrapper.handle(HandlerWrapper.java:122)
	at org.eclipse.jetty.server.handler.gzip.GzipHandler.handle(GzipHandler.java:822)
	at io.dropwizard.jetty.ZipExceptionHandlingGzipHandler.handle(ZipExceptionHandlingGzipHandler.java:26)
	at org.eclipse.jetty.server.handler.StatisticsHandler.handle(StatisticsHandler.java:173)
	at org.eclipse.jetty.server.handler.HandlerWrapper.handle(HandlerWrapper.java:122)
	at org.eclipse.jetty.server.Server.handle(Server.java:563)
	at org.eclipse.jetty.server.HttpChannel$RequestDispatchable.dispatch(HttpChannel.java:1598)
	at org.eclipse.jetty.server.HttpChannel.dispatch(HttpChannel.java:753)
	at org.eclipse.jetty.server.HttpChannel.handle(HttpChannel.java:501)
	at org.eclipse.jetty.server.HttpConnection.onFillable(HttpConnection.java:287)
	at org.eclipse.jetty.io.AbstractConnection$ReadCallback.succeeded(AbstractConnection.java:314)
	at org.eclipse.jetty.io.FillInterest.fillable(FillInterest.java:100)
	at org.eclipse.jetty.io.SelectableChannelEndPoint$1.run(SelectableChannelEndPoint.java:53)
	at org.eclipse.jetty.util.thread.strategy.AdaptiveExecutionStrategy.runTask(AdaptiveExecutionStrategy.java:421)
	at org.eclipse.jetty.util.thread.strategy.AdaptiveExecutionStrategy.consumeTask(AdaptiveExecutionStrategy.java:390)
	at org.eclipse.jetty.util.thread.strategy.AdaptiveExecutionStrategy.tryProduce(AdaptiveExecutionStrategy.java:277)
	at org.eclipse.jetty.util.thread.strategy.AdaptiveExecutionStrategy.produce(AdaptiveExecutionStrategy.java:193)
	at org.eclipse.jetty.util.thread.QueuedThreadPool.runJob(QueuedThreadPool.java:969)
	at org.eclipse.jetty.util.thread.QueuedThreadPool$Runner.doRunJob(QueuedThreadPool.java:1194)
	at org.eclipse.jetty.util.thread.QueuedThreadPool$Runner.run(QueuedThreadPool.java:1149)
	at java.base/java.lang.Thread.run(Thread.java:842)
2026-01-07 15:03:06.704 [pool-2-thread-11 - GET /route?point=-7.15876364187206,-34.85477507114411&point=-7.158715738465011,-34.85474288463593&profile=footway&points_encoded=false] INFO  c.g.h.IllegalArgumentExceptionMapper - bad request: The requested profile 'footway' does not exist.
Available profiles: [foot]
java.lang.IllegalArgumentException: The requested profile 'footway' does not exist.
Available profiles: [foot]
	at com.graphhopper.http.ProfileResolver.resolveProfile(ProfileResolver.java:46)
	at com.graphhopper.resources.RouteResource.doGet(RouteResource.java:151)
	at java.base/jdk.internal.reflect.NativeMethodAccessorImpl.invoke0(Native Method)
	at java.base/jdk.internal.reflect.NativeMethodAccessorImpl.invoke(NativeMethodAccessorImpl.java:77)
	at java.base/jdk.internal.reflect.DelegatingMethodAccessorImpl.invoke(DelegatingMethodAccessorImpl.java:43)
	at java.base/java.lang.reflect.Method.invoke(Method.java:568)
	at org.glassfish.jersey.server.model.internal.ResourceMethodInvocationHandlerFactory.lambda$static$0(ResourceMethodInvocationHandlerFactory.java:52)
	at org.glassfish.jersey.server.model.internal.AbstractJavaResourceMethodDispatcher$1.run(AbstractJavaResourceMethodDispatcher.java:146)
	at org.glassfish.jersey.server.model.internal.AbstractJavaResourceMethodDispatcher.invoke(AbstractJavaResourceMethodDispatcher.java:189)
	at org.glassfish.jersey.server.model.internal.JavaResourceMethodDispatcherProvider$ResponseOutInvoker.doDispatch(JavaResourceMethodDispatcherProvider.java:176)
	at org.glassfish.jersey.server.model.internal.AbstractJavaResourceMethodDispatcher.dispatch(AbstractJavaResourceMethodDispatcher.java:93)
	at org.glassfish.jersey.server.model.ResourceMethodInvoker.invoke(ResourceMethodInvoker.java:478)
	at org.glassfish.jersey.server.model.ResourceMethodInvoker.apply(ResourceMethodInvoker.java:400)
	at org.glassfish.jersey.server.model.ResourceMethodInvoker.apply(ResourceMethodInvoker.java:81)
	at org.glassfish.jersey.server.ServerRuntime$1.run(ServerRuntime.java:256)
	at org.glassfish.jersey.internal.Errors$1.call(Errors.java:248)
	at org.glassfish.jersey.internal.Errors$1.call(Errors.java:244)
	at org.glassfish.jersey.internal.Errors.process(Errors.java:292)
	at org.glassfish.jersey.internal.Errors.process(Errors.java:274)
	at org.glassfish.jersey.internal.Errors.process(Errors.java:244)
	at org.glassfish.jersey.process.internal.RequestScope.runInScope(RequestScope.java:265)
	at org.glassfish.jersey.server.ServerRuntime.process(ServerRuntime.java:235)
	at org.glassfish.jersey.server.ApplicationHandler.handle(ApplicationHandler.java:684)
	at org.glassfish.jersey.servlet.WebComponent.serviceImpl(WebComponent.java:397)
	at org.glassfish.jersey.servlet.WebComponent.service(WebComponent.java:349)
	at org.glassfish.jersey.servlet.ServletContainer.service(ServletContainer.java:379)
	at org.glassfish.jersey.servlet.ServletContainer.service(ServletContainer.java:312)
	at org.glassfish.jersey.servlet.ServletContainer.service(ServletContainer.java:205)
	at org.eclipse.jetty.servlet.ServletHolder.handle(ServletHolder.java:764)
	at org.eclipse.jetty.servlet.ServletHandler$ChainEnd.doFilter(ServletHandler.java:1665)
	at io.dropwizard.servlets.ThreadNameFilter.doFilter(ThreadNameFilter.java:35)
	at org.eclipse.jetty.servlet.FilterHolder.doFilter(FilterHolder.java:202)
	at org.eclipse.jetty.servlet.ServletHandler$Chain.doFilter(ServletHandler.java:1635)
	at io.dropwizard.jersey.filter.AllowedMethodsFilter.handle(AllowedMethodsFilter.java:46)
	at io.dropwizard.jersey.filter.AllowedMethodsFilter.doFilter(AllowedMethodsFilter.java:40)
	at org.eclipse.jetty.servlet.FilterHolder.doFilter(FilterHolder.java:202)
	at org.eclipse.jetty.servlet.ServletHandler$Chain.doFilter(ServletHandler.java:1635)
	at com.graphhopper.http.CORSFilter.doFilter(CORSFilter.java:36)
	at org.eclipse.jetty.servlet.FilterHolder.doFilter(FilterHolder.java:202)
	at org.eclipse.jetty.servlet.ServletHandler$Chain.doFilter(ServletHandler.java:1635)
	at org.eclipse.jetty.servlet.ServletHandler.doHandle(ServletHandler.java:527)
	at org.eclipse.jetty.server.handler.ScopedHandler.nextHandle(ScopedHandler.java:221)
	at org.eclipse.jetty.server.handler.ContextHandler.doHandle(ContextHandler.java:1384)
	at org.eclipse.jetty.server.handler.ScopedHandler.nextScope(ScopedHandler.java:176)
	at org.eclipse.jetty.servlet.ServletHandler.doScope(ServletHandler.java:484)
	at org.eclipse.jetty.server.handler.ScopedHandler.nextScope(ScopedHandler.java:174)
	at org.eclipse.jetty.server.handler.ContextHandler.doScope(ContextHandler.java:1306)
	at org.eclipse.jetty.server.handler.ScopedHandler.handle(ScopedHandler.java:129)
	at org.eclipse.jetty.server.handler.HandlerWrapper.handle(HandlerWrapper.java:122)
	at io.dropwizard.metrics.jetty10.InstrumentedHandler.handle(InstrumentedHandler.java:314)
	at io.dropwizard.jetty.RoutingHandler.handle(RoutingHandler.java:52)
	at org.eclipse.jetty.server.handler.HandlerWrapper.handle(HandlerWrapper.java:122)
	at org.eclipse.jetty.server.handler.gzip.GzipHandler.handle(GzipHandler.java:822)
	at io.dropwizard.jetty.ZipExceptionHandlingGzipHandler.handle(ZipExceptionHandlingGzipHandler.java:26)
	at org.eclipse.jetty.server.handler.StatisticsHandler.handle(StatisticsHandler.java:173)
	at org.eclipse.jetty.server.handler.HandlerWrapper.handle(HandlerWrapper.java:122)
	at org.eclipse.jetty.server.Server.handle(Server.java:563)
	at org.eclipse.jetty.server.HttpChannel$RequestDispatchable.dispatch(HttpChannel.java:1598)
	at org.eclipse.jetty.server.HttpChannel.dispatch(HttpChannel.java:753)
	at org.eclipse.jetty.server.HttpChannel.handle(HttpChannel.java:501)
	at org.eclipse.jetty.server.HttpConnection.onFillable(HttpConnection.java:287)
	at org.eclipse.jetty.io.AbstractConnection$ReadCallback.succeeded(AbstractConnection.java:314)
	at org.eclipse.jetty.io.FillInterest.fillable(FillInterest.java:100)
	at org.eclipse.jetty.io.SelectableChannelEndPoint$1.run(SelectableChannelEndPoint.java:53)
	at org.eclipse.jetty.util.thread.strategy.AdaptiveExecutionStrategy.runTask(AdaptiveExecutionStrategy.java:421)
	at org.eclipse.jetty.util.thread.strategy.AdaptiveExecutionStrategy.consumeTask(AdaptiveExecutionStrategy.java:390)
	at org.eclipse.jetty.util.thread.strategy.AdaptiveExecutionStrategy.tryProduce(AdaptiveExecutionStrategy.java:277)
	at org.eclipse.jetty.util.thread.strategy.AdaptiveExecutionStrategy.run(AdaptiveExecutionStrategy.java:199)
	at org.eclipse.jetty.util.thread.ReservedThreadExecutor$ReservedThread.run(ReservedThreadExecutor.java:411)
	at org.eclipse.jetty.util.thread.QueuedThreadPool.runJob(QueuedThreadPool.java:969)
	at org.eclipse.jetty.util.thread.QueuedThreadPool$Runner.doRunJob(QueuedThreadPool.java:1194)
	at org.eclipse.jetty.util.thread.QueuedThreadPool$Runner.run(QueuedThreadPool.java:1149)
	at java.base/java.lang.Thread.run(Thread.java:842)
2026-01-07 15:11:07.757 [pool-2-thread-16 - GET /route?point=-7.15905106220866,-34.85511302947999&point=-7.15852412478656,-34.85475361347199&profile=pedestrian&points_encoded=false] INFO  c.g.h.IllegalArgumentExceptionMapper - bad request: The requested profile 'pedestrian' does not exist.
Available profiles: [foot]
java.lang.IllegalArgumentException: The requested profile 'pedestrian' does not exist.
Available profiles: [foot]
	at com.graphhopper.http.ProfileResolver.resolveProfile(ProfileResolver.java:46)
	at com.graphhopper.resources.RouteResource.doGet(RouteResource.java:151)
	at java.base/jdk.internal.reflect.NativeMethodAccessorImpl.invoke0(Native Method)
	at java.base/jdk.internal.reflect.NativeMethodAccessorImpl.invoke(NativeMethodAccessorImpl.java:77)
	at java.base/jdk.internal.reflect.DelegatingMethodAccessorImpl.invoke(DelegatingMethodAccessorImpl.java:43)
	at java.base/java.lang.reflect.Method.invoke(Method.java:568)
	at org.glassfish.jersey.server.model.internal.ResourceMethodInvocationHandlerFactory.lambda$static$0(ResourceMethodInvocationHandlerFactory.java:52)
	at org.glassfish.jersey.server.model.internal.AbstractJavaResourceMethodDispatcher$1.run(AbstractJavaResourceMethodDispatcher.java:146)
	at org.glassfish.jersey.server.model.internal.AbstractJavaResourceMethodDispatcher.invoke(AbstractJavaResourceMethodDispatcher.java:189)
	at org.glassfish.jersey.server.model.internal.JavaResourceMethodDispatcherProvider$ResponseOutInvoker.doDispatch(JavaResourceMethodDispatcherProvider.java:176)
	at org.glassfish.jersey.server.model.internal.AbstractJavaResourceMethodDispatcher.dispatch(AbstractJavaResourceMethodDispatcher.java:93)
	at org.glassfish.jersey.server.model.ResourceMethodInvoker.invoke(ResourceMethodInvoker.java:478)
	at org.glassfish.jersey.server.model.ResourceMethodInvoker.apply(ResourceMethodInvoker.java:400)
	at org.glassfish.jersey.server.model.ResourceMethodInvoker.apply(ResourceMethodInvoker.java:81)
	at org.glassfish.jersey.server.ServerRuntime$1.run(ServerRuntime.java:256)
	at org.glassfish.jersey.internal.Errors$1.call(Errors.java:248)
	at org.glassfish.jersey.internal.Errors$1.call(Errors.java:244)
	at org.glassfish.jersey.internal.Errors.process(Errors.java:292)
	at org.glassfish.jersey.internal.Errors.process(Errors.java:274)
	at org.glassfish.jersey.internal.Errors.process(Errors.java:244)
	at org.glassfish.jersey.process.internal.RequestScope.runInScope(RequestScope.java:265)
	at org.glassfish.jersey.server.ServerRuntime.process(ServerRuntime.java:235)
	at org.glassfish.jersey.server.ApplicationHandler.handle(ApplicationHandler.java:684)
	at org.glassfish.jersey.servlet.WebComponent.serviceImpl(WebComponent.java:397)
	at org.glassfish.jersey.servlet.WebComponent.service(WebComponent.java:349)
	at org.glassfish.jersey.servlet.ServletContainer.service(ServletContainer.java:379)
	at org.glassfish.jersey.servlet.ServletContainer.service(ServletContainer.java:312)
	at org.glassfish.jersey.servlet.ServletContainer.service(ServletContainer.java:205)
	at org.eclipse.jetty.servlet.ServletHolder.handle(ServletHolder.java:764)
	at org.eclipse.jetty.servlet.ServletHandler$ChainEnd.doFilter(ServletHandler.java:1665)
	at io.dropwizard.servlets.ThreadNameFilter.doFilter(ThreadNameFilter.java:35)
	at org.eclipse.jetty.servlet.FilterHolder.doFilter(FilterHolder.java:202)
	at org.eclipse.jetty.servlet.ServletHandler$Chain.doFilter(ServletHandler.java:1635)
	at io.dropwizard.jersey.filter.AllowedMethodsFilter.handle(AllowedMethodsFilter.java:46)
	at io.dropwizard.jersey.filter.AllowedMethodsFilter.doFilter(AllowedMethodsFilter.java:40)
	at org.eclipse.jetty.servlet.FilterHolder.doFilter(FilterHolder.java:202)
	at org.eclipse.jetty.servlet.ServletHandler$Chain.doFilter(ServletHandler.java:1635)
	at com.graphhopper.http.CORSFilter.doFilter(CORSFilter.java:36)
	at org.eclipse.jetty.servlet.FilterHolder.doFilter(FilterHolder.java:202)
	at org.eclipse.jetty.servlet.ServletHandler$Chain.doFilter(ServletHandler.java:1635)
	at org.eclipse.jetty.servlet.ServletHandler.doHandle(ServletHandler.java:527)
	at org.eclipse.jetty.server.handler.ScopedHandler.nextHandle(ScopedHandler.java:221)
	at org.eclipse.jetty.server.handler.ContextHandler.doHandle(ContextHandler.java:1384)
	at org.eclipse.jetty.server.handler.ScopedHandler.nextScope(ScopedHandler.java:176)
	at org.eclipse.jetty.servlet.ServletHandler.doScope(ServletHandler.java:484)
	at org.eclipse.jetty.server.handler.ScopedHandler.nextScope(ScopedHandler.java:174)
	at org.eclipse.jetty.server.handler.ContextHandler.doScope(ContextHandler.java:1306)
	at org.eclipse.jetty.server.handler.ScopedHandler.handle(ScopedHandler.java:129)
	at org.eclipse.jetty.server.handler.HandlerWrapper.handle(HandlerWrapper.java:122)
	at io.dropwizard.metrics.jetty10.InstrumentedHandler.handle(InstrumentedHandler.java:314)
	at io.dropwizard.jetty.RoutingHandler.handle(RoutingHandler.java:52)
	at org.eclipse.jetty.server.handler.HandlerWrapper.handle(HandlerWrapper.java:122)
	at org.eclipse.jetty.server.handler.gzip.GzipHandler.handle(GzipHandler.java:822)
	at io.dropwizard.jetty.ZipExceptionHandlingGzipHandler.handle(ZipExceptionHandlingGzipHandler.java:26)
	at org.eclipse.jetty.server.handler.StatisticsHandler.handle(StatisticsHandler.java:173)
	at org.eclipse.jetty.server.handler.HandlerWrapper.handle(HandlerWrapper.java:122)
	at org.eclipse.jetty.server.Server.handle(Server.java:563)
	at org.eclipse.jetty.server.HttpChannel$RequestDispatchable.dispatch(HttpChannel.java:1598)
	at org.eclipse.jetty.server.HttpChannel.dispatch(HttpChannel.java:753)
	at org.eclipse.jetty.server.HttpChannel.handle(HttpChannel.java:501)
	at org.eclipse.jetty.server.HttpConnection.onFillable(HttpConnection.java:287)
	at org.eclipse.jetty.io.AbstractConnection$ReadCallback.succeeded(AbstractConnection.java:314)
	at org.eclipse.jetty.io.FillInterest.fillable(FillInterest.java:100)
	at org.eclipse.jetty.io.SelectableChannelEndPoint$1.run(SelectableChannelEndPoint.java:53)
	at org.eclipse.jetty.util.thread.QueuedThreadPool.runJob(QueuedThreadPool.java:969)
	at org.eclipse.jetty.util.thread.QueuedThreadPool$Runner.doRunJob(QueuedThreadPool.java:1194)
	at org.eclipse.jetty.util.thread.QueuedThreadPool$Runner.run(QueuedThreadPool.java:1149)
	at java.base/java.lang.Thread.run(Thread.java:842)
2026-01-07 15:11:14.376 [pool-2-thread-8 - GET /route?point=-7.159146868947291,-34.85525786876679&point=-7.158492189165656,-34.854662418365486&profile=foot&points_encoded=false] INFO  c.g.resources.RouteResource - 127.0.0.1 * node [-7.159146868947291,-34.85525786876679, -7.158492189165656,-34.854662418365486], took: 2,9ms, algo: , profile: foot, alternatives: 1, distance0: 118.9482041314935, weight0: 85.64270697467532, time0: 1min, points0: 3, debugInfo: idLookup:6.829E-4s; , algoInit:116 ?s, astarbi|beeline-routing:1 ms, path extraction: 16 ?s, visited nodes sum: 4
2026-01-07 15:12:36.807 [pool-2-thread-16 - GET /route?point=-7.159003158831801,-34.85481798648835&point=-7.158385737079834,-34.854699969291694&profile=pedestrsssian&points_encoded=false] INFO  c.g.h.IllegalArgumentExceptionMapper - bad request: The requested profile 'pedestrsssian' does not exist.
Available profiles: [foot]
java.lang.IllegalArgumentException: The requested profile 'pedestrsssian' does not exist.
Available profiles: [foot]
	at com.graphhopper.http.ProfileResolver.resolveProfile(ProfileResolver.java:46)
	at com.graphhopper.resources.RouteResource.doGet(RouteResource.java:151)
	at java.base/jdk.internal.reflect.NativeMethodAccessorImpl.invoke0(Native Method)
	at java.base/jdk.internal.reflect.NativeMethodAccessorImpl.invoke(NativeMethodAccessorImpl.java:77)
	at java.base/jdk.internal.reflect.DelegatingMethodAccessorImpl.invoke(DelegatingMethodAccessorImpl.java:43)
	at java.base/java.lang.reflect.Method.invoke(Method.java:568)
	at org.glassfish.jersey.server.model.internal.ResourceMethodInvocationHandlerFactory.lambda$static$0(ResourceMethodInvocationHandlerFactory.java:52)
	at org.glassfish.jersey.server.model.internal.AbstractJavaResourceMethodDispatcher$1.run(AbstractJavaResourceMethodDispatcher.java:146)
	at org.glassfish.jersey.server.model.internal.AbstractJavaResourceMethodDispatcher.invoke(AbstractJavaResourceMethodDispatcher.java:189)
	at org.glassfish.jersey.server.model.internal.JavaResourceMethodDispatcherProvider$ResponseOutInvoker.doDispatch(JavaResourceMethodDispatcherProvider.java:176)
	at org.glassfish.jersey.server.model.internal.AbstractJavaResourceMethodDispatcher.dispatch(AbstractJavaResourceMethodDispatcher.java:93)
	at org.glassfish.jersey.server.model.ResourceMethodInvoker.invoke(ResourceMethodInvoker.java:478)
	at org.glassfish.jersey.server.model.ResourceMethodInvoker.apply(ResourceMethodInvoker.java:400)
	at org.glassfish.jersey.server.model.ResourceMethodInvoker.apply(ResourceMethodInvoker.java:81)
	at org.glassfish.jersey.server.ServerRuntime$1.run(ServerRuntime.java:256)
	at org.glassfish.jersey.internal.Errors$1.call(Errors.java:248)
	at org.glassfish.jersey.internal.Errors$1.call(Errors.java:244)
	at org.glassfish.jersey.internal.Errors.process(Errors.java:292)
	at org.glassfish.jersey.internal.Errors.process(Errors.java:274)
	at org.glassfish.jersey.internal.Errors.process(Errors.java:244)
	at org.glassfish.jersey.process.internal.RequestScope.runInScope(RequestScope.java:265)
	at org.glassfish.jersey.server.ServerRuntime.process(ServerRuntime.java:235)
	at org.glassfish.jersey.server.ApplicationHandler.handle(ApplicationHandler.java:684)
	at org.glassfish.jersey.servlet.WebComponent.serviceImpl(WebComponent.java:397)
	at org.glassfish.jersey.servlet.WebComponent.service(WebComponent.java:349)
	at org.glassfish.jersey.servlet.ServletContainer.service(ServletContainer.java:379)
	at org.glassfish.jersey.servlet.ServletContainer.service(ServletContainer.java:312)
	at org.glassfish.jersey.servlet.ServletContainer.service(ServletContainer.java:205)
	at org.eclipse.jetty.servlet.ServletHolder.handle(ServletHolder.java:764)
	at org.eclipse.jetty.servlet.ServletHandler$ChainEnd.doFilter(ServletHandler.java:1665)
	at io.dropwizard.servlets.ThreadNameFilter.doFilter(ThreadNameFilter.java:35)
	at org.eclipse.jetty.servlet.FilterHolder.doFilter(FilterHolder.java:202)
	at org.eclipse.jetty.servlet.ServletHandler$Chain.doFilter(ServletHandler.java:1635)
	at io.dropwizard.jersey.filter.AllowedMethodsFilter.handle(AllowedMethodsFilter.java:46)
	at io.dropwizard.jersey.filter.AllowedMethodsFilter.doFilter(AllowedMethodsFilter.java:40)
	at org.eclipse.jetty.servlet.FilterHolder.doFilter(FilterHolder.java:202)
	at org.eclipse.jetty.servlet.ServletHandler$Chain.doFilter(ServletHandler.java:1635)
	at com.graphhopper.http.CORSFilter.doFilter(CORSFilter.java:36)
	at org.eclipse.jetty.servlet.FilterHolder.doFilter(FilterHolder.java:202)
	at org.eclipse.jetty.servlet.ServletHandler$Chain.doFilter(ServletHandler.java:1635)
	at org.eclipse.jetty.servlet.ServletHandler.doHandle(ServletHandler.java:527)
	at org.eclipse.jetty.server.handler.ScopedHandler.nextHandle(ScopedHandler.java:221)
	at org.eclipse.jetty.server.handler.ContextHandler.doHandle(ContextHandler.java:1384)
	at org.eclipse.jetty.server.handler.ScopedHandler.nextScope(ScopedHandler.java:176)
	at org.eclipse.jetty.servlet.ServletHandler.doScope(ServletHandler.java:484)
	at org.eclipse.jetty.server.handler.ScopedHandler.nextScope(ScopedHandler.java:174)
	at org.eclipse.jetty.server.handler.ContextHandler.doScope(ContextHandler.java:1306)
	at org.eclipse.jetty.server.handler.ScopedHandler.handle(ScopedHandler.java:129)
	at org.eclipse.jetty.server.handler.HandlerWrapper.handle(HandlerWrapper.java:122)
	at io.dropwizard.metrics.jetty10.InstrumentedHandler.handle(InstrumentedHandler.java:314)
	at io.dropwizard.jetty.RoutingHandler.handle(RoutingHandler.java:52)
	at org.eclipse.jetty.server.handler.HandlerWrapper.handle(HandlerWrapper.java:122)
	at org.eclipse.jetty.server.handler.gzip.GzipHandler.handle(GzipHandler.java:822)
	at io.dropwizard.jetty.ZipExceptionHandlingGzipHandler.handle(ZipExceptionHandlingGzipHandler.java:26)
	at org.eclipse.jetty.server.handler.StatisticsHandler.handle(StatisticsHandler.java:173)
	at org.eclipse.jetty.server.handler.HandlerWrapper.handle(HandlerWrapper.java:122)
	at org.eclipse.jetty.server.Server.handle(Server.java:563)
	at org.eclipse.jetty.server.HttpChannel$RequestDispatchable.dispatch(HttpChannel.java:1598)
	at org.eclipse.jetty.server.HttpChannel.dispatch(HttpChannel.java:753)
	at org.eclipse.jetty.server.HttpChannel.handle(HttpChannel.java:501)
	at org.eclipse.jetty.server.HttpConnection.onFillable(HttpConnection.java:287)
	at org.eclipse.jetty.io.AbstractConnection$ReadCallback.succeeded(AbstractConnection.java:314)
	at org.eclipse.jetty.io.FillInterest.fillable(FillInterest.java:100)
	at org.eclipse.jetty.io.SelectableChannelEndPoint$1.run(SelectableChannelEndPoint.java:53)
	at org.eclipse.jetty.util.thread.QueuedThreadPool.runJob(QueuedThreadPool.java:969)
	at org.eclipse.jetty.util.thread.QueuedThreadPool$Runner.doRunJob(QueuedThreadPool.java:1194)
	at org.eclipse.jetty.util.thread.QueuedThreadPool$Runner.run(QueuedThreadPool.java:1149)
	at java.base/java.lang.Thread.run(Thread.java:842)
2026-01-07 15:22:57.217 [pool-2-thread-19 - GET /route?point=-7.1589871910384035,-34.85483944416047&point=-7.158279284969177,-34.85483407974244&profile=pedestrian&points_encoded=false] INFO  c.g.h.IllegalArgumentExceptionMapper - bad request: The requested profile 'pedestrian' does not exist.
Available profiles: [foot]
java.lang.IllegalArgumentException: The requested profile 'pedestrian' does not exist.
Available profiles: [foot]
	at com.graphhopper.http.ProfileResolver.resolveProfile(ProfileResolver.java:46)
	at com.graphhopper.resources.RouteResource.doGet(RouteResource.java:151)
	at java.base/jdk.internal.reflect.NativeMethodAccessorImpl.invoke0(Native Method)
	at java.base/jdk.internal.reflect.NativeMethodAccessorImpl.invoke(NativeMethodAccessorImpl.java:77)
	at java.base/jdk.internal.reflect.DelegatingMethodAccessorImpl.invoke(DelegatingMethodAccessorImpl.java:43)
	at java.base/java.lang.reflect.Method.invoke(Method.java:568)
	at org.glassfish.jersey.server.model.internal.ResourceMethodInvocationHandlerFactory.lambda$static$0(ResourceMethodInvocationHandlerFactory.java:52)
	at org.glassfish.jersey.server.model.internal.AbstractJavaResourceMethodDispatcher$1.run(AbstractJavaResourceMethodDispatcher.java:146)
	at org.glassfish.jersey.server.model.internal.AbstractJavaResourceMethodDispatcher.invoke(AbstractJavaResourceMethodDispatcher.java:189)
	at org.glassfish.jersey.server.model.internal.JavaResourceMethodDispatcherProvider$ResponseOutInvoker.doDispatch(JavaResourceMethodDispatcherProvider.java:176)
	at org.glassfish.jersey.server.model.internal.AbstractJavaResourceMethodDispatcher.dispatch(AbstractJavaResourceMethodDispatcher.java:93)
	at org.glassfish.jersey.server.model.ResourceMethodInvoker.invoke(ResourceMethodInvoker.java:478)
	at org.glassfish.jersey.server.model.ResourceMethodInvoker.apply(ResourceMethodInvoker.java:400)
	at org.glassfish.jersey.server.model.ResourceMethodInvoker.apply(ResourceMethodInvoker.java:81)
	at org.glassfish.jersey.server.ServerRuntime$1.run(ServerRuntime.java:256)
	at org.glassfish.jersey.internal.Errors$1.call(Errors.java:248)
	at org.glassfish.jersey.internal.Errors$1.call(Errors.java:244)
	at org.glassfish.jersey.internal.Errors.process(Errors.java:292)
	at org.glassfish.jersey.internal.Errors.process(Errors.java:274)
	at org.glassfish.jersey.internal.Errors.process(Errors.java:244)
	at org.glassfish.jersey.process.internal.RequestScope.runInScope(RequestScope.java:265)
	at org.glassfish.jersey.server.ServerRuntime.process(ServerRuntime.java:235)
	at org.glassfish.jersey.server.ApplicationHandler.handle(ApplicationHandler.java:684)
	at org.glassfish.jersey.servlet.WebComponent.serviceImpl(WebComponent.java:397)
	at org.glassfish.jersey.servlet.WebComponent.service(WebComponent.java:349)
	at org.glassfish.jersey.servlet.ServletContainer.service(ServletContainer.java:379)
	at org.glassfish.jersey.servlet.ServletContainer.service(ServletContainer.java:312)
	at org.glassfish.jersey.servlet.ServletContainer.service(ServletContainer.java:205)
	at org.eclipse.jetty.servlet.ServletHolder.handle(ServletHolder.java:764)
	at org.eclipse.jetty.servlet.ServletHandler$ChainEnd.doFilter(ServletHandler.java:1665)
	at io.dropwizard.servlets.ThreadNameFilter.doFilter(ThreadNameFilter.java:35)
	at org.eclipse.jetty.servlet.FilterHolder.doFilter(FilterHolder.java:202)
	at org.eclipse.jetty.servlet.ServletHandler$Chain.doFilter(ServletHandler.java:1635)
	at io.dropwizard.jersey.filter.AllowedMethodsFilter.handle(AllowedMethodsFilter.java:46)
	at io.dropwizard.jersey.filter.AllowedMethodsFilter.doFilter(AllowedMethodsFilter.java:40)
	at org.eclipse.jetty.servlet.FilterHolder.doFilter(FilterHolder.java:202)
	at org.eclipse.jetty.servlet.ServletHandler$Chain.doFilter(ServletHandler.java:1635)
	at com.graphhopper.http.CORSFilter.doFilter(CORSFilter.java:36)
	at org.eclipse.jetty.servlet.FilterHolder.doFilter(FilterHolder.java:202)
	at org.eclipse.jetty.servlet.ServletHandler$Chain.doFilter(ServletHandler.java:1635)
	at org.eclipse.jetty.servlet.ServletHandler.doHandle(ServletHandler.java:527)
	at org.eclipse.jetty.server.handler.ScopedHandler.nextHandle(ScopedHandler.java:221)
	at org.eclipse.jetty.server.handler.ContextHandler.doHandle(ContextHandler.java:1384)
	at org.eclipse.jetty.server.handler.ScopedHandler.nextScope(ScopedHandler.java:176)
	at org.eclipse.jetty.servlet.ServletHandler.doScope(ServletHandler.java:484)
	at org.eclipse.jetty.server.handler.ScopedHandler.nextScope(ScopedHandler.java:174)
	at org.eclipse.jetty.server.handler.ContextHandler.doScope(ContextHandler.java:1306)
	at org.eclipse.jetty.server.handler.ScopedHandler.handle(ScopedHandler.java:129)
	at org.eclipse.jetty.server.handler.HandlerWrapper.handle(HandlerWrapper.java:122)
	at io.dropwizard.metrics.jetty10.InstrumentedHandler.handle(InstrumentedHandler.java:314)
	at io.dropwizard.jetty.RoutingHandler.handle(RoutingHandler.java:52)
	at org.eclipse.jetty.server.handler.HandlerWrapper.handle(HandlerWrapper.java:122)
	at org.eclipse.jetty.server.handler.gzip.GzipHandler.handle(GzipHandler.java:822)
	at io.dropwizard.jetty.ZipExceptionHandlingGzipHandler.handle(ZipExceptionHandlingGzipHandler.java:26)
	at org.eclipse.jetty.server.handler.StatisticsHandler.handle(StatisticsHandler.java:173)
	at org.eclipse.jetty.server.handler.HandlerWrapper.handle(HandlerWrapper.java:122)
	at org.eclipse.jetty.server.Server.handle(Server.java:563)
	at org.eclipse.jetty.server.HttpChannel$RequestDispatchable.dispatch(HttpChannel.java:1598)
	at org.eclipse.jetty.server.HttpChannel.dispatch(HttpChannel.java:753)
	at org.eclipse.jetty.server.HttpChannel.handle(HttpChannel.java:501)
	at org.eclipse.jetty.server.HttpConnection.onFillable(HttpConnection.java:287)
	at org.eclipse.jetty.io.AbstractConnection$ReadCallback.succeeded(AbstractConnection.java:314)
	at org.eclipse.jetty.io.FillInterest.fillable(FillInterest.java:100)
	at org.eclipse.jetty.io.SelectableChannelEndPoint$1.run(SelectableChannelEndPoint.java:53)
	at org.eclipse.jetty.util.thread.QueuedThreadPool.runJob(QueuedThreadPool.java:969)
	at org.eclipse.jetty.util.thread.QueuedThreadPool$Runner.doRunJob(QueuedThreadPool.java:1194)
	at org.eclipse.jetty.util.thread.QueuedThreadPool$Runner.run(QueuedThreadPool.java:1149)
	at java.base/java.lang.Thread.run(Thread.java:842)
2026-01-07 15:22:58.620 [pool-2-thread-12 - GET /route?point=-7.158013154583856,-34.85480725765229&point=-7.1582846075753,-34.85481798648835&profile=pedestrian&points_encoded=false] INFO  c.g.h.IllegalArgumentExceptionMapper - bad request: The requested profile 'pedestrian' does not exist.
Available profiles: [foot]
java.lang.IllegalArgumentException: The requested profile 'pedestrian' does not exist.
Available profiles: [foot]
	at com.graphhopper.http.ProfileResolver.resolveProfile(ProfileResolver.java:46)
	at com.graphhopper.resources.RouteResource.doGet(RouteResource.java:151)
	at java.base/jdk.internal.reflect.NativeMethodAccessorImpl.invoke0(Native Method)
	at java.base/jdk.internal.reflect.NativeMethodAccessorImpl.invoke(NativeMethodAccessorImpl.java:77)
	at java.base/jdk.internal.reflect.DelegatingMethodAccessorImpl.invoke(DelegatingMethodAccessorImpl.java:43)
	at java.base/java.lang.reflect.Method.invoke(Method.java:568)
	at org.glassfish.jersey.server.model.internal.ResourceMethodInvocationHandlerFactory.lambda$static$0(ResourceMethodInvocationHandlerFactory.java:52)
	at org.glassfish.jersey.server.model.internal.AbstractJavaResourceMethodDispatcher$1.run(AbstractJavaResourceMethodDispatcher.java:146)
	at org.glassfish.jersey.server.model.internal.AbstractJavaResourceMethodDispatcher.invoke(AbstractJavaResourceMethodDispatcher.java:189)
	at org.glassfish.jersey.server.model.internal.JavaResourceMethodDispatcherProvider$ResponseOutInvoker.doDispatch(JavaResourceMethodDispatcherProvider.java:176)
	at org.glassfish.jersey.server.model.internal.AbstractJavaResourceMethodDispatcher.dispatch(AbstractJavaResourceMethodDispatcher.java:93)
	at org.glassfish.jersey.server.model.ResourceMethodInvoker.invoke(ResourceMethodInvoker.java:478)
	at org.glassfish.jersey.server.model.ResourceMethodInvoker.apply(ResourceMethodInvoker.java:400)
	at org.glassfish.jersey.server.model.ResourceMethodInvoker.apply(ResourceMethodInvoker.java:81)
	at org.glassfish.jersey.server.ServerRuntime$1.run(ServerRuntime.java:256)
	at org.glassfish.jersey.internal.Errors$1.call(Errors.java:248)
	at org.glassfish.jersey.internal.Errors$1.call(Errors.java:244)
	at org.glassfish.jersey.internal.Errors.process(Errors.java:292)
	at org.glassfish.jersey.internal.Errors.process(Errors.java:274)
	at org.glassfish.jersey.internal.Errors.process(Errors.java:244)
	at org.glassfish.jersey.process.internal.RequestScope.runInScope(RequestScope.java:265)
	at org.glassfish.jersey.server.ServerRuntime.process(ServerRuntime.java:235)
	at org.glassfish.jersey.server.ApplicationHandler.handle(ApplicationHandler.java:684)
	at org.glassfish.jersey.servlet.WebComponent.serviceImpl(WebComponent.java:397)
	at org.glassfish.jersey.servlet.WebComponent.service(WebComponent.java:349)
	at org.glassfish.jersey.servlet.ServletContainer.service(ServletContainer.java:379)
	at org.glassfish.jersey.servlet.ServletContainer.service(ServletContainer.java:312)
	at org.glassfish.jersey.servlet.ServletContainer.service(ServletContainer.java:205)
	at org.eclipse.jetty.servlet.ServletHolder.handle(ServletHolder.java:764)
	at org.eclipse.jetty.servlet.ServletHandler$ChainEnd.doFilter(ServletHandler.java:1665)
	at io.dropwizard.servlets.ThreadNameFilter.doFilter(ThreadNameFilter.java:35)
	at org.eclipse.jetty.servlet.FilterHolder.doFilter(FilterHolder.java:202)
	at org.eclipse.jetty.servlet.ServletHandler$Chain.doFilter(ServletHandler.java:1635)
	at io.dropwizard.jersey.filter.AllowedMethodsFilter.handle(AllowedMethodsFilter.java:46)
	at io.dropwizard.jersey.filter.AllowedMethodsFilter.doFilter(AllowedMethodsFilter.java:40)
	at org.eclipse.jetty.servlet.FilterHolder.doFilter(FilterHolder.java:202)
	at org.eclipse.jetty.servlet.ServletHandler$Chain.doFilter(ServletHandler.java:1635)
	at com.graphhopper.http.CORSFilter.doFilter(CORSFilter.java:36)
	at org.eclipse.jetty.servlet.FilterHolder.doFilter(FilterHolder.java:202)
	at org.eclipse.jetty.servlet.ServletHandler$Chain.doFilter(ServletHandler.java:1635)
	at org.eclipse.jetty.servlet.ServletHandler.doHandle(ServletHandler.java:527)
	at org.eclipse.jetty.server.handler.ScopedHandler.nextHandle(ScopedHandler.java:221)
	at org.eclipse.jetty.server.handler.ContextHandler.doHandle(ContextHandler.java:1384)
	at org.eclipse.jetty.server.handler.ScopedHandler.nextScope(ScopedHandler.java:176)
	at org.eclipse.jetty.servlet.ServletHandler.doScope(ServletHandler.java:484)
	at org.eclipse.jetty.server.handler.ScopedHandler.nextScope(ScopedHandler.java:174)
	at org.eclipse.jetty.server.handler.ContextHandler.doScope(ContextHandler.java:1306)
	at org.eclipse.jetty.server.handler.ScopedHandler.handle(ScopedHandler.java:129)
	at org.eclipse.jetty.server.handler.HandlerWrapper.handle(HandlerWrapper.java:122)
	at io.dropwizard.metrics.jetty10.InstrumentedHandler.handle(InstrumentedHandler.java:314)
	at io.dropwizard.jetty.RoutingHandler.handle(RoutingHandler.java:52)
	at org.eclipse.jetty.server.handler.HandlerWrapper.handle(HandlerWrapper.java:122)
	at org.eclipse.jetty.server.handler.gzip.GzipHandler.handle(GzipHandler.java:822)
	at io.dropwizard.jetty.ZipExceptionHandlingGzipHandler.handle(ZipExceptionHandlingGzipHandler.java:26)
	at org.eclipse.jetty.server.handler.StatisticsHandler.handle(StatisticsHandler.java:173)
	at org.eclipse.jetty.server.handler.HandlerWrapper.handle(HandlerWrapper.java:122)
	at org.eclipse.jetty.server.Server.handle(Server.java:563)
	at org.eclipse.jetty.server.HttpChannel$RequestDispatchable.dispatch(HttpChannel.java:1598)
	at org.eclipse.jetty.server.HttpChannel.dispatch(HttpChannel.java:753)
	at org.eclipse.jetty.server.HttpChannel.handle(HttpChannel.java:501)
	at org.eclipse.jetty.server.HttpConnection.onFillable(HttpConnection.java:287)
	at org.eclipse.jetty.io.AbstractConnection$ReadCallback.succeeded(AbstractConnection.java:314)
	at org.eclipse.jetty.io.FillInterest.fillable(FillInterest.java:100)
	at org.eclipse.jetty.io.SelectableChannelEndPoint$1.run(SelectableChannelEndPoint.java:53)
	at org.eclipse.jetty.util.thread.strategy.AdaptiveExecutionStrategy.runTask(AdaptiveExecutionStrategy.java:421)
	at org.eclipse.jetty.util.thread.strategy.AdaptiveExecutionStrategy.consumeTask(AdaptiveExecutionStrategy.java:390)
	at org.eclipse.jetty.util.thread.strategy.AdaptiveExecutionStrategy.tryProduce(AdaptiveExecutionStrategy.java:277)
	at org.eclipse.jetty.util.thread.strategy.AdaptiveExecutionStrategy.run(AdaptiveExecutionStrategy.java:199)
	at org.eclipse.jetty.util.thread.ReservedThreadExecutor$ReservedThread.run(ReservedThreadExecutor.java:411)
	at org.eclipse.jetty.util.thread.QueuedThreadPool.runJob(QueuedThreadPool.java:969)
	at org.eclipse.jetty.util.thread.QueuedThreadPool$Runner.doRunJob(QueuedThreadPool.java:1194)
	at org.eclipse.jetty.util.thread.QueuedThreadPool$Runner.run(QueuedThreadPool.java:1149)
	at java.base/java.lang.Thread.run(Thread.java:842)
2026-01-07 15:23:00.170 [pool-2-thread-18 - GET /route?point=-7.158971223244433,-34.85473215579987&point=-7.1585454151992485,-34.85475361347199&profile=pedestrian&points_encoded=false] INFO  c.g.h.IllegalArgumentExceptionMapper - bad request: The requested profile 'pedestrian' does not exist.
Available profiles: [foot]
java.lang.IllegalArgumentException: The requested profile 'pedestrian' does not exist.
Available profiles: [foot]
	at com.graphhopper.http.ProfileResolver.resolveProfile(ProfileResolver.java:46)
	at com.graphhopper.resources.RouteResource.doGet(RouteResource.java:151)
	at jdk.internal.reflect.GeneratedMethodAccessor11.invoke(Unknown Source)
	at java.base/jdk.internal.reflect.DelegatingMethodAccessorImpl.invoke(DelegatingMethodAccessorImpl.java:43)
	at java.base/java.lang.reflect.Method.invoke(Method.java:568)
	at org.glassfish.jersey.server.model.internal.ResourceMethodInvocationHandlerFactory.lambda$static$0(ResourceMethodInvocationHandlerFactory.java:52)
	at org.glassfish.jersey.server.model.internal.AbstractJavaResourceMethodDispatcher$1.run(AbstractJavaResourceMethodDispatcher.java:146)
	at org.glassfish.jersey.server.model.internal.AbstractJavaResourceMethodDispatcher.invoke(AbstractJavaResourceMethodDispatcher.java:189)
	at org.glassfish.jersey.server.model.internal.JavaResourceMethodDispatcherProvider$ResponseOutInvoker.doDispatch(JavaResourceMethodDispatcherProvider.java:176)
	at org.glassfish.jersey.server.model.internal.AbstractJavaResourceMethodDispatcher.dispatch(AbstractJavaResourceMethodDispatcher.java:93)
	at org.glassfish.jersey.server.model.ResourceMethodInvoker.invoke(ResourceMethodInvoker.java:478)
	at org.glassfish.jersey.server.model.ResourceMethodInvoker.apply(ResourceMethodInvoker.java:400)
	at org.glassfish.jersey.server.model.ResourceMethodInvoker.apply(ResourceMethodInvoker.java:81)
	at org.glassfish.jersey.server.ServerRuntime$1.run(ServerRuntime.java:256)
	at org.glassfish.jersey.internal.Errors$1.call(Errors.java:248)
	at org.glassfish.jersey.internal.Errors$1.call(Errors.java:244)
	at org.glassfish.jersey.internal.Errors.process(Errors.java:292)
	at org.glassfish.jersey.internal.Errors.process(Errors.java:274)
	at org.glassfish.jersey.internal.Errors.process(Errors.java:244)
	at org.glassfish.jersey.process.internal.RequestScope.runInScope(RequestScope.java:265)
	at org.glassfish.jersey.server.ServerRuntime.process(ServerRuntime.java:235)
	at org.glassfish.jersey.server.ApplicationHandler.handle(ApplicationHandler.java:684)
	at org.glassfish.jersey.servlet.WebComponent.serviceImpl(WebComponent.java:397)
	at org.glassfish.jersey.servlet.WebComponent.service(WebComponent.java:349)
	at org.glassfish.jersey.servlet.ServletContainer.service(ServletContainer.java:379)
	at org.glassfish.jersey.servlet.ServletContainer.service(ServletContainer.java:312)
	at org.glassfish.jersey.servlet.ServletContainer.service(ServletContainer.java:205)
	at org.eclipse.jetty.servlet.ServletHolder.handle(ServletHolder.java:764)
	at org.eclipse.jetty.servlet.ServletHandler$ChainEnd.doFilter(ServletHandler.java:1665)
	at io.dropwizard.servlets.ThreadNameFilter.doFilter(ThreadNameFilter.java:35)
	at org.eclipse.jetty.servlet.FilterHolder.doFilter(FilterHolder.java:202)
	at org.eclipse.jetty.servlet.ServletHandler$Chain.doFilter(ServletHandler.java:1635)
	at io.dropwizard.jersey.filter.AllowedMethodsFilter.handle(AllowedMethodsFilter.java:46)
	at io.dropwizard.jersey.filter.AllowedMethodsFilter.doFilter(AllowedMethodsFilter.java:40)
	at org.eclipse.jetty.servlet.FilterHolder.doFilter(FilterHolder.java:202)
	at org.eclipse.jetty.servlet.ServletHandler$Chain.doFilter(ServletHandler.java:1635)
	at com.graphhopper.http.CORSFilter.doFilter(CORSFilter.java:36)
	at org.eclipse.jetty.servlet.FilterHolder.doFilter(FilterHolder.java:202)
	at org.eclipse.jetty.servlet.ServletHandler$Chain.doFilter(ServletHandler.java:1635)
	at org.eclipse.jetty.servlet.ServletHandler.doHandle(ServletHandler.java:527)
	at org.eclipse.jetty.server.handler.ScopedHandler.nextHandle(ScopedHandler.java:221)
	at org.eclipse.jetty.server.handler.ContextHandler.doHandle(ContextHandler.java:1384)
	at org.eclipse.jetty.server.handler.ScopedHandler.nextScope(ScopedHandler.java:176)
	at org.eclipse.jetty.servlet.ServletHandler.doScope(ServletHandler.java:484)
	at org.eclipse.jetty.server.handler.ScopedHandler.nextScope(ScopedHandler.java:174)
	at org.eclipse.jetty.server.handler.ContextHandler.doScope(ContextHandler.java:1306)
	at org.eclipse.jetty.server.handler.ScopedHandler.handle(ScopedHandler.java:129)
	at org.eclipse.jetty.server.handler.HandlerWrapper.handle(HandlerWrapper.java:122)
	at io.dropwizard.metrics.jetty10.InstrumentedHandler.handle(InstrumentedHandler.java:314)
	at io.dropwizard.jetty.RoutingHandler.handle(RoutingHandler.java:52)
	at org.eclipse.jetty.server.handler.HandlerWrapper.handle(HandlerWrapper.java:122)
	at org.eclipse.jetty.server.handler.gzip.GzipHandler.handle(GzipHandler.java:822)
	at io.dropwizard.jetty.ZipExceptionHandlingGzipHandler.handle(ZipExceptionHandlingGzipHandler.java:26)
	at org.eclipse.jetty.server.handler.StatisticsHandler.handle(StatisticsHandler.java:173)
	at org.eclipse.jetty.server.handler.HandlerWrapper.handle(HandlerWrapper.java:122)
	at org.eclipse.jetty.server.Server.handle(Server.java:563)
	at org.eclipse.jetty.server.HttpChannel$RequestDispatchable.dispatch(HttpChannel.java:1598)
	at org.eclipse.jetty.server.HttpChannel.dispatch(HttpChannel.java:753)
	at org.eclipse.jetty.server.HttpChannel.handle(HttpChannel.java:501)
	at org.eclipse.jetty.server.HttpConnection.onFillable(HttpConnection.java:287)
	at org.eclipse.jetty.io.AbstractConnection$ReadCallback.succeeded(AbstractConnection.java:314)
	at org.eclipse.jetty.io.FillInterest.fillable(FillInterest.java:100)
	at org.eclipse.jetty.io.SelectableChannelEndPoint$1.run(SelectableChannelEndPoint.java:53)
	at org.eclipse.jetty.util.thread.strategy.AdaptiveExecutionStrategy.runTask(AdaptiveExecutionStrategy.java:421)
	at org.eclipse.jetty.util.thread.strategy.AdaptiveExecutionStrategy.consumeTask(AdaptiveExecutionStrategy.java:390)
	at org.eclipse.jetty.util.thread.strategy.AdaptiveExecutionStrategy.tryProduce(AdaptiveExecutionStrategy.java:277)
	at org.eclipse.jetty.util.thread.strategy.AdaptiveExecutionStrategy.run(AdaptiveExecutionStrategy.java:199)
	at org.eclipse.jetty.util.thread.ReservedThreadExecutor$ReservedThread.run(ReservedThreadExecutor.java:411)
	at org.eclipse.jetty.util.thread.QueuedThreadPool.runJob(QueuedThreadPool.java:969)
	at org.eclipse.jetty.util.thread.QueuedThreadPool$Runner.doRunJob(QueuedThreadPool.java:1194)
	at org.eclipse.jetty.util.thread.QueuedThreadPool$Runner.run(QueuedThreadPool.java:1149)
	at java.base/java.lang.Thread.run(Thread.java:842)
2026-01-07 15:23:08.820 [pool-2-thread-3 - GET /route?point=-7.1590776751936325,-34.855182766914375&point=-7.158279284969177,-34.85481798648835&profile=foot&points_encoded=false] INFO  c.g.resources.RouteResource - 127.0.0.1 * node [-7.1590776751936325,-34.855182766914375, -7.158279284969177,-34.85481798648835], took: 3,3ms, algo: , profile: foot, alternatives: 1, distance0: 136.15047202608002, weight0: 98.02833985877763, time0: 2min, points0: 3, debugInfo: idLookup:6.664E-4s; , algoInit:434 ?s, astarbi|beeline-routing:0 ms, path extraction: 14 ?s, visited nodes sum: 6
2026-01-07 15:23:16.770 [pool-2-thread-13 - GET /route?point=-7.157571377801489,-34.85774159431458&point=-7.157571377801489,-34.857677221298225&profile=foot&points_encoded=false] INFO  c.g.resources.RouteResource - 127.0.0.1 * node [-7.157571377801489,-34.85774159431458, -7.157571377801489,-34.857677221298225], took: 1,1ms, algo: , profile: foot, alternatives: 1, distance0: 3.1151358732367043, weight0: 2.242897828730427, time0: 0min, points0: 2, debugInfo: idLookup:2.735E-4s; , algoInit:113 ?s, astarbi|beeline-routing:0 ms, path extraction: 7 ?s, visited nodes sum: 2
2026-01-07 15:23:18.610 [pool-2-thread-12 - GET /route?point=-7.158678480256062,-34.857923984527595&point=-7.1577097657552295,-34.85775232315064&profile=foot&points_encoded=false] INFO  c.g.resources.RouteResource - 127.0.0.1 * node [-7.158678480256062,-34.857923984527595, -7.1577097657552295,-34.85775232315064], took: 1,8ms, algo: , profile: foot, alternatives: 1, distance0: 119.65238364871874, weight0: 86.14971622707749, time0: 1min, points0: 6, debugInfo: idLookup:2.575E-4s; , algoInit:175 ?s, astarbi|beeline-routing:0 ms, path extraction: 19 ?s, visited nodes sum: 6
2026-01-07 15:23:21.216 [pool-2-thread-13 - GET /route?point=-7.159636547519332,-34.85722661018372&point=-7.159072352596757,-34.8578703403473&profile=foot&points_encoded=false] INFO  c.g.resources.RouteResource - 127.0.0.1 * node [-7.159636547519332,-34.85722661018372, -7.159072352596757,-34.8578703403473], took: 1,3ms, algo: , profile: foot, alternatives: 1, distance0: 93.1177747458305, weight0: 67.04479781699796, time0: 1min, points0: 2, debugInfo: idLookup:1.796E-4s; , algoInit:334 ?s, astarbi|beeline-routing:0 ms, path extraction: 7 ?s, visited nodes sum: 2
2026-01-07 15:23:22.928 [pool-2-thread-12 - GET /route?point=-7.1578162179987705,-34.85779523849488&point=-7.15848686656195,-34.857902526855476&profile=foot&points_encoded=false] INFO  c.g.resources.RouteResource - 127.0.0.1 * node [-7.1578162179987705,-34.85779523849488, -7.15848686656195,-34.857902526855476], took: 1,2ms, algo: , profile: foot, alternatives: 1, distance0: 87.4722142177229, weight0: 62.979994236760476, time0: 1min, points0: 7, debugInfo: idLookup:3.823E-4s; , algoInit:98 ?s, astarbi|beeline-routing:0 ms, path extraction: 16 ?s, visited nodes sum: 6
2026-01-07 15:23:24.894 [pool-2-thread-13 - GET /route?point=-7.157464925500814,-34.85762357711793&point=-7.158944610253253,-34.85803127288819&profile=foot&points_encoded=false] INFO  c.g.resources.RouteResource - 127.0.0.1 * node [-7.157464925500814,-34.85762357711793, -7.158944610253253,-34.85803127288819], took: 1,8ms, algo: , profile: foot, alternatives: 1, distance0: 182.32372974829832, weight0: 131.27308541877477, time0: 2min, points0: 9, debugInfo: idLookup:3.314E-4s; , algoInit:111 ?s, astarbi|beeline-routing:0 ms, path extraction: 17 ?s, visited nodes sum: 6
2026-01-07 15:23:26.965 [pool-2-thread-12 - GET /route?point=-7.1590936429838745,-34.85798835754395&point=-7.15773105620592,-34.857709407806404&profile=foot&points_encoded=false] INFO  c.g.resources.RouteResource - 127.0.0.1 * node [-7.1590936429838745,-34.85798835754395, -7.15773105620592,-34.857709407806404], took: 1,0ms, algo: , profile: foot, alternatives: 1, distance0: 168.2251809275708, weight0: 121.12213026785099, time0: 2min, points0: 10, debugInfo: idLookup:1.339E-4s; , algoInit:115 ?s, astarbi|beeline-routing:0 ms, path extraction: 26 ?s, visited nodes sum: 6
2026-01-07 15:32:36.110 [JettyShutdownThread] INFO  org.eclipse.jetty.server.Server - Stopped Server@149c3204{STOPPING}[10.0.23,sto=30000]
2026-01-07 15:32:36.111 [JettyShutdownThread] INFO  org.eclipse.jetty.server.Server - Shutdown Server@149c3204{STOPPING}[10.0.23,sto=30000]
2026-01-07 15:32:36.145 [JettyShutdownThread] INFO  o.e.jetty.server.AbstractConnector - Stopped application@64693226{HTTP/1.1, (http/1.1)}{localhost:8989}
2026-01-07 15:32:36.147 [JettyShutdownThread] INFO  o.e.jetty.server.AbstractConnector - Stopped admin@1c758545{HTTP/1.1, (http/1.1)}{localhost:8990}
2026-01-07 15:32:36.152 [JettyShutdownThread] INFO  o.e.j.server.handler.ContextHandler - Stopped i.d.j.MutableServletContextHandler@cbd40c1{/,null,STOPPED}
2026-01-07 15:32:36.173 [JettyShutdownThread] INFO  o.e.j.server.handler.ContextHandler - Stopped i.d.j.MutableServletContextHandler@18d47df0{/,null,STOPPED}
2026-01-07 17:03:57.422 [main] INFO  i.d.core.server.DefaultServerFactory - Registering jersey handler with root path prefix: /
2026-01-07 17:03:57.425 [main] INFO  i.d.core.server.DefaultServerFactory - Registering admin handler with root path prefix: /
2026-01-07 17:03:57.724 [main] INFO  io.dropwizard.assets.AssetsBundle - Registering AssetBundle with name: assets for path /maps/*
2026-01-07 17:03:57.727 [main] INFO  io.dropwizard.assets.AssetsBundle - Registering AssetBundle with name: webjars for path /webjars/*
2026-01-07 17:03:57.733 [main] INFO  i.d.core.server.ServerFactory - Starting GraphHopperApplication
                        _     _
   __ _ _ __ __ _ _ __ | |__ | |__   ___  _ __  _ __   ___ _ __
  / _` | '__/ _` | '_ \| '_ \| '_ \ / _ \| '_ \| '_ \ / _ \ '__|
 | (_| | | | (_| | |_) | | | | | | | (_) | |_) | |_) |  __/ |
  \__, |_|  \__,_| .__/|_| |_|_| |_|\___/| .__/| .__/ \___|_|
  |___/          |_|                     |_|   |_|
2026-01-07 17:03:57.842 [main] INFO  o.e.jetty.setuid.SetUIDListener - Opened application@64693226{HTTP/1.1, (http/1.1)}{localhost:8989}
2026-01-07 17:03:57.842 [main] INFO  o.e.jetty.setuid.SetUIDListener - Opened admin@1c758545{HTTP/1.1, (http/1.1)}{localhost:8990}
2026-01-07 17:03:57.844 [main] INFO  org.eclipse.jetty.server.Server - jetty-10.0.23; built: 2024-08-14T01:14:42.815Z; git: 570aa4a1395ca8f9f800045f3a1fe5fe3af9a598; jvm 17.0.12+8-LTS-286
2026-01-07 17:03:57.859 [main] INFO  com.graphhopper.GraphHopper - version 10.0|2024-11-04T16:04:43Z (9,23,7,5,2,9)
2026-01-07 17:03:58.181 [main] INFO  com.graphhopper.GraphHopper - No custom areas are used, custom_areas.directory not given
2026-01-07 17:03:58.204 [main] INFO  com.graphhopper.GraphHopper - No country rules available
2026-01-07 17:03:58.204 [main] INFO  com.graphhopper.GraphHopper - start creating graph from caminhos_unipe.osm
2026-01-07 17:03:58.279 [main] INFO  com.graphhopper.GraphHopper - using foot|RAM_STORE|2D|no_turn_cost|nodes:9,edges:23,geometry:7,location_index:5,string_index:2,nodesCH:0,shortcuts:9, memory:totalMB:54, usedMB:32
2026-01-07 17:03:58.299 [main] INFO  c.g.reader.osm.WaySegmentParser - Start reading OSM file: 'caminhos_unipe.osm'
2026-01-07 17:03:58.299 [main] INFO  c.g.reader.osm.WaySegmentParser - pass1 - start
2026-01-07 17:03:58.364 [main] INFO  c.g.reader.osm.WaySegmentParser - pass1 - start reading OSM ways
2026-01-07 17:03:58.372 [main] INFO  c.g.reader.osm.WaySegmentParser - pass1 - finished, processed ways: 136, accepted ways: 131, way nodes: 421, relations: 0, totalMB:54, usedMB:31
2026-01-07 17:03:58.372 [main] INFO  c.g.reader.osm.WaySegmentParser - pass1 - finished, took: 73,22ms
2026-01-07 17:03:58.375 [main] INFO  c.g.reader.osm.WaySegmentParser - Creating graph. Node count (pillar+tower): 421, totalMB:54, usedMB:31
2026-01-07 17:03:58.376 [main] INFO  c.g.reader.osm.WaySegmentParser - pass2 - start
2026-01-07 17:03:58.377 [main] INFO  c.g.reader.osm.WaySegmentParser - pass2 - start reading OSM nodes
2026-01-07 17:03:58.382 [main] INFO  c.g.reader.osm.WaySegmentParser - pass2 - start reading OSM ways
2026-01-07 17:03:58.429 [main] INFO  c.g.reader.osm.WaySegmentParser - pass2 - finished, processed ways: 136, way nodes: 421, nodes with tags: 0, node tag capacity: 1,056,768, ignored barriers at junctions: 0
2026-01-07 17:03:58.429 [main] INFO  c.g.reader.osm.WaySegmentParser - pass2 - finished, took: 52,98ms
2026-01-07 17:03:58.434 [main] INFO  c.g.reader.osm.WaySegmentParser - Finished reading OSM file. pass1: 0s,  pass2: 0s,  total: 0s
2026-01-07 17:03:58.435 [main] INFO  c.graphhopper.reader.osm.OSMReader - Finished reading OSM file: C:\dev\NodeJs\Uniclass\backend\graphHopper_server\caminhos_unipe.osm, nodes: 199, edges: 177, zero distance edges: 0
2026-01-07 17:03:58.448 [main] INFO  c.g.r.s.PrepareRoutingSubnetworks - Start marking subnetworks, prepare.min_network_size: 200, threads: 1, nodes: 199, edges: 177, jobs: [foot_subnetwork|com.graphhopper.routing.weighting.custom.CustomWeighting@5f96f6a2], totalMB:54, usedMB:33
2026-01-07 17:03:58.477 [ForkJoinPool-1-worker-1] INFO  c.g.r.s.PrepareRoutingSubnetworks - foot - Found 42 subnetworks (0 single edges and 42 components with more than one edge, total nodes: 354), took: 0.0104462s
2026-01-07 17:03:58.487 [ForkJoinPool-1-worker-1] INFO  c.g.r.s.PrepareRoutingSubnetworks - foot - Marked 41 subnetworks (biggest: 32 edges) -> 1 components(s) remain (smallest: 172, biggest: 172 edges), total marked edges: 91, took: 0.0031285s
2026-01-07 17:03:58.491 [main] INFO  c.g.r.s.PrepareRoutingSubnetworks - Finished finding and marking subnetworks for 1 jobs, took: 0.0467958s, totalMB:54, usedMB:35
2026-01-07 17:03:58.491 [main] INFO  com.graphhopper.GraphHopper - nodes: 199, edges: 177
2026-01-07 17:03:58.539 [main] INFO  c.g.storage.index.LocationIndexTree - location index created in 0.0161915s, size:202, leafs:4, precision:300, depth:1, checksum:118, entries:[4], entriesPerLeaf:50.5
2026-01-07 17:03:58.552 [main] INFO  com.graphhopper.GraphHopper - flushing graph foot|RAM_STORE|2D|no_turn_cost|nodes:9,edges:23,geometry:7,location_index:5,string_index:2,nodesCH:0,shortcuts:9, details:edges: 177(1MB), nodes: 199(1MB), bounds: -34.8580337,-34.85221974458527,-7.1609484,-7.1561425, name:(1MB), geo:1,670/-1(1MB), totalMB:54, usedMB:29)
2026-01-07 17:03:58.572 [main] INFO  com.graphhopper.GraphHopper - flushed graph totalMB:54, usedMB:32)
2026-01-07 17:03:58.576 [main] INFO  c.g.http.GraphHopperManaged - loaded graph at:graph-cache-unipe, data_reader_file:caminhos_unipe.osm, encoded values:["{\"className\":\"com.graphhopper.routing.ev.SimpleBooleanEncodedValue\",\"name\":\"foot_access\",\"bits\":1,\"min_storable_value\":0,\"max_storable_value\":1,\"max_value\":1,\"negate_reverse_direction\":false,\"store_two_directions\":true,\"fwd_data_index\":0,\"bwd_data_index\":0,\"fwd_shift\":0,\"bwd_shift\":1,\"fwd_mask\":1,\"bwd_mask\":2}","{\"className\":\"com.graphhopper.routing.ev.DecimalEncodedValueImpl\",\"name\":\"foot_average_speed\",\"bits\":4,\"min_storable_value\":0,\"max_storable_value\":15,\"max_value\":5,\"negate_reverse_direction\":false,\"store_two_directions\":false,\"fwd_data_index\":0,\"bwd_data_index\":0,\"fwd_shift\":2,\"bwd_shift\":-1,\"fwd_mask\":60,\"bwd_mask\":0,\"factor\":1.0,\"use_maximum_as_infinity\":false}","{\"className\":\"com.graphhopper.routing.ev.EnumEncodedValue\",\"name\":\"road_class\",\"bits\":5,\"min_storable_value\":0,\"max_storable_value\":31,\"max_value\":16,\"negate_reverse_direction\":false,\"store_two_directions\":false,\"fwd_data_index\":0,\"bwd_data_index\":0,\"fwd_shift\":6,\"bwd_shift\":-1,\"fwd_mask\":1984,\"bwd_mask\":0,\"enum_type\":\"com.graphhopper.routing.ev.RoadClass\"}","{\"className\":\"com.graphhopper.routing.ev.EnumEncodedValue\",\"name\":\"road_environment\",\"bits\":3,\"min_storable_value\":0,\"max_storable_value\":7,\"max_value\":1,\"negate_reverse_direction\":false,\"store_two_directions\":false,\"fwd_data_index\":0,\"bwd_data_index\":0,\"fwd_shift\":11,\"bwd_shift\":-1,\"fwd_mask\":14336,\"bwd_mask\":0,\"enum_type\":\"com.graphhopper.routing.ev.RoadEnvironment\"}","{\"className\":\"com.graphhopper.routing.ev.SimpleBooleanEncodedValue\",\"name\":\"roundabout\",\"bits\":1,\"min_storable_value\":0,\"max_storable_value\":1,\"max_value\":1,\"negate_reverse_direction\":false,\"store_two_directions\":false,\"fwd_data_index\":0,\"bwd_data_index\":0,\"fwd_shift\":14,\"bwd_shift\":-1,\"fwd_mask\":16384,\"bwd_mask\":0}","{\"className\":\"com.graphhopper.routing.ev.SimpleBooleanEncodedValue\",\"name\":\"road_class_link\",\"bits\":1,\"min_storable_value\":0,\"max_storable_value\":1,\"max_value\":-2147483648,\"negate_reverse_direction\":false,\"store_two_directions\":false,\"fwd_data_index\":0,\"bwd_data_index\":0,\"fwd_shift\":15,\"bwd_shift\":-1,\"fwd_mask\":32768,\"bwd_mask\":0}","{\"className\":\"com.graphhopper.routing.ev.DecimalEncodedValueImpl\",\"name\":\"max_speed\",\"bits\":7,\"min_storable_value\":0,\"max_storable_value\":127,\"max_value\":127,\"negate_reverse_direction\":false,\"store_two_directions\":true,\"fwd_data_index\":0,\"bwd_data_index\":0,\"fwd_shift\":16,\"bwd_shift\":23,\"fwd_mask\":8323072,\"bwd_mask\":1065353216,\"factor\":2.0,\"use_maximum_as_infinity\":true}","{\"className\":\"com.graphhopper.routing.ev.DecimalEncodedValueImpl\",\"name\":\"ferry_speed\",\"bits\":5,\"min_storable_value\":0,\"max_storable_value\":31,\"max_value\":-2147483648,\"negate_reverse_direction\":false,\"store_two_directions\":false,\"fwd_data_index\":1,\"bwd_data_index\":0,\"fwd_shift\":0,\"bwd_shift\":-1,\"fwd_mask\":31,\"bwd_mask\":0,\"factor\":2.0,\"use_maximum_as_infinity\":false}","{\"className\":\"com.graphhopper.routing.ev.SimpleBooleanEncodedValue\",\"name\":\"foot_subnetwork\",\"bits\":1,\"min_storable_value\":0,\"max_storable_value\":1,\"max_value\":1,\"negate_reverse_direction\":false,\"store_two_directions\":false,\"fwd_data_index\":1,\"bwd_data_index\":0,\"fwd_shift\":5,\"bwd_shift\":-1,\"fwd_mask\":32,\"bwd_mask\":0}"], 5 bytes for edge flags, edges: 177(1MB), nodes: 199(1MB), bounds: -34.8580337,-34.85221974458527,-7.1609484,-7.1561425, name:(1MB), geo:1,670/-1(1MB)
2026-01-07 17:03:58.884 [main] WARN  o.g.jersey.internal.inject.Providers - A provider com.codahale.metrics.health.HealthCheckRegistry registered in SERVER runtime does not implement any provider interfaces applicable in the SERVER runtime. Due to constraint configuration problems the provider com.codahale.metrics.health.HealthCheckRegistry will be ignored. 
2026-01-07 17:03:59.012 [main] INFO  i.d.jersey.DropwizardResourceConfig - The following paths were found for the configured resources:

    GET     / (com.graphhopper.application.resources.RootResource)
    GET     /health (com.graphhopper.resources.HealthCheckResource)
    GET     /i18n (com.graphhopper.resources.I18NResource)
    GET     /i18n/{locale} (com.graphhopper.resources.I18NResource)
    GET     /info (com.graphhopper.resources.InfoResource)
    GET     /isochrone (com.graphhopper.resources.IsochroneResource)
    POST    /match (com.graphhopper.resources.MapMatchingResource)
    GET     /mvt/{z}/{x}/{y}.mvt (com.graphhopper.resources.MVTResource)
    GET     /navigate/directions/v5/gh/{profile}/{coordinatesArray : .+} (com.graphhopper.navigation.NavigateResource)
    GET     /nearest (com.graphhopper.resources.NearestResource)
    GET     /route (com.graphhopper.resources.RouteResource)
    POST    /route (com.graphhopper.resources.RouteResource)
    GET     /spt (com.graphhopper.resources.SPTResource)

2026-01-07 17:03:59.016 [main] INFO  o.e.j.server.handler.ContextHandler - Started i.d.j.MutableServletContextHandler@6812c8cc{/,null,AVAILABLE}
2026-01-07 17:03:59.022 [main] INFO  i.d.core.setup.AdminEnvironment - tasks = 

    POST    /tasks/log-level (io.dropwizard.servlets.tasks.LogConfigurationTask)
    POST    /tasks/gc (io.dropwizard.servlets.tasks.GarbageCollectionTask)

2026-01-07 17:03:59.022 [main] INFO  o.e.j.server.handler.ContextHandler - Started i.d.j.MutableServletContextHandler@93bf0e0{/,null,AVAILABLE}
2026-01-07 17:03:59.084 [main] INFO  o.e.jetty.server.AbstractConnector - Started application@64693226{HTTP/1.1, (http/1.1)}{localhost:8989}
2026-01-07 17:03:59.090 [main] INFO  o.e.jetty.server.AbstractConnector - Started admin@1c758545{HTTP/1.1, (http/1.1)}{localhost:8990}
2026-01-07 17:03:59.091 [main] INFO  org.eclipse.jetty.server.Server - Started Server@149c3204{STARTING}[10.0.23,sto=30000] @2754ms
2026-01-07 17:06:11.528 [pool-2-thread-12 - GET /route?point=-7.159088320387178,-34.85497355461121&point=-7.158540092596166,-34.85476970672608&profile=vehicle&points_encoded=false] INFO  c.g.h.IllegalArgumentExceptionMapper - bad request: The requested profile 'vehicle' does not exist.
Available profiles: [foot]
java.lang.IllegalArgumentException: The requested profile 'vehicle' does not exist.
Available profiles: [foot]
	at com.graphhopper.http.ProfileResolver.resolveProfile(ProfileResolver.java:46)
	at com.graphhopper.resources.RouteResource.doGet(RouteResource.java:151)
	at java.base/jdk.internal.reflect.NativeMethodAccessorImpl.invoke0(Native Method)
	at java.base/jdk.internal.reflect.NativeMethodAccessorImpl.invoke(NativeMethodAccessorImpl.java:77)
	at java.base/jdk.internal.reflect.DelegatingMethodAccessorImpl.invoke(DelegatingMethodAccessorImpl.java:43)
	at java.base/java.lang.reflect.Method.invoke(Method.java:568)
	at org.glassfish.jersey.server.model.internal.ResourceMethodInvocationHandlerFactory.lambda$static$0(ResourceMethodInvocationHandlerFactory.java:52)
	at org.glassfish.jersey.server.model.internal.AbstractJavaResourceMethodDispatcher$1.run(AbstractJavaResourceMethodDispatcher.java:146)
	at org.glassfish.jersey.server.model.internal.AbstractJavaResourceMethodDispatcher.invoke(AbstractJavaResourceMethodDispatcher.java:189)
	at org.glassfish.jersey.server.model.internal.JavaResourceMethodDispatcherProvider$ResponseOutInvoker.doDispatch(JavaResourceMethodDispatcherProvider.java:176)
	at org.glassfish.jersey.server.model.internal.AbstractJavaResourceMethodDispatcher.dispatch(AbstractJavaResourceMethodDispatcher.java:93)
	at org.glassfish.jersey.server.model.ResourceMethodInvoker.invoke(ResourceMethodInvoker.java:478)
	at org.glassfish.jersey.server.model.ResourceMethodInvoker.apply(ResourceMethodInvoker.java:400)
	at org.glassfish.jersey.server.model.ResourceMethodInvoker.apply(ResourceMethodInvoker.java:81)
	at org.glassfish.jersey.server.ServerRuntime$1.run(ServerRuntime.java:256)
	at org.glassfish.jersey.internal.Errors$1.call(Errors.java:248)
	at org.glassfish.jersey.internal.Errors$1.call(Errors.java:244)
	at org.glassfish.jersey.internal.Errors.process(Errors.java:292)
	at org.glassfish.jersey.internal.Errors.process(Errors.java:274)
	at org.glassfish.jersey.internal.Errors.process(Errors.java:244)
	at org.glassfish.jersey.process.internal.RequestScope.runInScope(RequestScope.java:265)
	at org.glassfish.jersey.server.ServerRuntime.process(ServerRuntime.java:235)
	at org.glassfish.jersey.server.ApplicationHandler.handle(ApplicationHandler.java:684)
	at org.glassfish.jersey.servlet.WebComponent.serviceImpl(WebComponent.java:397)
	at org.glassfish.jersey.servlet.WebComponent.service(WebComponent.java:349)
	at org.glassfish.jersey.servlet.ServletContainer.service(ServletContainer.java:379)
	at org.glassfish.jersey.servlet.ServletContainer.service(ServletContainer.java:312)
	at org.glassfish.jersey.servlet.ServletContainer.service(ServletContainer.java:205)
	at org.eclipse.jetty.servlet.ServletHolder.handle(ServletHolder.java:764)
	at org.eclipse.jetty.servlet.ServletHandler$ChainEnd.doFilter(ServletHandler.java:1665)
	at io.dropwizard.servlets.ThreadNameFilter.doFilter(ThreadNameFilter.java:35)
	at org.eclipse.jetty.servlet.FilterHolder.doFilter(FilterHolder.java:202)
	at org.eclipse.jetty.servlet.ServletHandler$Chain.doFilter(ServletHandler.java:1635)
	at io.dropwizard.jersey.filter.AllowedMethodsFilter.handle(AllowedMethodsFilter.java:46)
	at io.dropwizard.jersey.filter.AllowedMethodsFilter.doFilter(AllowedMethodsFilter.java:40)
	at org.eclipse.jetty.servlet.FilterHolder.doFilter(FilterHolder.java:202)
	at org.eclipse.jetty.servlet.ServletHandler$Chain.doFilter(ServletHandler.java:1635)
	at com.graphhopper.http.CORSFilter.doFilter(CORSFilter.java:36)
	at org.eclipse.jetty.servlet.FilterHolder.doFilter(FilterHolder.java:202)
	at org.eclipse.jetty.servlet.ServletHandler$Chain.doFilter(ServletHandler.java:1635)
	at org.eclipse.jetty.servlet.ServletHandler.doHandle(ServletHandler.java:527)
	at org.eclipse.jetty.server.handler.ScopedHandler.nextHandle(ScopedHandler.java:221)
	at org.eclipse.jetty.server.handler.ContextHandler.doHandle(ContextHandler.java:1384)
	at org.eclipse.jetty.server.handler.ScopedHandler.nextScope(ScopedHandler.java:176)
	at org.eclipse.jetty.servlet.ServletHandler.doScope(ServletHandler.java:484)
	at org.eclipse.jetty.server.handler.ScopedHandler.nextScope(ScopedHandler.java:174)
	at org.eclipse.jetty.server.handler.ContextHandler.doScope(ContextHandler.java:1306)
	at org.eclipse.jetty.server.handler.ScopedHandler.handle(ScopedHandler.java:129)
	at org.eclipse.jetty.server.handler.HandlerWrapper.handle(HandlerWrapper.java:122)
	at io.dropwizard.metrics.jetty10.InstrumentedHandler.handle(InstrumentedHandler.java:314)
	at io.dropwizard.jetty.RoutingHandler.handle(RoutingHandler.java:52)
	at org.eclipse.jetty.server.handler.HandlerWrapper.handle(HandlerWrapper.java:122)
	at org.eclipse.jetty.server.handler.gzip.GzipHandler.handle(GzipHandler.java:822)
	at io.dropwizard.jetty.ZipExceptionHandlingGzipHandler.handle(ZipExceptionHandlingGzipHandler.java:26)
	at org.eclipse.jetty.server.handler.StatisticsHandler.handle(StatisticsHandler.java:173)
	at org.eclipse.jetty.server.handler.HandlerWrapper.handle(HandlerWrapper.java:122)
	at org.eclipse.jetty.server.Server.handle(Server.java:563)
	at org.eclipse.jetty.server.HttpChannel$RequestDispatchable.dispatch(HttpChannel.java:1598)
	at org.eclipse.jetty.server.HttpChannel.dispatch(HttpChannel.java:753)
	at org.eclipse.jetty.server.HttpChannel.handle(HttpChannel.java:501)
	at org.eclipse.jetty.server.HttpConnection.onFillable(HttpConnection.java:287)
	at org.eclipse.jetty.io.AbstractConnection$ReadCallback.succeeded(AbstractConnection.java:314)
	at org.eclipse.jetty.io.FillInterest.fillable(FillInterest.java:100)
	at org.eclipse.jetty.io.SelectableChannelEndPoint$1.run(SelectableChannelEndPoint.java:53)
	at org.eclipse.jetty.util.thread.QueuedThreadPool.runJob(QueuedThreadPool.java:969)
	at org.eclipse.jetty.util.thread.QueuedThreadPool$Runner.doRunJob(QueuedThreadPool.java:1194)
	at org.eclipse.jetty.util.thread.QueuedThreadPool$Runner.run(QueuedThreadPool.java:1149)
	at java.base/java.lang.Thread.run(Thread.java:842)
2026-01-07 17:06:13.543 [pool-2-thread-2 - GET /route?point=-7.158460253542514,-34.85478043556214&point=-7.159024449222136,-34.85488772392274&profile=vehicle&points_encoded=false] INFO  c.g.h.IllegalArgumentExceptionMapper - bad request: The requested profile 'vehicle' does not exist.
Available profiles: [foot]
java.lang.IllegalArgumentException: The requested profile 'vehicle' does not exist.
Available profiles: [foot]
	at com.graphhopper.http.ProfileResolver.resolveProfile(ProfileResolver.java:46)
	at com.graphhopper.resources.RouteResource.doGet(RouteResource.java:151)
	at java.base/jdk.internal.reflect.NativeMethodAccessorImpl.invoke0(Native Method)
	at java.base/jdk.internal.reflect.NativeMethodAccessorImpl.invoke(NativeMethodAccessorImpl.java:77)
	at java.base/jdk.internal.reflect.DelegatingMethodAccessorImpl.invoke(DelegatingMethodAccessorImpl.java:43)
	at java.base/java.lang.reflect.Method.invoke(Method.java:568)
	at org.glassfish.jersey.server.model.internal.ResourceMethodInvocationHandlerFactory.lambda$static$0(ResourceMethodInvocationHandlerFactory.java:52)
	at org.glassfish.jersey.server.model.internal.AbstractJavaResourceMethodDispatcher$1.run(AbstractJavaResourceMethodDispatcher.java:146)
	at org.glassfish.jersey.server.model.internal.AbstractJavaResourceMethodDispatcher.invoke(AbstractJavaResourceMethodDispatcher.java:189)
	at org.glassfish.jersey.server.model.internal.JavaResourceMethodDispatcherProvider$ResponseOutInvoker.doDispatch(JavaResourceMethodDispatcherProvider.java:176)
	at org.glassfish.jersey.server.model.internal.AbstractJavaResourceMethodDispatcher.dispatch(AbstractJavaResourceMethodDispatcher.java:93)
	at org.glassfish.jersey.server.model.ResourceMethodInvoker.invoke(ResourceMethodInvoker.java:478)
	at org.glassfish.jersey.server.model.ResourceMethodInvoker.apply(ResourceMethodInvoker.java:400)
	at org.glassfish.jersey.server.model.ResourceMethodInvoker.apply(ResourceMethodInvoker.java:81)
	at org.glassfish.jersey.server.ServerRuntime$1.run(ServerRuntime.java:256)
	at org.glassfish.jersey.internal.Errors$1.call(Errors.java:248)
	at org.glassfish.jersey.internal.Errors$1.call(Errors.java:244)
	at org.glassfish.jersey.internal.Errors.process(Errors.java:292)
	at org.glassfish.jersey.internal.Errors.process(Errors.java:274)
	at org.glassfish.jersey.internal.Errors.process(Errors.java:244)
	at org.glassfish.jersey.process.internal.RequestScope.runInScope(RequestScope.java:265)
	at org.glassfish.jersey.server.ServerRuntime.process(ServerRuntime.java:235)
	at org.glassfish.jersey.server.ApplicationHandler.handle(ApplicationHandler.java:684)
	at org.glassfish.jersey.servlet.WebComponent.serviceImpl(WebComponent.java:397)
	at org.glassfish.jersey.servlet.WebComponent.service(WebComponent.java:349)
	at org.glassfish.jersey.servlet.ServletContainer.service(ServletContainer.java:379)
	at org.glassfish.jersey.servlet.ServletContainer.service(ServletContainer.java:312)
	at org.glassfish.jersey.servlet.ServletContainer.service(ServletContainer.java:205)
	at org.eclipse.jetty.servlet.ServletHolder.handle(ServletHolder.java:764)
	at org.eclipse.jetty.servlet.ServletHandler$ChainEnd.doFilter(ServletHandler.java:1665)
	at io.dropwizard.servlets.ThreadNameFilter.doFilter(ThreadNameFilter.java:35)
	at org.eclipse.jetty.servlet.FilterHolder.doFilter(FilterHolder.java:202)
	at org.eclipse.jetty.servlet.ServletHandler$Chain.doFilter(ServletHandler.java:1635)
	at io.dropwizard.jersey.filter.AllowedMethodsFilter.handle(AllowedMethodsFilter.java:46)
	at io.dropwizard.jersey.filter.AllowedMethodsFilter.doFilter(AllowedMethodsFilter.java:40)
	at org.eclipse.jetty.servlet.FilterHolder.doFilter(FilterHolder.java:202)
	at org.eclipse.jetty.servlet.ServletHandler$Chain.doFilter(ServletHandler.java:1635)
	at com.graphhopper.http.CORSFilter.doFilter(CORSFilter.java:36)
	at org.eclipse.jetty.servlet.FilterHolder.doFilter(FilterHolder.java:202)
	at org.eclipse.jetty.servlet.ServletHandler$Chain.doFilter(ServletHandler.java:1635)
	at org.eclipse.jetty.servlet.ServletHandler.doHandle(ServletHandler.java:527)
	at org.eclipse.jetty.server.handler.ScopedHandler.nextHandle(ScopedHandler.java:221)
	at org.eclipse.jetty.server.handler.ContextHandler.doHandle(ContextHandler.java:1384)
	at org.eclipse.jetty.server.handler.ScopedHandler.nextScope(ScopedHandler.java:176)
	at org.eclipse.jetty.servlet.ServletHandler.doScope(ServletHandler.java:484)
	at org.eclipse.jetty.server.handler.ScopedHandler.nextScope(ScopedHandler.java:174)
	at org.eclipse.jetty.server.handler.ContextHandler.doScope(ContextHandler.java:1306)
	at org.eclipse.jetty.server.handler.ScopedHandler.handle(ScopedHandler.java:129)
	at org.eclipse.jetty.server.handler.HandlerWrapper.handle(HandlerWrapper.java:122)
	at io.dropwizard.metrics.jetty10.InstrumentedHandler.handle(InstrumentedHandler.java:314)
	at io.dropwizard.jetty.RoutingHandler.handle(RoutingHandler.java:52)
	at org.eclipse.jetty.server.handler.HandlerWrapper.handle(HandlerWrapper.java:122)
	at org.eclipse.jetty.server.handler.gzip.GzipHandler.handle(GzipHandler.java:822)
	at io.dropwizard.jetty.ZipExceptionHandlingGzipHandler.handle(ZipExceptionHandlingGzipHandler.java:26)
	at org.eclipse.jetty.server.handler.StatisticsHandler.handle(StatisticsHandler.java:173)
	at org.eclipse.jetty.server.handler.HandlerWrapper.handle(HandlerWrapper.java:122)
	at org.eclipse.jetty.server.Server.handle(Server.java:563)
	at org.eclipse.jetty.server.HttpChannel$RequestDispatchable.dispatch(HttpChannel.java:1598)
	at org.eclipse.jetty.server.HttpChannel.dispatch(HttpChannel.java:753)
	at org.eclipse.jetty.server.HttpChannel.handle(HttpChannel.java:501)
	at org.eclipse.jetty.server.HttpConnection.onFillable(HttpConnection.java:287)
	at org.eclipse.jetty.io.AbstractConnection$ReadCallback.succeeded(AbstractConnection.java:314)
	at org.eclipse.jetty.io.FillInterest.fillable(FillInterest.java:100)
	at org.eclipse.jetty.io.SelectableChannelEndPoint$1.run(SelectableChannelEndPoint.java:53)
	at org.eclipse.jetty.util.thread.strategy.AdaptiveExecutionStrategy.runTask(AdaptiveExecutionStrategy.java:421)
	at org.eclipse.jetty.util.thread.strategy.AdaptiveExecutionStrategy.consumeTask(AdaptiveExecutionStrategy.java:390)
	at org.eclipse.jetty.util.thread.strategy.AdaptiveExecutionStrategy.tryProduce(AdaptiveExecutionStrategy.java:277)
	at org.eclipse.jetty.util.thread.strategy.AdaptiveExecutionStrategy.produce(AdaptiveExecutionStrategy.java:193)
	at org.eclipse.jetty.util.thread.QueuedThreadPool.runJob(QueuedThreadPool.java:969)
	at org.eclipse.jetty.util.thread.QueuedThreadPool$Runner.doRunJob(QueuedThreadPool.java:1194)
	at org.eclipse.jetty.util.thread.QueuedThreadPool$Runner.run(QueuedThreadPool.java:1149)
	at java.base/java.lang.Thread.run(Thread.java:842)
2026-01-07 17:06:43.551 [pool-2-thread-3 - GET /route?point=-7.159109610773545,-34.855391979217536&point=-7.158518802183222,-34.85486090183259&profile=foot&points_encoded=false] INFO  c.g.resources.RouteResource - 127.0.0.1 * node [-7.159109610773545,-34.855391979217536, -7.158518802183222,-34.85486090183259], took: 33,5ms, algo: , profile: foot, alternatives: 1, distance0: 134.726659549358, weight0: 97.00319487553776, time0: 2min, points0: 3, debugInfo: idLookup:0.0041152s; , algoInit:3970 ?s, astarbi|beeline-routing:3 ms, path extraction: 465 ?s, visited nodes sum: 6
2026-01-07 17:06:52.971 [pool-2-thread-4 - GET /route?point=-7.159056384805777,-34.85511302947999&point=-7.15858799602165,-34.85473215579987&profile=vehicle&points_encoded=false] INFO  c.g.h.IllegalArgumentExceptionMapper - bad request: The requested profile 'vehicle' does not exist.
Available profiles: [foot]
java.lang.IllegalArgumentException: The requested profile 'vehicle' does not exist.
Available profiles: [foot]
	at com.graphhopper.http.ProfileResolver.resolveProfile(ProfileResolver.java:46)
	at com.graphhopper.resources.RouteResource.doGet(RouteResource.java:151)
	at java.base/jdk.internal.reflect.NativeMethodAccessorImpl.invoke0(Native Method)
	at java.base/jdk.internal.reflect.NativeMethodAccessorImpl.invoke(NativeMethodAccessorImpl.java:77)
	at java.base/jdk.internal.reflect.DelegatingMethodAccessorImpl.invoke(DelegatingMethodAccessorImpl.java:43)
	at java.base/java.lang.reflect.Method.invoke(Method.java:568)
	at org.glassfish.jersey.server.model.internal.ResourceMethodInvocationHandlerFactory.lambda$static$0(ResourceMethodInvocationHandlerFactory.java:52)
	at org.glassfish.jersey.server.model.internal.AbstractJavaResourceMethodDispatcher$1.run(AbstractJavaResourceMethodDispatcher.java:146)
	at org.glassfish.jersey.server.model.internal.AbstractJavaResourceMethodDispatcher.invoke(AbstractJavaResourceMethodDispatcher.java:189)
	at org.glassfish.jersey.server.model.internal.JavaResourceMethodDispatcherProvider$ResponseOutInvoker.doDispatch(JavaResourceMethodDispatcherProvider.java:176)
	at org.glassfish.jersey.server.model.internal.AbstractJavaResourceMethodDispatcher.dispatch(AbstractJavaResourceMethodDispatcher.java:93)
	at org.glassfish.jersey.server.model.ResourceMethodInvoker.invoke(ResourceMethodInvoker.java:478)
	at org.glassfish.jersey.server.model.ResourceMethodInvoker.apply(ResourceMethodInvoker.java:400)
	at org.glassfish.jersey.server.model.ResourceMethodInvoker.apply(ResourceMethodInvoker.java:81)
	at org.glassfish.jersey.server.ServerRuntime$1.run(ServerRuntime.java:256)
	at org.glassfish.jersey.internal.Errors$1.call(Errors.java:248)
	at org.glassfish.jersey.internal.Errors$1.call(Errors.java:244)
	at org.glassfish.jersey.internal.Errors.process(Errors.java:292)
	at org.glassfish.jersey.internal.Errors.process(Errors.java:274)
	at org.glassfish.jersey.internal.Errors.process(Errors.java:244)
	at org.glassfish.jersey.process.internal.RequestScope.runInScope(RequestScope.java:265)
	at org.glassfish.jersey.server.ServerRuntime.process(ServerRuntime.java:235)
	at org.glassfish.jersey.server.ApplicationHandler.handle(ApplicationHandler.java:684)
	at org.glassfish.jersey.servlet.WebComponent.serviceImpl(WebComponent.java:397)
	at org.glassfish.jersey.servlet.WebComponent.service(WebComponent.java:349)
	at org.glassfish.jersey.servlet.ServletContainer.service(ServletContainer.java:379)
	at org.glassfish.jersey.servlet.ServletContainer.service(ServletContainer.java:312)
	at org.glassfish.jersey.servlet.ServletContainer.service(ServletContainer.java:205)
	at org.eclipse.jetty.servlet.ServletHolder.handle(ServletHolder.java:764)
	at org.eclipse.jetty.servlet.ServletHandler$ChainEnd.doFilter(ServletHandler.java:1665)
	at io.dropwizard.servlets.ThreadNameFilter.doFilter(ThreadNameFilter.java:35)
	at org.eclipse.jetty.servlet.FilterHolder.doFilter(FilterHolder.java:202)
	at org.eclipse.jetty.servlet.ServletHandler$Chain.doFilter(ServletHandler.java:1635)
	at io.dropwizard.jersey.filter.AllowedMethodsFilter.handle(AllowedMethodsFilter.java:46)
	at io.dropwizard.jersey.filter.AllowedMethodsFilter.doFilter(AllowedMethodsFilter.java:40)
	at org.eclipse.jetty.servlet.FilterHolder.doFilter(FilterHolder.java:202)
	at org.eclipse.jetty.servlet.ServletHandler$Chain.doFilter(ServletHandler.java:1635)
	at com.graphhopper.http.CORSFilter.doFilter(CORSFilter.java:36)
	at org.eclipse.jetty.servlet.FilterHolder.doFilter(FilterHolder.java:202)
	at org.eclipse.jetty.servlet.ServletHandler$Chain.doFilter(ServletHandler.java:1635)
	at org.eclipse.jetty.servlet.ServletHandler.doHandle(ServletHandler.java:527)
	at org.eclipse.jetty.server.handler.ScopedHandler.nextHandle(ScopedHandler.java:221)
	at org.eclipse.jetty.server.handler.ContextHandler.doHandle(ContextHandler.java:1384)
	at org.eclipse.jetty.server.handler.ScopedHandler.nextScope(ScopedHandler.java:176)
	at org.eclipse.jetty.servlet.ServletHandler.doScope(ServletHandler.java:484)
	at org.eclipse.jetty.server.handler.ScopedHandler.nextScope(ScopedHandler.java:174)
	at org.eclipse.jetty.server.handler.ContextHandler.doScope(ContextHandler.java:1306)
	at org.eclipse.jetty.server.handler.ScopedHandler.handle(ScopedHandler.java:129)
	at org.eclipse.jetty.server.handler.HandlerWrapper.handle(HandlerWrapper.java:122)
	at io.dropwizard.metrics.jetty10.InstrumentedHandler.handle(InstrumentedHandler.java:314)
	at io.dropwizard.jetty.RoutingHandler.handle(RoutingHandler.java:52)
	at org.eclipse.jetty.server.handler.HandlerWrapper.handle(HandlerWrapper.java:122)
	at org.eclipse.jetty.server.handler.gzip.GzipHandler.handle(GzipHandler.java:822)
	at io.dropwizard.jetty.ZipExceptionHandlingGzipHandler.handle(ZipExceptionHandlingGzipHandler.java:26)
	at org.eclipse.jetty.server.handler.StatisticsHandler.handle(StatisticsHandler.java:173)
	at org.eclipse.jetty.server.handler.HandlerWrapper.handle(HandlerWrapper.java:122)
	at org.eclipse.jetty.server.Server.handle(Server.java:563)
	at org.eclipse.jetty.server.HttpChannel$RequestDispatchable.dispatch(HttpChannel.java:1598)
	at org.eclipse.jetty.server.HttpChannel.dispatch(HttpChannel.java:753)
	at org.eclipse.jetty.server.HttpChannel.handle(HttpChannel.java:501)
	at org.eclipse.jetty.server.HttpConnection.onFillable(HttpConnection.java:287)
	at org.eclipse.jetty.io.AbstractConnection$ReadCallback.succeeded(AbstractConnection.java:314)
	at org.eclipse.jetty.io.FillInterest.fillable(FillInterest.java:100)
	at org.eclipse.jetty.io.SelectableChannelEndPoint$1.run(SelectableChannelEndPoint.java:53)
	at org.eclipse.jetty.util.thread.strategy.AdaptiveExecutionStrategy.runTask(AdaptiveExecutionStrategy.java:421)
	at org.eclipse.jetty.util.thread.strategy.AdaptiveExecutionStrategy.consumeTask(AdaptiveExecutionStrategy.java:390)
	at org.eclipse.jetty.util.thread.strategy.AdaptiveExecutionStrategy.tryProduce(AdaptiveExecutionStrategy.java:277)
	at org.eclipse.jetty.util.thread.strategy.AdaptiveExecutionStrategy.produce(AdaptiveExecutionStrategy.java:193)
	at org.eclipse.jetty.util.thread.QueuedThreadPool.runJob(QueuedThreadPool.java:969)
	at org.eclipse.jetty.util.thread.QueuedThreadPool$Runner.doRunJob(QueuedThreadPool.java:1194)
	at org.eclipse.jetty.util.thread.QueuedThreadPool$Runner.run(QueuedThreadPool.java:1149)
	at java.base/java.lang.Thread.run(Thread.java:842)
2026-01-07 18:23:31.150 [JettyShutdownThread] INFO  org.eclipse.jetty.server.Server - Stopped Server@149c3204{STOPPING}[10.0.23,sto=30000]
2026-01-07 18:23:31.161 [JettyShutdownThread] INFO  org.eclipse.jetty.server.Server - Shutdown Server@149c3204{STOPPING}[10.0.23,sto=30000]
2026-01-07 18:23:31.202 [JettyShutdownThread] INFO  o.e.jetty.server.AbstractConnector - Stopped application@64693226{HTTP/1.1, (http/1.1)}{localhost:8989}
2026-01-07 18:23:31.204 [JettyShutdownThread] INFO  o.e.jetty.server.AbstractConnector - Stopped admin@1c758545{HTTP/1.1, (http/1.1)}{localhost:8990}
2026-01-07 18:23:31.211 [JettyShutdownThread] INFO  o.e.j.server.handler.ContextHandler - Stopped i.d.j.MutableServletContextHandler@93bf0e0{/,null,STOPPED}
2026-01-07 18:23:31.239 [JettyShutdownThread] INFO  o.e.j.server.handler.ContextHandler - Stopped i.d.j.MutableServletContextHandler@6812c8cc{/,null,STOPPED}
2026-01-07 18:24:04.750 [main] INFO  i.d.core.server.DefaultServerFactory - Registering jersey handler with root path prefix: /
2026-01-07 18:24:04.754 [main] INFO  i.d.core.server.DefaultServerFactory - Registering admin handler with root path prefix: /
2026-01-07 18:24:05.082 [main] INFO  io.dropwizard.assets.AssetsBundle - Registering AssetBundle with name: assets for path /maps/*
2026-01-07 18:24:05.086 [main] INFO  io.dropwizard.assets.AssetsBundle - Registering AssetBundle with name: webjars for path /webjars/*
2026-01-07 18:24:05.098 [main] INFO  i.d.core.server.ServerFactory - Starting GraphHopperApplication
                        _     _
   __ _ _ __ __ _ _ __ | |__ | |__   ___  _ __  _ __   ___ _ __
  / _` | '__/ _` | '_ \| '_ \| '_ \ / _ \| '_ \| '_ \ / _ \ '__|
 | (_| | | | (_| | |_) | | | | | | | (_) | |_) | |_) |  __/ |
  \__, |_|  \__,_| .__/|_| |_|_| |_|\___/| .__/| .__/ \___|_|
  |___/          |_|                     |_|   |_|
2026-01-07 18:24:05.218 [main] INFO  o.e.jetty.setuid.SetUIDListener - Opened application@64693226{HTTP/1.1, (http/1.1)}{localhost:8989}
2026-01-07 18:24:05.218 [main] INFO  o.e.jetty.setuid.SetUIDListener - Opened admin@1c758545{HTTP/1.1, (http/1.1)}{localhost:8990}
2026-01-07 18:24:05.221 [main] INFO  org.eclipse.jetty.server.Server - jetty-10.0.23; built: 2024-08-14T01:14:42.815Z; git: 570aa4a1395ca8f9f800045f3a1fe5fe3af9a598; jvm 17.0.12+8-LTS-286
2026-01-07 18:24:05.237 [main] INFO  com.graphhopper.GraphHopper - version 10.0|2024-11-04T16:04:43Z (9,23,7,5,2,9)
2026-01-07 18:24:05.563 [main] INFO  com.graphhopper.GraphHopper - No custom areas are used, custom_areas.directory not given
2026-01-07 18:24:05.589 [main] INFO  com.graphhopper.GraphHopper - No country rules available
2026-01-07 18:24:05.589 [main] INFO  com.graphhopper.GraphHopper - start creating graph from caminhos_unipe.osm
2026-01-07 18:24:05.658 [main] INFO  com.graphhopper.GraphHopper - using foot|RAM_STORE|2D|no_turn_cost|nodes:9,edges:23,geometry:7,location_index:5,string_index:2,nodesCH:0,shortcuts:9, memory:totalMB:54, usedMB:32
2026-01-07 18:24:05.674 [main] INFO  c.g.reader.osm.WaySegmentParser - Start reading OSM file: 'caminhos_unipe.osm'
2026-01-07 18:24:05.674 [main] INFO  c.g.reader.osm.WaySegmentParser - pass1 - start
2026-01-07 18:24:05.726 [main] INFO  c.g.reader.osm.WaySegmentParser - pass1 - start reading OSM ways
2026-01-07 18:24:05.734 [main] INFO  c.g.reader.osm.WaySegmentParser - pass1 - finished, processed ways: 136, accepted ways: 131, way nodes: 421, relations: 0, totalMB:54, usedMB:30
2026-01-07 18:24:05.735 [main] INFO  c.g.reader.osm.WaySegmentParser - pass1 - finished, took: 59,89ms
2026-01-07 18:24:05.737 [main] INFO  c.g.reader.osm.WaySegmentParser - Creating graph. Node count (pillar+tower): 421, totalMB:54, usedMB:30
2026-01-07 18:24:05.737 [main] INFO  c.g.reader.osm.WaySegmentParser - pass2 - start
2026-01-07 18:24:05.739 [main] INFO  c.g.reader.osm.WaySegmentParser - pass2 - start reading OSM nodes
2026-01-07 18:24:05.744 [main] INFO  c.g.reader.osm.WaySegmentParser - pass2 - start reading OSM ways
2026-01-07 18:24:05.798 [main] INFO  c.g.reader.osm.WaySegmentParser - pass2 - finished, processed ways: 136, way nodes: 421, nodes with tags: 0, node tag capacity: 1,056,768, ignored barriers at junctions: 0
2026-01-07 18:24:05.799 [main] INFO  c.g.reader.osm.WaySegmentParser - pass2 - finished, took: 61,11ms
2026-01-07 18:24:05.804 [main] INFO  c.g.reader.osm.WaySegmentParser - Finished reading OSM file. pass1: 0s,  pass2: 0s,  total: 0s
2026-01-07 18:24:05.804 [main] INFO  c.graphhopper.reader.osm.OSMReader - Finished reading OSM file: C:\dev\NodeJs\Uniclass\backend\graphHopper_server\caminhos_unipe.osm, nodes: 199, edges: 177, zero distance edges: 0
2026-01-07 18:24:05.818 [main] INFO  c.g.r.s.PrepareRoutingSubnetworks - Start marking subnetworks, prepare.min_network_size: 200, threads: 1, nodes: 199, edges: 177, jobs: [foot_subnetwork|com.graphhopper.routing.weighting.custom.CustomWeighting@5f96f6a2], totalMB:54, usedMB:33
2026-01-07 18:24:05.846 [ForkJoinPool-1-worker-1] INFO  c.g.r.s.PrepareRoutingSubnetworks - foot - Found 42 subnetworks (0 single edges and 42 components with more than one edge, total nodes: 354), took: 0.010548s
2026-01-07 18:24:05.856 [ForkJoinPool-1-worker-1] INFO  c.g.r.s.PrepareRoutingSubnetworks - foot - Marked 41 subnetworks (biggest: 32 edges) -> 1 components(s) remain (smallest: 172, biggest: 172 edges), total marked edges: 91, took: 0.0034377s
2026-01-07 18:24:05.859 [main] INFO  c.g.r.s.PrepareRoutingSubnetworks - Finished finding and marking subnetworks for 1 jobs, took: 0.0468109s, totalMB:54, usedMB:35
2026-01-07 18:24:05.859 [main] INFO  com.graphhopper.GraphHopper - nodes: 199, edges: 177
2026-01-07 18:24:05.902 [main] INFO  c.g.storage.index.LocationIndexTree - location index created in 0.0140804s, size:202, leafs:4, precision:300, depth:1, checksum:118, entries:[4], entriesPerLeaf:50.5
2026-01-07 18:24:05.916 [main] INFO  com.graphhopper.GraphHopper - flushing graph foot|RAM_STORE|2D|no_turn_cost|nodes:9,edges:23,geometry:7,location_index:5,string_index:2,nodesCH:0,shortcuts:9, details:edges: 177(1MB), nodes: 199(1MB), bounds: -34.8580337,-34.85221974458527,-7.1609484,-7.1561425, name:(1MB), geo:1,670/-1(1MB), totalMB:54, usedMB:27)
2026-01-07 18:24:05.934 [main] INFO  com.graphhopper.GraphHopper - flushed graph totalMB:150, usedMB:27)
2026-01-07 18:24:05.939 [main] INFO  c.g.http.GraphHopperManaged - loaded graph at:graph-cache-unipe, data_reader_file:caminhos_unipe.osm, encoded values:["{\"className\":\"com.graphhopper.routing.ev.SimpleBooleanEncodedValue\",\"name\":\"foot_access\",\"bits\":1,\"min_storable_value\":0,\"max_storable_value\":1,\"max_value\":1,\"negate_reverse_direction\":false,\"store_two_directions\":true,\"fwd_data_index\":0,\"bwd_data_index\":0,\"fwd_shift\":0,\"bwd_shift\":1,\"fwd_mask\":1,\"bwd_mask\":2}","{\"className\":\"com.graphhopper.routing.ev.DecimalEncodedValueImpl\",\"name\":\"foot_average_speed\",\"bits\":4,\"min_storable_value\":0,\"max_storable_value\":15,\"max_value\":5,\"negate_reverse_direction\":false,\"store_two_directions\":false,\"fwd_data_index\":0,\"bwd_data_index\":0,\"fwd_shift\":2,\"bwd_shift\":-1,\"fwd_mask\":60,\"bwd_mask\":0,\"factor\":1.0,\"use_maximum_as_infinity\":false}","{\"className\":\"com.graphhopper.routing.ev.EnumEncodedValue\",\"name\":\"road_class\",\"bits\":5,\"min_storable_value\":0,\"max_storable_value\":31,\"max_value\":16,\"negate_reverse_direction\":false,\"store_two_directions\":false,\"fwd_data_index\":0,\"bwd_data_index\":0,\"fwd_shift\":6,\"bwd_shift\":-1,\"fwd_mask\":1984,\"bwd_mask\":0,\"enum_type\":\"com.graphhopper.routing.ev.RoadClass\"}","{\"className\":\"com.graphhopper.routing.ev.EnumEncodedValue\",\"name\":\"road_environment\",\"bits\":3,\"min_storable_value\":0,\"max_storable_value\":7,\"max_value\":1,\"negate_reverse_direction\":false,\"store_two_directions\":false,\"fwd_data_index\":0,\"bwd_data_index\":0,\"fwd_shift\":11,\"bwd_shift\":-1,\"fwd_mask\":14336,\"bwd_mask\":0,\"enum_type\":\"com.graphhopper.routing.ev.RoadEnvironment\"}","{\"className\":\"com.graphhopper.routing.ev.SimpleBooleanEncodedValue\",\"name\":\"roundabout\",\"bits\":1,\"min_storable_value\":0,\"max_storable_value\":1,\"max_value\":1,\"negate_reverse_direction\":false,\"store_two_directions\":false,\"fwd_data_index\":0,\"bwd_data_index\":0,\"fwd_shift\":14,\"bwd_shift\":-1,\"fwd_mask\":16384,\"bwd_mask\":0}","{\"className\":\"com.graphhopper.routing.ev.SimpleBooleanEncodedValue\",\"name\":\"road_class_link\",\"bits\":1,\"min_storable_value\":0,\"max_storable_value\":1,\"max_value\":-2147483648,\"negate_reverse_direction\":false,\"store_two_directions\":false,\"fwd_data_index\":0,\"bwd_data_index\":0,\"fwd_shift\":15,\"bwd_shift\":-1,\"fwd_mask\":32768,\"bwd_mask\":0}","{\"className\":\"com.graphhopper.routing.ev.DecimalEncodedValueImpl\",\"name\":\"max_speed\",\"bits\":7,\"min_storable_value\":0,\"max_storable_value\":127,\"max_value\":127,\"negate_reverse_direction\":false,\"store_two_directions\":true,\"fwd_data_index\":0,\"bwd_data_index\":0,\"fwd_shift\":16,\"bwd_shift\":23,\"fwd_mask\":8323072,\"bwd_mask\":1065353216,\"factor\":2.0,\"use_maximum_as_infinity\":true}","{\"className\":\"com.graphhopper.routing.ev.DecimalEncodedValueImpl\",\"name\":\"ferry_speed\",\"bits\":5,\"min_storable_value\":0,\"max_storable_value\":31,\"max_value\":-2147483648,\"negate_reverse_direction\":false,\"store_two_directions\":false,\"fwd_data_index\":1,\"bwd_data_index\":0,\"fwd_shift\":0,\"bwd_shift\":-1,\"fwd_mask\":31,\"bwd_mask\":0,\"factor\":2.0,\"use_maximum_as_infinity\":false}","{\"className\":\"com.graphhopper.routing.ev.SimpleBooleanEncodedValue\",\"name\":\"foot_subnetwork\",\"bits\":1,\"min_storable_value\":0,\"max_storable_value\":1,\"max_value\":1,\"negate_reverse_direction\":false,\"store_two_directions\":false,\"fwd_data_index\":1,\"bwd_data_index\":0,\"fwd_shift\":5,\"bwd_shift\":-1,\"fwd_mask\":32,\"bwd_mask\":0}"], 5 bytes for edge flags, edges: 177(1MB), nodes: 199(1MB), bounds: -34.8580337,-34.85221974458527,-7.1609484,-7.1561425, name:(1MB), geo:1,670/-1(1MB)
2026-01-07 18:24:06.244 [main] WARN  o.g.jersey.internal.inject.Providers - A provider com.codahale.metrics.health.HealthCheckRegistry registered in SERVER runtime does not implement any provider interfaces applicable in the SERVER runtime. Due to constraint configuration problems the provider com.codahale.metrics.health.HealthCheckRegistry will be ignored. 
2026-01-07 18:24:06.369 [main] INFO  i.d.jersey.DropwizardResourceConfig - The following paths were found for the configured resources:

    GET     / (com.graphhopper.application.resources.RootResource)
    GET     /health (com.graphhopper.resources.HealthCheckResource)
    GET     /i18n (com.graphhopper.resources.I18NResource)
    GET     /i18n/{locale} (com.graphhopper.resources.I18NResource)
    GET     /info (com.graphhopper.resources.InfoResource)
    GET     /isochrone (com.graphhopper.resources.IsochroneResource)
    POST    /match (com.graphhopper.resources.MapMatchingResource)
    GET     /mvt/{z}/{x}/{y}.mvt (com.graphhopper.resources.MVTResource)
    GET     /navigate/directions/v5/gh/{profile}/{coordinatesArray : .+} (com.graphhopper.navigation.NavigateResource)
    GET     /nearest (com.graphhopper.resources.NearestResource)
    GET     /route (com.graphhopper.resources.RouteResource)
    POST    /route (com.graphhopper.resources.RouteResource)
    GET     /spt (com.graphhopper.resources.SPTResource)

2026-01-07 18:24:06.371 [main] INFO  o.e.j.server.handler.ContextHandler - Started i.d.j.MutableServletContextHandler@6812c8cc{/,null,AVAILABLE}
2026-01-07 18:24:06.376 [main] INFO  i.d.core.setup.AdminEnvironment - tasks = 

    POST    /tasks/log-level (io.dropwizard.servlets.tasks.LogConfigurationTask)
    POST    /tasks/gc (io.dropwizard.servlets.tasks.GarbageCollectionTask)

2026-01-07 18:24:06.376 [main] INFO  o.e.j.server.handler.ContextHandler - Started i.d.j.MutableServletContextHandler@93bf0e0{/,null,AVAILABLE}
2026-01-07 18:24:06.432 [main] INFO  o.e.jetty.server.AbstractConnector - Started application@64693226{HTTP/1.1, (http/1.1)}{localhost:8989}
2026-01-07 18:24:06.439 [main] INFO  o.e.jetty.server.AbstractConnector - Started admin@1c758545{HTTP/1.1, (http/1.1)}{localhost:8990}
2026-01-07 18:24:06.440 [main] INFO  org.eclipse.jetty.server.Server - Started Server@149c3204{STARTING}[10.0.23,sto=30000] @2843ms
2026-01-07 18:24:22.132 [pool-2-thread-12 - GET /route?point=-7.159029771819571,-34.854962825775154&point=-7.158550737802268,-34.85475897789002&profile=vehicle&points_encoded=false] INFO  c.g.h.IllegalArgumentExceptionMapper - bad request: The requested profile 'vehicle' does not exist.
Available profiles: [foot]
java.lang.IllegalArgumentException: The requested profile 'vehicle' does not exist.
Available profiles: [foot]
	at com.graphhopper.http.ProfileResolver.resolveProfile(ProfileResolver.java:46)
	at com.graphhopper.resources.RouteResource.doGet(RouteResource.java:151)
	at java.base/jdk.internal.reflect.NativeMethodAccessorImpl.invoke0(Native Method)
	at java.base/jdk.internal.reflect.NativeMethodAccessorImpl.invoke(NativeMethodAccessorImpl.java:77)
	at java.base/jdk.internal.reflect.DelegatingMethodAccessorImpl.invoke(DelegatingMethodAccessorImpl.java:43)
	at java.base/java.lang.reflect.Method.invoke(Method.java:568)
	at org.glassfish.jersey.server.model.internal.ResourceMethodInvocationHandlerFactory.lambda$static$0(ResourceMethodInvocationHandlerFactory.java:52)
	at org.glassfish.jersey.server.model.internal.AbstractJavaResourceMethodDispatcher$1.run(AbstractJavaResourceMethodDispatcher.java:146)
	at org.glassfish.jersey.server.model.internal.AbstractJavaResourceMethodDispatcher.invoke(AbstractJavaResourceMethodDispatcher.java:189)
	at org.glassfish.jersey.server.model.internal.JavaResourceMethodDispatcherProvider$ResponseOutInvoker.doDispatch(JavaResourceMethodDispatcherProvider.java:176)
	at org.glassfish.jersey.server.model.internal.AbstractJavaResourceMethodDispatcher.dispatch(AbstractJavaResourceMethodDispatcher.java:93)
	at org.glassfish.jersey.server.model.ResourceMethodInvoker.invoke(ResourceMethodInvoker.java:478)
	at org.glassfish.jersey.server.model.ResourceMethodInvoker.apply(ResourceMethodInvoker.java:400)
	at org.glassfish.jersey.server.model.ResourceMethodInvoker.apply(ResourceMethodInvoker.java:81)
	at org.glassfish.jersey.server.ServerRuntime$1.run(ServerRuntime.java:256)
	at org.glassfish.jersey.internal.Errors$1.call(Errors.java:248)
	at org.glassfish.jersey.internal.Errors$1.call(Errors.java:244)
	at org.glassfish.jersey.internal.Errors.process(Errors.java:292)
	at org.glassfish.jersey.internal.Errors.process(Errors.java:274)
	at org.glassfish.jersey.internal.Errors.process(Errors.java:244)
	at org.glassfish.jersey.process.internal.RequestScope.runInScope(RequestScope.java:265)
	at org.glassfish.jersey.server.ServerRuntime.process(ServerRuntime.java:235)
	at org.glassfish.jersey.server.ApplicationHandler.handle(ApplicationHandler.java:684)
	at org.glassfish.jersey.servlet.WebComponent.serviceImpl(WebComponent.java:397)
	at org.glassfish.jersey.servlet.WebComponent.service(WebComponent.java:349)
	at org.glassfish.jersey.servlet.ServletContainer.service(ServletContainer.java:379)
	at org.glassfish.jersey.servlet.ServletContainer.service(ServletContainer.java:312)
	at org.glassfish.jersey.servlet.ServletContainer.service(ServletContainer.java:205)
	at org.eclipse.jetty.servlet.ServletHolder.handle(ServletHolder.java:764)
	at org.eclipse.jetty.servlet.ServletHandler$ChainEnd.doFilter(ServletHandler.java:1665)
	at io.dropwizard.servlets.ThreadNameFilter.doFilter(ThreadNameFilter.java:35)
	at org.eclipse.jetty.servlet.FilterHolder.doFilter(FilterHolder.java:202)
	at org.eclipse.jetty.servlet.ServletHandler$Chain.doFilter(ServletHandler.java:1635)
	at io.dropwizard.jersey.filter.AllowedMethodsFilter.handle(AllowedMethodsFilter.java:46)
	at io.dropwizard.jersey.filter.AllowedMethodsFilter.doFilter(AllowedMethodsFilter.java:40)
	at org.eclipse.jetty.servlet.FilterHolder.doFilter(FilterHolder.java:202)
	at org.eclipse.jetty.servlet.ServletHandler$Chain.doFilter(ServletHandler.java:1635)
	at com.graphhopper.http.CORSFilter.doFilter(CORSFilter.java:36)
	at org.eclipse.jetty.servlet.FilterHolder.doFilter(FilterHolder.java:202)
	at org.eclipse.jetty.servlet.ServletHandler$Chain.doFilter(ServletHandler.java:1635)
	at org.eclipse.jetty.servlet.ServletHandler.doHandle(ServletHandler.java:527)
	at org.eclipse.jetty.server.handler.ScopedHandler.nextHandle(ScopedHandler.java:221)
	at org.eclipse.jetty.server.handler.ContextHandler.doHandle(ContextHandler.java:1384)
	at org.eclipse.jetty.server.handler.ScopedHandler.nextScope(ScopedHandler.java:176)
	at org.eclipse.jetty.servlet.ServletHandler.doScope(ServletHandler.java:484)
	at org.eclipse.jetty.server.handler.ScopedHandler.nextScope(ScopedHandler.java:174)
	at org.eclipse.jetty.server.handler.ContextHandler.doScope(ContextHandler.java:1306)
	at org.eclipse.jetty.server.handler.ScopedHandler.handle(ScopedHandler.java:129)
	at org.eclipse.jetty.server.handler.HandlerWrapper.handle(HandlerWrapper.java:122)
	at io.dropwizard.metrics.jetty10.InstrumentedHandler.handle(InstrumentedHandler.java:314)
	at io.dropwizard.jetty.RoutingHandler.handle(RoutingHandler.java:52)
	at org.eclipse.jetty.server.handler.HandlerWrapper.handle(HandlerWrapper.java:122)
	at org.eclipse.jetty.server.handler.gzip.GzipHandler.handle(GzipHandler.java:822)
	at io.dropwizard.jetty.ZipExceptionHandlingGzipHandler.handle(ZipExceptionHandlingGzipHandler.java:26)
	at org.eclipse.jetty.server.handler.StatisticsHandler.handle(StatisticsHandler.java:173)
	at org.eclipse.jetty.server.handler.HandlerWrapper.handle(HandlerWrapper.java:122)
	at org.eclipse.jetty.server.Server.handle(Server.java:563)
	at org.eclipse.jetty.server.HttpChannel$RequestDispatchable.dispatch(HttpChannel.java:1598)
	at org.eclipse.jetty.server.HttpChannel.dispatch(HttpChannel.java:753)
	at org.eclipse.jetty.server.HttpChannel.handle(HttpChannel.java:501)
	at org.eclipse.jetty.server.HttpConnection.onFillable(HttpConnection.java:287)
	at org.eclipse.jetty.io.AbstractConnection$ReadCallback.succeeded(AbstractConnection.java:314)
	at org.eclipse.jetty.io.FillInterest.fillable(FillInterest.java:100)
	at org.eclipse.jetty.io.SelectableChannelEndPoint$1.run(SelectableChannelEndPoint.java:53)
	at org.eclipse.jetty.util.thread.QueuedThreadPool.runJob(QueuedThreadPool.java:969)
	at org.eclipse.jetty.util.thread.QueuedThreadPool$Runner.doRunJob(QueuedThreadPool.java:1194)
	at org.eclipse.jetty.util.thread.QueuedThreadPool$Runner.run(QueuedThreadPool.java:1149)
	at java.base/java.lang.Thread.run(Thread.java:842)
2026-01-07 18:24:25.808 [pool-2-thread-2 - GET /route?point=-7.1581196067566095,-34.854662418365486&point=-7.159019126624651,-34.854930639266975&profile=vehicle&points_encoded=false] INFO  c.g.h.IllegalArgumentExceptionMapper - bad request: The requested profile 'vehicle' does not exist.
Available profiles: [foot]
java.lang.IllegalArgumentException: The requested profile 'vehicle' does not exist.
Available profiles: [foot]
	at com.graphhopper.http.ProfileResolver.resolveProfile(ProfileResolver.java:46)
	at com.graphhopper.resources.RouteResource.doGet(RouteResource.java:151)
	at java.base/jdk.internal.reflect.NativeMethodAccessorImpl.invoke0(Native Method)
	at java.base/jdk.internal.reflect.NativeMethodAccessorImpl.invoke(NativeMethodAccessorImpl.java:77)
	at java.base/jdk.internal.reflect.DelegatingMethodAccessorImpl.invoke(DelegatingMethodAccessorImpl.java:43)
	at java.base/java.lang.reflect.Method.invoke(Method.java:568)
	at org.glassfish.jersey.server.model.internal.ResourceMethodInvocationHandlerFactory.lambda$static$0(ResourceMethodInvocationHandlerFactory.java:52)
	at org.glassfish.jersey.server.model.internal.AbstractJavaResourceMethodDispatcher$1.run(AbstractJavaResourceMethodDispatcher.java:146)
	at org.glassfish.jersey.server.model.internal.AbstractJavaResourceMethodDispatcher.invoke(AbstractJavaResourceMethodDispatcher.java:189)
	at org.glassfish.jersey.server.model.internal.JavaResourceMethodDispatcherProvider$ResponseOutInvoker.doDispatch(JavaResourceMethodDispatcherProvider.java:176)
	at org.glassfish.jersey.server.model.internal.AbstractJavaResourceMethodDispatcher.dispatch(AbstractJavaResourceMethodDispatcher.java:93)
	at org.glassfish.jersey.server.model.ResourceMethodInvoker.invoke(ResourceMethodInvoker.java:478)
	at org.glassfish.jersey.server.model.ResourceMethodInvoker.apply(ResourceMethodInvoker.java:400)
	at org.glassfish.jersey.server.model.ResourceMethodInvoker.apply(ResourceMethodInvoker.java:81)
	at org.glassfish.jersey.server.ServerRuntime$1.run(ServerRuntime.java:256)
	at org.glassfish.jersey.internal.Errors$1.call(Errors.java:248)
	at org.glassfish.jersey.internal.Errors$1.call(Errors.java:244)
	at org.glassfish.jersey.internal.Errors.process(Errors.java:292)
	at org.glassfish.jersey.internal.Errors.process(Errors.java:274)
	at org.glassfish.jersey.internal.Errors.process(Errors.java:244)
	at org.glassfish.jersey.process.internal.RequestScope.runInScope(RequestScope.java:265)
	at org.glassfish.jersey.server.ServerRuntime.process(ServerRuntime.java:235)
	at org.glassfish.jersey.server.ApplicationHandler.handle(ApplicationHandler.java:684)
	at org.glassfish.jersey.servlet.WebComponent.serviceImpl(WebComponent.java:397)
	at org.glassfish.jersey.servlet.WebComponent.service(WebComponent.java:349)
	at org.glassfish.jersey.servlet.ServletContainer.service(ServletContainer.java:379)
	at org.glassfish.jersey.servlet.ServletContainer.service(ServletContainer.java:312)
	at org.glassfish.jersey.servlet.ServletContainer.service(ServletContainer.java:205)
	at org.eclipse.jetty.servlet.ServletHolder.handle(ServletHolder.java:764)
	at org.eclipse.jetty.servlet.ServletHandler$ChainEnd.doFilter(ServletHandler.java:1665)
	at io.dropwizard.servlets.ThreadNameFilter.doFilter(ThreadNameFilter.java:35)
	at org.eclipse.jetty.servlet.FilterHolder.doFilter(FilterHolder.java:202)
	at org.eclipse.jetty.servlet.ServletHandler$Chain.doFilter(ServletHandler.java:1635)
	at io.dropwizard.jersey.filter.AllowedMethodsFilter.handle(AllowedMethodsFilter.java:46)
	at io.dropwizard.jersey.filter.AllowedMethodsFilter.doFilter(AllowedMethodsFilter.java:40)
	at org.eclipse.jetty.servlet.FilterHolder.doFilter(FilterHolder.java:202)
	at org.eclipse.jetty.servlet.ServletHandler$Chain.doFilter(ServletHandler.java:1635)
	at com.graphhopper.http.CORSFilter.doFilter(CORSFilter.java:36)
	at org.eclipse.jetty.servlet.FilterHolder.doFilter(FilterHolder.java:202)
	at org.eclipse.jetty.servlet.ServletHandler$Chain.doFilter(ServletHandler.java:1635)
	at org.eclipse.jetty.servlet.ServletHandler.doHandle(ServletHandler.java:527)
	at org.eclipse.jetty.server.handler.ScopedHandler.nextHandle(ScopedHandler.java:221)
	at org.eclipse.jetty.server.handler.ContextHandler.doHandle(ContextHandler.java:1384)
	at org.eclipse.jetty.server.handler.ScopedHandler.nextScope(ScopedHandler.java:176)
	at org.eclipse.jetty.servlet.ServletHandler.doScope(ServletHandler.java:484)
	at org.eclipse.jetty.server.handler.ScopedHandler.nextScope(ScopedHandler.java:174)
	at org.eclipse.jetty.server.handler.ContextHandler.doScope(ContextHandler.java:1306)
	at org.eclipse.jetty.server.handler.ScopedHandler.handle(ScopedHandler.java:129)
	at org.eclipse.jetty.server.handler.HandlerWrapper.handle(HandlerWrapper.java:122)
	at io.dropwizard.metrics.jetty10.InstrumentedHandler.handle(InstrumentedHandler.java:314)
	at io.dropwizard.jetty.RoutingHandler.handle(RoutingHandler.java:52)
	at org.eclipse.jetty.server.handler.HandlerWrapper.handle(HandlerWrapper.java:122)
	at org.eclipse.jetty.server.handler.gzip.GzipHandler.handle(GzipHandler.java:822)
	at io.dropwizard.jetty.ZipExceptionHandlingGzipHandler.handle(ZipExceptionHandlingGzipHandler.java:26)
	at org.eclipse.jetty.server.handler.StatisticsHandler.handle(StatisticsHandler.java:173)
	at org.eclipse.jetty.server.handler.HandlerWrapper.handle(HandlerWrapper.java:122)
	at org.eclipse.jetty.server.Server.handle(Server.java:563)
	at org.eclipse.jetty.server.HttpChannel$RequestDispatchable.dispatch(HttpChannel.java:1598)
	at org.eclipse.jetty.server.HttpChannel.dispatch(HttpChannel.java:753)
	at org.eclipse.jetty.server.HttpChannel.handle(HttpChannel.java:501)
	at org.eclipse.jetty.server.HttpConnection.onFillable(HttpConnection.java:287)
	at org.eclipse.jetty.io.AbstractConnection$ReadCallback.succeeded(AbstractConnection.java:314)
	at org.eclipse.jetty.io.FillInterest.fillable(FillInterest.java:100)
	at org.eclipse.jetty.io.SelectableChannelEndPoint$1.run(SelectableChannelEndPoint.java:53)
	at org.eclipse.jetty.util.thread.strategy.AdaptiveExecutionStrategy.runTask(AdaptiveExecutionStrategy.java:421)
	at org.eclipse.jetty.util.thread.strategy.AdaptiveExecutionStrategy.consumeTask(AdaptiveExecutionStrategy.java:390)
	at org.eclipse.jetty.util.thread.strategy.AdaptiveExecutionStrategy.tryProduce(AdaptiveExecutionStrategy.java:277)
	at org.eclipse.jetty.util.thread.strategy.AdaptiveExecutionStrategy.produce(AdaptiveExecutionStrategy.java:193)
	at org.eclipse.jetty.util.thread.QueuedThreadPool.runJob(QueuedThreadPool.java:969)
	at org.eclipse.jetty.util.thread.QueuedThreadPool$Runner.doRunJob(QueuedThreadPool.java:1194)
	at org.eclipse.jetty.util.thread.QueuedThreadPool$Runner.run(QueuedThreadPool.java:1149)
	at java.base/java.lang.Thread.run(Thread.java:842)
2026-01-07 18:24:40.523 [pool-2-thread-3 - GET /route?point=-7.158774287072934,-34.854699969291694&point=-7.158082348498973,-34.85454976558686&profile=foot&points_encoded=false] INFO  c.g.resources.RouteResource - 127.0.0.1 * node [-7.158774287072934,-34.854699969291694, -7.158082348498973,-34.85454976558686], took: 31,1ms, algo: , profile: foot, alternatives: 1, distance0: 105.23352017958175, weight0: 75.76813452929886, time0: 1min, points0: 3, debugInfo: idLookup:0.0038271s; , algoInit:3935 ?s, astarbi|beeline-routing:3 ms, path extraction: 364 ?s, visited nodes sum: 4
2026-01-07 18:24:46.482 [JettyShutdownThread] INFO  org.eclipse.jetty.server.Server - Stopped Server@149c3204{STOPPING}[10.0.23,sto=30000]
2026-01-07 18:24:46.482 [JettyShutdownThread] INFO  org.eclipse.jetty.server.Server - Shutdown Server@149c3204{STOPPING}[10.0.23,sto=30000]
2026-01-07 18:24:46.486 [JettyShutdownThread] INFO  o.e.jetty.server.AbstractConnector - Stopped application@64693226{HTTP/1.1, (http/1.1)}{localhost:8989}
2026-01-07 18:24:46.486 [JettyShutdownThread] INFO  o.e.jetty.server.AbstractConnector - Stopped admin@1c758545{HTTP/1.1, (http/1.1)}{localhost:8990}
2026-01-07 18:24:46.487 [JettyShutdownThread] INFO  o.e.j.server.handler.ContextHandler - Stopped i.d.j.MutableServletContextHandler@93bf0e0{/,null,STOPPED}
2026-01-07 18:24:46.491 [JettyShutdownThread] INFO  o.e.j.server.handler.ContextHandler - Stopped i.d.j.MutableServletContextHandler@6812c8cc{/,null,STOPPED}
2026-01-07 18:24:58.185 [main] INFO  i.d.core.server.DefaultServerFactory - Registering jersey handler with root path prefix: /
2026-01-07 18:24:58.187 [main] INFO  i.d.core.server.DefaultServerFactory - Registering admin handler with root path prefix: /
2026-01-07 18:24:58.455 [main] INFO  io.dropwizard.assets.AssetsBundle - Registering AssetBundle with name: assets for path /maps/*
2026-01-07 18:24:58.458 [main] INFO  io.dropwizard.assets.AssetsBundle - Registering AssetBundle with name: webjars for path /webjars/*
2026-01-07 18:24:58.465 [main] INFO  i.d.core.server.ServerFactory - Starting GraphHopperApplication
                        _     _
   __ _ _ __ __ _ _ __ | |__ | |__   ___  _ __  _ __   ___ _ __
  / _` | '__/ _` | '_ \| '_ \| '_ \ / _ \| '_ \| '_ \ / _ \ '__|
 | (_| | | | (_| | |_) | | | | | | | (_) | |_) | |_) |  __/ |
  \__, |_|  \__,_| .__/|_| |_|_| |_|\___/| .__/| .__/ \___|_|
  |___/          |_|                     |_|   |_|
2026-01-07 18:24:58.579 [main] INFO  o.e.jetty.setuid.SetUIDListener - Opened application@64693226{HTTP/1.1, (http/1.1)}{localhost:8989}
2026-01-07 18:24:58.580 [main] INFO  o.e.jetty.setuid.SetUIDListener - Opened admin@1c758545{HTTP/1.1, (http/1.1)}{localhost:8990}
2026-01-07 18:24:58.584 [main] INFO  org.eclipse.jetty.server.Server - jetty-10.0.23; built: 2024-08-14T01:14:42.815Z; git: 570aa4a1395ca8f9f800045f3a1fe5fe3af9a598; jvm 17.0.12+8-LTS-286
2026-01-07 18:24:58.882 [main] INFO  com.graphhopper.GraphHopper - version 10.0|2024-11-04T16:04:43Z (9,23,7,5,2,9)
2026-01-07 18:24:58.904 [main] INFO  com.graphhopper.GraphHopper - graph foot|RAM_STORE|2D|no_turn_cost|nodes:9,edges:23,geometry:7,location_index:5,string_index:2,nodesCH:0,shortcuts:9, details:edges: 177(1MB), nodes: 199(1MB), bounds: -34.8580337,-34.8522197,-7.1609484,-7.1561425, name:(1MB), geo:1,670/-1(1MB)
2026-01-07 18:24:58.920 [main] INFO  c.g.http.GraphHopperManaged - loaded graph at:graph-cache-unipe, data_reader_file:caminhos_unipe.osm, encoded values:["{\"className\":\"com.graphhopper.routing.ev.SimpleBooleanEncodedValue\",\"name\":\"foot_access\",\"bits\":1,\"min_storable_value\":0,\"max_storable_value\":1,\"max_value\":1,\"negate_reverse_direction\":false,\"store_two_directions\":true,\"fwd_data_index\":0,\"bwd_data_index\":0,\"fwd_shift\":0,\"bwd_shift\":1,\"fwd_mask\":1,\"bwd_mask\":2}","{\"className\":\"com.graphhopper.routing.ev.DecimalEncodedValueImpl\",\"name\":\"foot_average_speed\",\"bits\":4,\"min_storable_value\":0,\"max_storable_value\":15,\"max_value\":5,\"negate_reverse_direction\":false,\"store_two_directions\":false,\"fwd_data_index\":0,\"bwd_data_index\":0,\"fwd_shift\":2,\"bwd_shift\":-1,\"fwd_mask\":60,\"bwd_mask\":0,\"factor\":1.0,\"use_maximum_as_infinity\":false}","{\"className\":\"com.graphhopper.routing.ev.EnumEncodedValue\",\"name\":\"road_class\",\"bits\":5,\"min_storable_value\":0,\"max_storable_value\":31,\"max_value\":16,\"negate_reverse_direction\":false,\"store_two_directions\":false,\"fwd_data_index\":0,\"bwd_data_index\":0,\"fwd_shift\":6,\"bwd_shift\":-1,\"fwd_mask\":1984,\"bwd_mask\":0,\"enum_type\":\"com.graphhopper.routing.ev.RoadClass\"}","{\"className\":\"com.graphhopper.routing.ev.EnumEncodedValue\",\"name\":\"road_environment\",\"bits\":3,\"min_storable_value\":0,\"max_storable_value\":7,\"max_value\":1,\"negate_reverse_direction\":false,\"store_two_directions\":false,\"fwd_data_index\":0,\"bwd_data_index\":0,\"fwd_shift\":11,\"bwd_shift\":-1,\"fwd_mask\":14336,\"bwd_mask\":0,\"enum_type\":\"com.graphhopper.routing.ev.RoadEnvironment\"}","{\"className\":\"com.graphhopper.routing.ev.SimpleBooleanEncodedValue\",\"name\":\"roundabout\",\"bits\":1,\"min_storable_value\":0,\"max_storable_value\":1,\"max_value\":1,\"negate_reverse_direction\":false,\"store_two_directions\":false,\"fwd_data_index\":0,\"bwd_data_index\":0,\"fwd_shift\":14,\"bwd_shift\":-1,\"fwd_mask\":16384,\"bwd_mask\":0}","{\"className\":\"com.graphhopper.routing.ev.SimpleBooleanEncodedValue\",\"name\":\"road_class_link\",\"bits\":1,\"min_storable_value\":0,\"max_storable_value\":1,\"max_value\":-2147483648,\"negate_reverse_direction\":false,\"store_two_directions\":false,\"fwd_data_index\":0,\"bwd_data_index\":0,\"fwd_shift\":15,\"bwd_shift\":-1,\"fwd_mask\":32768,\"bwd_mask\":0}","{\"className\":\"com.graphhopper.routing.ev.DecimalEncodedValueImpl\",\"name\":\"max_speed\",\"bits\":7,\"min_storable_value\":0,\"max_storable_value\":127,\"max_value\":127,\"negate_reverse_direction\":false,\"store_two_directions\":true,\"fwd_data_index\":0,\"bwd_data_index\":0,\"fwd_shift\":16,\"bwd_shift\":23,\"fwd_mask\":8323072,\"bwd_mask\":1065353216,\"factor\":2.0,\"use_maximum_as_infinity\":true}","{\"className\":\"com.graphhopper.routing.ev.DecimalEncodedValueImpl\",\"name\":\"ferry_speed\",\"bits\":5,\"min_storable_value\":0,\"max_storable_value\":31,\"max_value\":-2147483648,\"negate_reverse_direction\":false,\"store_two_directions\":false,\"fwd_data_index\":1,\"bwd_data_index\":0,\"fwd_shift\":0,\"bwd_shift\":-1,\"fwd_mask\":31,\"bwd_mask\":0,\"factor\":2.0,\"use_maximum_as_infinity\":false}","{\"className\":\"com.graphhopper.routing.ev.SimpleBooleanEncodedValue\",\"name\":\"foot_subnetwork\",\"bits\":1,\"min_storable_value\":0,\"max_storable_value\":1,\"max_value\":1,\"negate_reverse_direction\":false,\"store_two_directions\":false,\"fwd_data_index\":1,\"bwd_data_index\":0,\"fwd_shift\":5,\"bwd_shift\":-1,\"fwd_mask\":32,\"bwd_mask\":0}"], 5 bytes for edge flags, edges: 177(1MB), nodes: 199(1MB), bounds: -34.8580337,-34.8522197,-7.1609484,-7.1561425, name:(1MB), geo:1,670/-1(1MB)
2026-01-07 18:24:59.234 [main] WARN  o.g.jersey.internal.inject.Providers - A provider com.codahale.metrics.health.HealthCheckRegistry registered in SERVER runtime does not implement any provider interfaces applicable in the SERVER runtime. Due to constraint configuration problems the provider com.codahale.metrics.health.HealthCheckRegistry will be ignored. 
2026-01-07 18:24:59.370 [main] INFO  i.d.jersey.DropwizardResourceConfig - The following paths were found for the configured resources:

    GET     / (com.graphhopper.application.resources.RootResource)
    GET     /health (com.graphhopper.resources.HealthCheckResource)
    GET     /i18n (com.graphhopper.resources.I18NResource)
    GET     /i18n/{locale} (com.graphhopper.resources.I18NResource)
    GET     /info (com.graphhopper.resources.InfoResource)
    GET     /isochrone (com.graphhopper.resources.IsochroneResource)
    POST    /match (com.graphhopper.resources.MapMatchingResource)
    GET     /mvt/{z}/{x}/{y}.mvt (com.graphhopper.resources.MVTResource)
    GET     /navigate/directions/v5/gh/{profile}/{coordinatesArray : .+} (com.graphhopper.navigation.NavigateResource)
    GET     /nearest (com.graphhopper.resources.NearestResource)
    GET     /route (com.graphhopper.resources.RouteResource)
    POST    /route (com.graphhopper.resources.RouteResource)
    GET     /spt (com.graphhopper.resources.SPTResource)

2026-01-07 18:24:59.373 [main] INFO  o.e.j.server.handler.ContextHandler - Started i.d.j.MutableServletContextHandler@18d47df0{/,null,AVAILABLE}
2026-01-07 18:24:59.378 [main] INFO  i.d.core.setup.AdminEnvironment - tasks = 

    POST    /tasks/log-level (io.dropwizard.servlets.tasks.LogConfigurationTask)
    POST    /tasks/gc (io.dropwizard.servlets.tasks.GarbageCollectionTask)

2026-01-07 18:24:59.379 [main] INFO  o.e.j.server.handler.ContextHandler - Started i.d.j.MutableServletContextHandler@cbd40c1{/,null,AVAILABLE}
2026-01-07 18:24:59.426 [main] INFO  o.e.jetty.server.AbstractConnector - Started application@64693226{HTTP/1.1, (http/1.1)}{localhost:8989}
2026-01-07 18:24:59.432 [main] INFO  o.e.jetty.server.AbstractConnector - Started admin@1c758545{HTTP/1.1, (http/1.1)}{localhost:8990}
2026-01-07 18:24:59.433 [main] INFO  org.eclipse.jetty.server.Server - Started Server@149c3204{STARTING}[10.0.23,sto=30000] @2373ms
2026-01-07 18:24:59.782 [pool-2-thread-12 - GET /route?point=-7.15904573961148,-34.85485553741456&point=-7.158167510226252,-34.85481798648835&profile=foot&points_encoded=false] INFO  c.g.resources.RouteResource - 127.0.0.1 * node [-7.15904573961148,-34.85485553741456, -7.158167510226252,-34.85481798648835], took: 43,9ms, algo: , profile: foot, alternatives: 1, distance0: 117.96872907499471, weight0: 84.93748493399619, time0: 1min, points0: 4, debugInfo: idLookup:0.0099635s; , algoInit:4050 ?s, astarbi|beeline-routing:3 ms, path extraction: 355 ?s, visited nodes sum: 6
2026-01-07 18:25:03.556 [pool-2-thread-1 - GET /route?point=-7.159024449222136,-34.855145215988166&point=-7.158156865011206,-34.85497891902924&profile=foot&points_encoded=false] INFO  c.g.resources.RouteResource - 127.0.0.1 * node [-7.159024449222136,-34.855145215988166, -7.158156865011206,-34.85497891902924], took: 2,6ms, algo: , profile: foot, alternatives: 1, distance0: 155.20014826876087, weight0: 111.74410675350781, time0: 2min, points0: 4, debugInfo: idLookup:0.0012276s; , algoInit:159 ?s, astarbi|beeline-routing:0 ms, path extraction: 22 ?s, visited nodes sum: 6
2026-01-07 18:25:06.747 [pool-2-thread-11 - GET /route?point=-7.159072352596757,-34.85526323318482&point=-7.158252671937629,-34.855150580406196&profile=foot&points_encoded=false] INFO  c.g.resources.RouteResource - 127.0.0.1 * node [-7.159072352596757,-34.85526323318482, -7.158252671937629,-34.855150580406196], took: 1,2ms, algo: , profile: foot, alternatives: 1, distance0: 190.1977785877694, weight0: 136.94240058319394, time0: 2min, points0: 4, debugInfo: idLookup:2.997E-4s; , algoInit:117 ?s, astarbi|beeline-routing:0 ms, path extraction: 15 ?s, visited nodes sum: 8
2026-01-07 18:25:11.945 [pool-2-thread-3 - GET /route?point=-7.159056384805777,-34.854903817176826&point=-7.158870093869693,-34.854415655136116&profile=foot&points_encoded=false] INFO  c.g.resources.RouteResource - 127.0.0.1 * node [-7.159056384805777,-34.854903817176826, -7.158870093869693,-34.854415655136116], took: 6,2ms, algo: , profile: foot, alternatives: 1, distance0: 57.34700872468155, weight0: 41.289846281770714, time0: 1min, points0: 2, debugInfo: idLookup:7.039E-4s; , algoInit:103 ?s, astarbi|beeline-routing:4 ms, path extraction: 19 ?s, visited nodes sum: 4
2026-01-07 18:25:15.520 [pool-2-thread-12 - GET /route?point=-7.1589871910384035,-34.85556900501252&point=-7.158348478843926,-34.85526323318482&profile=foot&points_encoded=false] INFO  c.g.resources.RouteResource - 127.0.0.1 * node [-7.1589871910384035,-34.85556900501252, -7.158348478843926,-34.85526323318482], took: 1,3ms, algo: , profile: foot, alternatives: 1, distance0: 251.29263951114217, weight0: 180.93070044802238, time0: 3min, points0: 5, debugInfo: idLookup:2.743E-4s; , algoInit:125 ?s, astarbi|beeline-routing:0 ms, path extraction: 21 ?s, visited nodes sum: 8
2026-01-07 18:25:18.218 [pool-2-thread-1 - GET /route?point=-7.158689125458933,-34.854458570480354&point=-7.158018477193084,-34.854426383972175&profile=foot&points_encoded=false] INFO  c.g.resources.RouteResource - 127.0.0.1 * node [-7.158689125458933,-34.854458570480354, -7.158018477193084,-34.854426383972175], took: 1,3ms, algo: , profile: foot, alternatives: 1, distance0: 170.2594831859027, weight0: 122.58682789384994, time0: 2min, points0: 4, debugInfo: idLookup:3.24E-4s; , algoInit:108 ?s, astarbi|beeline-routing:0 ms, path extraction: 16 ?s, visited nodes sum: 6
2026-01-07 18:25:19.539 [pool-2-thread-12 - GET /route?point=-7.158497511769287,-34.855145215988166&point=-7.158156865011206,-34.85535442829133&profile=foot&points_encoded=false] INFO  c.g.resources.RouteResource - 127.0.0.1 * node [-7.158497511769287,-34.855145215988166, -7.158156865011206,-34.85535442829133], took: 1,1ms, algo: , profile: foot, alternatives: 1, distance0: 12.477353089685373, weight0: 8.983694224573469, time0: 0min, points0: 2, debugInfo: idLookup:3.206E-4s; , algoInit:119 ?s, astarbi|beeline-routing:0 ms, path extraction: 8 ?s, visited nodes sum: 4
2026-01-07 18:25:57.189 [pool-2-thread-4 - GET /route?point=-7.159178804522356,-34.85534369945527&point=-7.15824202672458,-34.85481798648835&profile=foot&points_encoded=false] INFO  c.g.resources.RouteResource - 127.0.0.1 * node [-7.159178804522356,-34.85534369945527, -7.15824202672458,-34.85481798648835], took: 1,0ms, algo: , profile: foot, alternatives: 1, distance0: 160.18954437494318, weight0: 115.33647194995908, time0: 2min, points0: 3, debugInfo: idLookup:1.876E-4s; , algoInit:127 ?s, astarbi|beeline-routing:0 ms, path extraction: 13 ?s, visited nodes sum: 6
2026-01-07 18:25:59.753 [pool-2-thread-1 - GET /route?point=-7.159008481429477,-34.85512375831605&point=-7.158252671937629,-34.85450148582459&profile=foot&points_encoded=false] INFO  c.g.resources.RouteResource - 127.0.0.1 * node [-7.159008481429477,-34.85512375831605, -7.158252671937629,-34.85450148582459], took: 1,6ms, algo: , profile: foot, alternatives: 1, distance0: 176.82138502899357, weight0: 127.31139722087539, time0: 2min, points0: 4, debugInfo: idLookup:3.202E-4s; , algoInit:187 ?s, astarbi|beeline-routing:0 ms, path extraction: 17 ?s, visited nodes sum: 6
2026-01-07 18:26:18.942 [pool-2-thread-5 - GET /route?point=-7.158917997260521,-34.85427081584931&point=-7.158295252787357,-34.85534369945527&profile=foot&points_encoded=false] INFO  c.g.resources.RouteResource - 127.0.0.1 * node [-7.158917997260521,-34.85427081584931, -7.158295252787357,-34.85534369945527], took: 1,2ms, algo: , profile: foot, alternatives: 1, distance0: 187.6057811268714, weight0: 135.07616241134738, time0: 2min, points0: 4, debugInfo: idLookup:2.563E-4s; , algoInit:138 ?s, astarbi|beeline-routing:0 ms, path extraction: 29 ?s, visited nodes sum: 6
2026-01-07 18:26:57.629 [pool-2-thread-6 - GET /route?point=-7.1590404170142365,-34.855155944824226&point=-7.158146219795918,-34.85488235950471&profile=car&points_encoded=false] INFO  c.g.h.IllegalArgumentExceptionMapper - bad request: The requested profile 'car' does not exist.
Available profiles: [foot]
java.lang.IllegalArgumentException: The requested profile 'car' does not exist.
Available profiles: [foot]
	at com.graphhopper.http.ProfileResolver.resolveProfile(ProfileResolver.java:46)
	at com.graphhopper.resources.RouteResource.doGet(RouteResource.java:151)
	at java.base/jdk.internal.reflect.NativeMethodAccessorImpl.invoke0(Native Method)
	at java.base/jdk.internal.reflect.NativeMethodAccessorImpl.invoke(NativeMethodAccessorImpl.java:77)
	at java.base/jdk.internal.reflect.DelegatingMethodAccessorImpl.invoke(DelegatingMethodAccessorImpl.java:43)
	at java.base/java.lang.reflect.Method.invoke(Method.java:568)
	at org.glassfish.jersey.server.model.internal.ResourceMethodInvocationHandlerFactory.lambda$static$0(ResourceMethodInvocationHandlerFactory.java:52)
	at org.glassfish.jersey.server.model.internal.AbstractJavaResourceMethodDispatcher$1.run(AbstractJavaResourceMethodDispatcher.java:146)
	at org.glassfish.jersey.server.model.internal.AbstractJavaResourceMethodDispatcher.invoke(AbstractJavaResourceMethodDispatcher.java:189)
	at org.glassfish.jersey.server.model.internal.JavaResourceMethodDispatcherProvider$ResponseOutInvoker.doDispatch(JavaResourceMethodDispatcherProvider.java:176)
	at org.glassfish.jersey.server.model.internal.AbstractJavaResourceMethodDispatcher.dispatch(AbstractJavaResourceMethodDispatcher.java:93)
	at org.glassfish.jersey.server.model.ResourceMethodInvoker.invoke(ResourceMethodInvoker.java:478)
	at org.glassfish.jersey.server.model.ResourceMethodInvoker.apply(ResourceMethodInvoker.java:400)
	at org.glassfish.jersey.server.model.ResourceMethodInvoker.apply(ResourceMethodInvoker.java:81)
	at org.glassfish.jersey.server.ServerRuntime$1.run(ServerRuntime.java:256)
	at org.glassfish.jersey.internal.Errors$1.call(Errors.java:248)
	at org.glassfish.jersey.internal.Errors$1.call(Errors.java:244)
	at org.glassfish.jersey.internal.Errors.process(Errors.java:292)
	at org.glassfish.jersey.internal.Errors.process(Errors.java:274)
	at org.glassfish.jersey.internal.Errors.process(Errors.java:244)
	at org.glassfish.jersey.process.internal.RequestScope.runInScope(RequestScope.java:265)
	at org.glassfish.jersey.server.ServerRuntime.process(ServerRuntime.java:235)
	at org.glassfish.jersey.server.ApplicationHandler.handle(ApplicationHandler.java:684)
	at org.glassfish.jersey.servlet.WebComponent.serviceImpl(WebComponent.java:397)
	at org.glassfish.jersey.servlet.WebComponent.service(WebComponent.java:349)
	at org.glassfish.jersey.servlet.ServletContainer.service(ServletContainer.java:379)
	at org.glassfish.jersey.servlet.ServletContainer.service(ServletContainer.java:312)
	at org.glassfish.jersey.servlet.ServletContainer.service(ServletContainer.java:205)
	at org.eclipse.jetty.servlet.ServletHolder.handle(ServletHolder.java:764)
	at org.eclipse.jetty.servlet.ServletHandler$ChainEnd.doFilter(ServletHandler.java:1665)
	at io.dropwizard.servlets.ThreadNameFilter.doFilter(ThreadNameFilter.java:35)
	at org.eclipse.jetty.servlet.FilterHolder.doFilter(FilterHolder.java:202)
	at org.eclipse.jetty.servlet.ServletHandler$Chain.doFilter(ServletHandler.java:1635)
	at io.dropwizard.jersey.filter.AllowedMethodsFilter.handle(AllowedMethodsFilter.java:46)
	at io.dropwizard.jersey.filter.AllowedMethodsFilter.doFilter(AllowedMethodsFilter.java:40)
	at org.eclipse.jetty.servlet.FilterHolder.doFilter(FilterHolder.java:202)
	at org.eclipse.jetty.servlet.ServletHandler$Chain.doFilter(ServletHandler.java:1635)
	at com.graphhopper.http.CORSFilter.doFilter(CORSFilter.java:36)
	at org.eclipse.jetty.servlet.FilterHolder.doFilter(FilterHolder.java:202)
	at org.eclipse.jetty.servlet.ServletHandler$Chain.doFilter(ServletHandler.java:1635)
	at org.eclipse.jetty.servlet.ServletHandler.doHandle(ServletHandler.java:527)
	at org.eclipse.jetty.server.handler.ScopedHandler.nextHandle(ScopedHandler.java:221)
	at org.eclipse.jetty.server.handler.ContextHandler.doHandle(ContextHandler.java:1384)
	at org.eclipse.jetty.server.handler.ScopedHandler.nextScope(ScopedHandler.java:176)
	at org.eclipse.jetty.servlet.ServletHandler.doScope(ServletHandler.java:484)
	at org.eclipse.jetty.server.handler.ScopedHandler.nextScope(ScopedHandler.java:174)
	at org.eclipse.jetty.server.handler.ContextHandler.doScope(ContextHandler.java:1306)
	at org.eclipse.jetty.server.handler.ScopedHandler.handle(ScopedHandler.java:129)
	at org.eclipse.jetty.server.handler.HandlerWrapper.handle(HandlerWrapper.java:122)
	at io.dropwizard.metrics.jetty10.InstrumentedHandler.handle(InstrumentedHandler.java:314)
	at io.dropwizard.jetty.RoutingHandler.handle(RoutingHandler.java:52)
	at org.eclipse.jetty.server.handler.HandlerWrapper.handle(HandlerWrapper.java:122)
	at org.eclipse.jetty.server.handler.gzip.GzipHandler.handle(GzipHandler.java:822)
	at io.dropwizard.jetty.ZipExceptionHandlingGzipHandler.handle(ZipExceptionHandlingGzipHandler.java:26)
	at org.eclipse.jetty.server.handler.StatisticsHandler.handle(StatisticsHandler.java:173)
	at org.eclipse.jetty.server.handler.HandlerWrapper.handle(HandlerWrapper.java:122)
	at org.eclipse.jetty.server.Server.handle(Server.java:563)
	at org.eclipse.jetty.server.HttpChannel$RequestDispatchable.dispatch(HttpChannel.java:1598)
	at org.eclipse.jetty.server.HttpChannel.dispatch(HttpChannel.java:753)
	at org.eclipse.jetty.server.HttpChannel.handle(HttpChannel.java:501)
	at org.eclipse.jetty.server.HttpConnection.onFillable(HttpConnection.java:287)
	at org.eclipse.jetty.io.AbstractConnection$ReadCallback.succeeded(AbstractConnection.java:314)
	at org.eclipse.jetty.io.FillInterest.fillable(FillInterest.java:100)
	at org.eclipse.jetty.io.SelectableChannelEndPoint$1.run(SelectableChannelEndPoint.java:53)
	at org.eclipse.jetty.util.thread.strategy.AdaptiveExecutionStrategy.runTask(AdaptiveExecutionStrategy.java:421)
	at org.eclipse.jetty.util.thread.strategy.AdaptiveExecutionStrategy.consumeTask(AdaptiveExecutionStrategy.java:390)
	at org.eclipse.jetty.util.thread.strategy.AdaptiveExecutionStrategy.tryProduce(AdaptiveExecutionStrategy.java:277)
	at org.eclipse.jetty.util.thread.strategy.AdaptiveExecutionStrategy.produce(AdaptiveExecutionStrategy.java:193)
	at org.eclipse.jetty.util.thread.QueuedThreadPool.runJob(QueuedThreadPool.java:969)
	at org.eclipse.jetty.util.thread.QueuedThreadPool$Runner.doRunJob(QueuedThreadPool.java:1194)
	at org.eclipse.jetty.util.thread.QueuedThreadPool$Runner.run(QueuedThreadPool.java:1149)
	at java.base/java.lang.Thread.run(Thread.java:842)
2026-01-07 18:27:06.997 [pool-2-thread-7 - GET /route?point=-7.15905106220866,-34.85500037670136&point=-7.158231381511277,-34.85508084297181&profile=foot&points_encoded=false] INFO  c.g.resources.RouteResource - 127.0.0.1 * node [-7.15905106220866,-34.85500037670136, -7.158231381511277,-34.85508084297181], took: 1,0ms, algo: , profile: foot, alternatives: 1, distance0: 153.49755977232132, weight0: 110.51824303607137, time0: 2min, points0: 4, debugInfo: idLookup:2.273E-4s; , algoInit:107 ?s, astarbi|beeline-routing:0 ms, path extraction: 14 ?s, visited nodes sum: 6
2026-01-07 18:28:52.014 [pool-2-thread-14 - GET /route?point=-7.15905106220866,-34.854941368103034&point=-7.158279284969177,-34.85478043556214&profile=vehicle&points_encoded=false] INFO  c.g.h.IllegalArgumentExceptionMapper - bad request: The requested profile 'vehicle' does not exist.
Available profiles: [foot]
java.lang.IllegalArgumentException: The requested profile 'vehicle' does not exist.
Available profiles: [foot]
	at com.graphhopper.http.ProfileResolver.resolveProfile(ProfileResolver.java:46)
	at com.graphhopper.resources.RouteResource.doGet(RouteResource.java:151)
	at java.base/jdk.internal.reflect.NativeMethodAccessorImpl.invoke0(Native Method)
	at java.base/jdk.internal.reflect.NativeMethodAccessorImpl.invoke(NativeMethodAccessorImpl.java:77)
	at java.base/jdk.internal.reflect.DelegatingMethodAccessorImpl.invoke(DelegatingMethodAccessorImpl.java:43)
	at java.base/java.lang.reflect.Method.invoke(Method.java:568)
	at org.glassfish.jersey.server.model.internal.ResourceMethodInvocationHandlerFactory.lambda$static$0(ResourceMethodInvocationHandlerFactory.java:52)
	at org.glassfish.jersey.server.model.internal.AbstractJavaResourceMethodDispatcher$1.run(AbstractJavaResourceMethodDispatcher.java:146)
	at org.glassfish.jersey.server.model.internal.AbstractJavaResourceMethodDispatcher.invoke(AbstractJavaResourceMethodDispatcher.java:189)
	at org.glassfish.jersey.server.model.internal.JavaResourceMethodDispatcherProvider$ResponseOutInvoker.doDispatch(JavaResourceMethodDispatcherProvider.java:176)
	at org.glassfish.jersey.server.model.internal.AbstractJavaResourceMethodDispatcher.dispatch(AbstractJavaResourceMethodDispatcher.java:93)
	at org.glassfish.jersey.server.model.ResourceMethodInvoker.invoke(ResourceMethodInvoker.java:478)
	at org.glassfish.jersey.server.model.ResourceMethodInvoker.apply(ResourceMethodInvoker.java:400)
	at org.glassfish.jersey.server.model.ResourceMethodInvoker.apply(ResourceMethodInvoker.java:81)
	at org.glassfish.jersey.server.ServerRuntime$1.run(ServerRuntime.java:256)
	at org.glassfish.jersey.internal.Errors$1.call(Errors.java:248)
	at org.glassfish.jersey.internal.Errors$1.call(Errors.java:244)
	at org.glassfish.jersey.internal.Errors.process(Errors.java:292)
	at org.glassfish.jersey.internal.Errors.process(Errors.java:274)
	at org.glassfish.jersey.internal.Errors.process(Errors.java:244)
	at org.glassfish.jersey.process.internal.RequestScope.runInScope(RequestScope.java:265)
	at org.glassfish.jersey.server.ServerRuntime.process(ServerRuntime.java:235)
	at org.glassfish.jersey.server.ApplicationHandler.handle(ApplicationHandler.java:684)
	at org.glassfish.jersey.servlet.WebComponent.serviceImpl(WebComponent.java:397)
	at org.glassfish.jersey.servlet.WebComponent.service(WebComponent.java:349)
	at org.glassfish.jersey.servlet.ServletContainer.service(ServletContainer.java:379)
	at org.glassfish.jersey.servlet.ServletContainer.service(ServletContainer.java:312)
	at org.glassfish.jersey.servlet.ServletContainer.service(ServletContainer.java:205)
	at org.eclipse.jetty.servlet.ServletHolder.handle(ServletHolder.java:764)
	at org.eclipse.jetty.servlet.ServletHandler$ChainEnd.doFilter(ServletHandler.java:1665)
	at io.dropwizard.servlets.ThreadNameFilter.doFilter(ThreadNameFilter.java:35)
	at org.eclipse.jetty.servlet.FilterHolder.doFilter(FilterHolder.java:202)
	at org.eclipse.jetty.servlet.ServletHandler$Chain.doFilter(ServletHandler.java:1635)
	at io.dropwizard.jersey.filter.AllowedMethodsFilter.handle(AllowedMethodsFilter.java:46)
	at io.dropwizard.jersey.filter.AllowedMethodsFilter.doFilter(AllowedMethodsFilter.java:40)
	at org.eclipse.jetty.servlet.FilterHolder.doFilter(FilterHolder.java:202)
	at org.eclipse.jetty.servlet.ServletHandler$Chain.doFilter(ServletHandler.java:1635)
	at com.graphhopper.http.CORSFilter.doFilter(CORSFilter.java:36)
	at org.eclipse.jetty.servlet.FilterHolder.doFilter(FilterHolder.java:202)
	at org.eclipse.jetty.servlet.ServletHandler$Chain.doFilter(ServletHandler.java:1635)
	at org.eclipse.jetty.servlet.ServletHandler.doHandle(ServletHandler.java:527)
	at org.eclipse.jetty.server.handler.ScopedHandler.nextHandle(ScopedHandler.java:221)
	at org.eclipse.jetty.server.handler.ContextHandler.doHandle(ContextHandler.java:1384)
	at org.eclipse.jetty.server.handler.ScopedHandler.nextScope(ScopedHandler.java:176)
	at org.eclipse.jetty.servlet.ServletHandler.doScope(ServletHandler.java:484)
	at org.eclipse.jetty.server.handler.ScopedHandler.nextScope(ScopedHandler.java:174)
	at org.eclipse.jetty.server.handler.ContextHandler.doScope(ContextHandler.java:1306)
	at org.eclipse.jetty.server.handler.ScopedHandler.handle(ScopedHandler.java:129)
	at org.eclipse.jetty.server.handler.HandlerWrapper.handle(HandlerWrapper.java:122)
	at io.dropwizard.metrics.jetty10.InstrumentedHandler.handle(InstrumentedHandler.java:314)
	at io.dropwizard.jetty.RoutingHandler.handle(RoutingHandler.java:52)
	at org.eclipse.jetty.server.handler.HandlerWrapper.handle(HandlerWrapper.java:122)
	at org.eclipse.jetty.server.handler.gzip.GzipHandler.handle(GzipHandler.java:822)
	at io.dropwizard.jetty.ZipExceptionHandlingGzipHandler.handle(ZipExceptionHandlingGzipHandler.java:26)
	at org.eclipse.jetty.server.handler.StatisticsHandler.handle(StatisticsHandler.java:173)
	at org.eclipse.jetty.server.handler.HandlerWrapper.handle(HandlerWrapper.java:122)
	at org.eclipse.jetty.server.Server.handle(Server.java:563)
	at org.eclipse.jetty.server.HttpChannel$RequestDispatchable.dispatch(HttpChannel.java:1598)
	at org.eclipse.jetty.server.HttpChannel.dispatch(HttpChannel.java:753)
	at org.eclipse.jetty.server.HttpChannel.handle(HttpChannel.java:501)
	at org.eclipse.jetty.server.HttpConnection.onFillable(HttpConnection.java:287)
	at org.eclipse.jetty.io.AbstractConnection$ReadCallback.succeeded(AbstractConnection.java:314)
	at org.eclipse.jetty.io.FillInterest.fillable(FillInterest.java:100)
	at org.eclipse.jetty.io.SelectableChannelEndPoint$1.run(SelectableChannelEndPoint.java:53)
	at org.eclipse.jetty.util.thread.QueuedThreadPool.runJob(QueuedThreadPool.java:969)
	at org.eclipse.jetty.util.thread.QueuedThreadPool$Runner.doRunJob(QueuedThreadPool.java:1194)
	at org.eclipse.jetty.util.thread.QueuedThreadPool$Runner.run(QueuedThreadPool.java:1149)
	at java.base/java.lang.Thread.run(Thread.java:842)
2026-01-07 18:30:29.662 [JettyShutdownThread] INFO  org.eclipse.jetty.server.Server - Stopped Server@149c3204{STOPPING}[10.0.23,sto=30000]
2026-01-07 18:30:29.662 [JettyShutdownThread] INFO  org.eclipse.jetty.server.Server - Shutdown Server@149c3204{STOPPING}[10.0.23,sto=30000]
2026-01-07 18:30:29.666 [JettyShutdownThread] INFO  o.e.jetty.server.AbstractConnector - Stopped application@64693226{HTTP/1.1, (http/1.1)}{localhost:8989}
2026-01-07 18:30:29.666 [JettyShutdownThread] INFO  o.e.jetty.server.AbstractConnector - Stopped admin@1c758545{HTTP/1.1, (http/1.1)}{localhost:8990}
2026-01-07 18:30:29.667 [JettyShutdownThread] INFO  o.e.j.server.handler.ContextHandler - Stopped i.d.j.MutableServletContextHandler@cbd40c1{/,null,STOPPED}
2026-01-07 18:30:29.671 [JettyShutdownThread] INFO  o.e.j.server.handler.ContextHandler - Stopped i.d.j.MutableServletContextHandler@18d47df0{/,null,STOPPED}
2026-01-07 18:30:32.939 [main] INFO  i.d.core.server.DefaultServerFactory - Registering jersey handler with root path prefix: /
2026-01-07 18:30:32.941 [main] INFO  i.d.core.server.DefaultServerFactory - Registering admin handler with root path prefix: /
2026-01-07 18:30:33.194 [main] INFO  io.dropwizard.assets.AssetsBundle - Registering AssetBundle with name: assets for path /maps/*
2026-01-07 18:30:33.195 [main] INFO  io.dropwizard.assets.AssetsBundle - Registering AssetBundle with name: webjars for path /webjars/*
2026-01-07 18:30:33.202 [main] INFO  i.d.core.server.ServerFactory - Starting GraphHopperApplication
                        _     _
   __ _ _ __ __ _ _ __ | |__ | |__   ___  _ __  _ __   ___ _ __
  / _` | '__/ _` | '_ \| '_ \| '_ \ / _ \| '_ \| '_ \ / _ \ '__|
 | (_| | | | (_| | |_) | | | | | | | (_) | |_) | |_) |  __/ |
  \__, |_|  \__,_| .__/|_| |_|_| |_|\___/| .__/| .__/ \___|_|
  |___/          |_|                     |_|   |_|
2026-01-07 18:30:33.298 [main] INFO  o.e.jetty.setuid.SetUIDListener - Opened application@64693226{HTTP/1.1, (http/1.1)}{localhost:8989}
2026-01-07 18:30:33.299 [main] INFO  o.e.jetty.setuid.SetUIDListener - Opened admin@1c758545{HTTP/1.1, (http/1.1)}{localhost:8990}
2026-01-07 18:30:33.301 [main] INFO  org.eclipse.jetty.server.Server - jetty-10.0.23; built: 2024-08-14T01:14:42.815Z; git: 570aa4a1395ca8f9f800045f3a1fe5fe3af9a598; jvm 17.0.12+8-LTS-286
2026-01-07 18:30:33.519 [main] INFO  com.graphhopper.GraphHopper - version 10.0|2024-11-04T16:04:43Z (9,23,7,5,2,9)
2026-01-07 18:30:33.536 [main] INFO  com.graphhopper.GraphHopper - graph foot|RAM_STORE|2D|no_turn_cost|nodes:9,edges:23,geometry:7,location_index:5,string_index:2,nodesCH:0,shortcuts:9, details:edges: 177(1MB), nodes: 199(1MB), bounds: -34.8580337,-34.8522197,-7.1609484,-7.1561425, name:(1MB), geo:1,670/-1(1MB)
2026-01-07 18:30:33.553 [main] INFO  c.g.http.GraphHopperManaged - loaded graph at:graph-cache-unipe, data_reader_file:caminhos_unipe.osm, encoded values:["{\"className\":\"com.graphhopper.routing.ev.SimpleBooleanEncodedValue\",\"name\":\"foot_access\",\"bits\":1,\"min_storable_value\":0,\"max_storable_value\":1,\"max_value\":1,\"negate_reverse_direction\":false,\"store_two_directions\":true,\"fwd_data_index\":0,\"bwd_data_index\":0,\"fwd_shift\":0,\"bwd_shift\":1,\"fwd_mask\":1,\"bwd_mask\":2}","{\"className\":\"com.graphhopper.routing.ev.DecimalEncodedValueImpl\",\"name\":\"foot_average_speed\",\"bits\":4,\"min_storable_value\":0,\"max_storable_value\":15,\"max_value\":5,\"negate_reverse_direction\":false,\"store_two_directions\":false,\"fwd_data_index\":0,\"bwd_data_index\":0,\"fwd_shift\":2,\"bwd_shift\":-1,\"fwd_mask\":60,\"bwd_mask\":0,\"factor\":1.0,\"use_maximum_as_infinity\":false}","{\"className\":\"com.graphhopper.routing.ev.EnumEncodedValue\",\"name\":\"road_class\",\"bits\":5,\"min_storable_value\":0,\"max_storable_value\":31,\"max_value\":16,\"negate_reverse_direction\":false,\"store_two_directions\":false,\"fwd_data_index\":0,\"bwd_data_index\":0,\"fwd_shift\":6,\"bwd_shift\":-1,\"fwd_mask\":1984,\"bwd_mask\":0,\"enum_type\":\"com.graphhopper.routing.ev.RoadClass\"}","{\"className\":\"com.graphhopper.routing.ev.EnumEncodedValue\",\"name\":\"road_environment\",\"bits\":3,\"min_storable_value\":0,\"max_storable_value\":7,\"max_value\":1,\"negate_reverse_direction\":false,\"store_two_directions\":false,\"fwd_data_index\":0,\"bwd_data_index\":0,\"fwd_shift\":11,\"bwd_shift\":-1,\"fwd_mask\":14336,\"bwd_mask\":0,\"enum_type\":\"com.graphhopper.routing.ev.RoadEnvironment\"}","{\"className\":\"com.graphhopper.routing.ev.SimpleBooleanEncodedValue\",\"name\":\"roundabout\",\"bits\":1,\"min_storable_value\":0,\"max_storable_value\":1,\"max_value\":1,\"negate_reverse_direction\":false,\"store_two_directions\":false,\"fwd_data_index\":0,\"bwd_data_index\":0,\"fwd_shift\":14,\"bwd_shift\":-1,\"fwd_mask\":16384,\"bwd_mask\":0}","{\"className\":\"com.graphhopper.routing.ev.SimpleBooleanEncodedValue\",\"name\":\"road_class_link\",\"bits\":1,\"min_storable_value\":0,\"max_storable_value\":1,\"max_value\":-2147483648,\"negate_reverse_direction\":false,\"store_two_directions\":false,\"fwd_data_index\":0,\"bwd_data_index\":0,\"fwd_shift\":15,\"bwd_shift\":-1,\"fwd_mask\":32768,\"bwd_mask\":0}","{\"className\":\"com.graphhopper.routing.ev.DecimalEncodedValueImpl\",\"name\":\"max_speed\",\"bits\":7,\"min_storable_value\":0,\"max_storable_value\":127,\"max_value\":127,\"negate_reverse_direction\":false,\"store_two_directions\":true,\"fwd_data_index\":0,\"bwd_data_index\":0,\"fwd_shift\":16,\"bwd_shift\":23,\"fwd_mask\":8323072,\"bwd_mask\":1065353216,\"factor\":2.0,\"use_maximum_as_infinity\":true}","{\"className\":\"com.graphhopper.routing.ev.DecimalEncodedValueImpl\",\"name\":\"ferry_speed\",\"bits\":5,\"min_storable_value\":0,\"max_storable_value\":31,\"max_value\":-2147483648,\"negate_reverse_direction\":false,\"store_two_directions\":false,\"fwd_data_index\":1,\"bwd_data_index\":0,\"fwd_shift\":0,\"bwd_shift\":-1,\"fwd_mask\":31,\"bwd_mask\":0,\"factor\":2.0,\"use_maximum_as_infinity\":false}","{\"className\":\"com.graphhopper.routing.ev.SimpleBooleanEncodedValue\",\"name\":\"foot_subnetwork\",\"bits\":1,\"min_storable_value\":0,\"max_storable_value\":1,\"max_value\":1,\"negate_reverse_direction\":false,\"store_two_directions\":false,\"fwd_data_index\":1,\"bwd_data_index\":0,\"fwd_shift\":5,\"bwd_shift\":-1,\"fwd_mask\":32,\"bwd_mask\":0}"], 5 bytes for edge flags, edges: 177(1MB), nodes: 199(1MB), bounds: -34.8580337,-34.8522197,-7.1609484,-7.1561425, name:(1MB), geo:1,670/-1(1MB)
2026-01-07 18:30:33.855 [main] WARN  o.g.jersey.internal.inject.Providers - A provider com.codahale.metrics.health.HealthCheckRegistry registered in SERVER runtime does not implement any provider interfaces applicable in the SERVER runtime. Due to constraint configuration problems the provider com.codahale.metrics.health.HealthCheckRegistry will be ignored. 
2026-01-07 18:30:33.984 [main] INFO  i.d.jersey.DropwizardResourceConfig - The following paths were found for the configured resources:

    GET     / (com.graphhopper.application.resources.RootResource)
    GET     /health (com.graphhopper.resources.HealthCheckResource)
    GET     /i18n (com.graphhopper.resources.I18NResource)
    GET     /i18n/{locale} (com.graphhopper.resources.I18NResource)
    GET     /info (com.graphhopper.resources.InfoResource)
    GET     /isochrone (com.graphhopper.resources.IsochroneResource)
    POST    /match (com.graphhopper.resources.MapMatchingResource)
    GET     /mvt/{z}/{x}/{y}.mvt (com.graphhopper.resources.MVTResource)
    GET     /navigate/directions/v5/gh/{profile}/{coordinatesArray : .+} (com.graphhopper.navigation.NavigateResource)
    GET     /nearest (com.graphhopper.resources.NearestResource)
    GET     /route (com.graphhopper.resources.RouteResource)
    POST    /route (com.graphhopper.resources.RouteResource)
    GET     /spt (com.graphhopper.resources.SPTResource)

2026-01-07 18:30:33.986 [main] INFO  o.e.j.server.handler.ContextHandler - Started i.d.j.MutableServletContextHandler@18d47df0{/,null,AVAILABLE}
2026-01-07 18:30:33.990 [main] INFO  i.d.core.setup.AdminEnvironment - tasks = 

    POST    /tasks/log-level (io.dropwizard.servlets.tasks.LogConfigurationTask)
    POST    /tasks/gc (io.dropwizard.servlets.tasks.GarbageCollectionTask)

2026-01-07 18:30:33.991 [main] INFO  o.e.j.server.handler.ContextHandler - Started i.d.j.MutableServletContextHandler@cbd40c1{/,null,AVAILABLE}
2026-01-07 18:30:34.031 [main] INFO  o.e.jetty.server.AbstractConnector - Started application@64693226{HTTP/1.1, (http/1.1)}{localhost:8989}
2026-01-07 18:30:34.038 [main] INFO  o.e.jetty.server.AbstractConnector - Started admin@1c758545{HTTP/1.1, (http/1.1)}{localhost:8990}
2026-01-07 18:30:34.039 [main] INFO  org.eclipse.jetty.server.Server - Started Server@149c3204{STARTING}[10.0.23,sto=30000] @2161ms
2026-01-07 18:30:52.372 [pool-2-thread-12 - GET /route?point=-7.15905106220866,-34.85502183437348&point=-7.158178155441044,-34.85483407974244&profile=foot&points_encoded=false] INFO  c.g.resources.RouteResource - 127.0.0.1 * node [-7.15905106220866,-34.85502183437348, -7.158178155441044,-34.85483407974244], took: 50,9ms, algo: , profile: foot, alternatives: 1, distance0: 133.8468681518485, weight0: 96.36974506933092, time0: 2min, points0: 4, debugInfo: idLookup:0.0109495s; , algoInit:4227 ?s, astarbi|beeline-routing:4 ms, path extraction: 549 ?s, visited nodes sum: 6
2026-01-07 18:31:57.212 [pool-2-thread-13 - GET /route?point=-7.1590138040271025,-34.854919910430915&point=-7.158268639756739,-34.85474824905396&profile=vehicle&points_encoded=false] INFO  c.g.h.IllegalArgumentExceptionMapper - bad request: The requested profile 'vehicle' does not exist.
Available profiles: [foot]
java.lang.IllegalArgumentException: The requested profile 'vehicle' does not exist.
Available profiles: [foot]
	at com.graphhopper.http.ProfileResolver.resolveProfile(ProfileResolver.java:46)
	at com.graphhopper.resources.RouteResource.doGet(RouteResource.java:151)
	at java.base/jdk.internal.reflect.NativeMethodAccessorImpl.invoke0(Native Method)
	at java.base/jdk.internal.reflect.NativeMethodAccessorImpl.invoke(NativeMethodAccessorImpl.java:77)
	at java.base/jdk.internal.reflect.DelegatingMethodAccessorImpl.invoke(DelegatingMethodAccessorImpl.java:43)
	at java.base/java.lang.reflect.Method.invoke(Method.java:568)
	at org.glassfish.jersey.server.model.internal.ResourceMethodInvocationHandlerFactory.lambda$static$0(ResourceMethodInvocationHandlerFactory.java:52)
	at org.glassfish.jersey.server.model.internal.AbstractJavaResourceMethodDispatcher$1.run(AbstractJavaResourceMethodDispatcher.java:146)
	at org.glassfish.jersey.server.model.internal.AbstractJavaResourceMethodDispatcher.invoke(AbstractJavaResourceMethodDispatcher.java:189)
	at org.glassfish.jersey.server.model.internal.JavaResourceMethodDispatcherProvider$ResponseOutInvoker.doDispatch(JavaResourceMethodDispatcherProvider.java:176)
	at org.glassfish.jersey.server.model.internal.AbstractJavaResourceMethodDispatcher.dispatch(AbstractJavaResourceMethodDispatcher.java:93)
	at org.glassfish.jersey.server.model.ResourceMethodInvoker.invoke(ResourceMethodInvoker.java:478)
	at org.glassfish.jersey.server.model.ResourceMethodInvoker.apply(ResourceMethodInvoker.java:400)
	at org.glassfish.jersey.server.model.ResourceMethodInvoker.apply(ResourceMethodInvoker.java:81)
	at org.glassfish.jersey.server.ServerRuntime$1.run(ServerRuntime.java:256)
	at org.glassfish.jersey.internal.Errors$1.call(Errors.java:248)
	at org.glassfish.jersey.internal.Errors$1.call(Errors.java:244)
	at org.glassfish.jersey.internal.Errors.process(Errors.java:292)
	at org.glassfish.jersey.internal.Errors.process(Errors.java:274)
	at org.glassfish.jersey.internal.Errors.process(Errors.java:244)
	at org.glassfish.jersey.process.internal.RequestScope.runInScope(RequestScope.java:265)
	at org.glassfish.jersey.server.ServerRuntime.process(ServerRuntime.java:235)
	at org.glassfish.jersey.server.ApplicationHandler.handle(ApplicationHandler.java:684)
	at org.glassfish.jersey.servlet.WebComponent.serviceImpl(WebComponent.java:397)
	at org.glassfish.jersey.servlet.WebComponent.service(WebComponent.java:349)
	at org.glassfish.jersey.servlet.ServletContainer.service(ServletContainer.java:379)
	at org.glassfish.jersey.servlet.ServletContainer.service(ServletContainer.java:312)
	at org.glassfish.jersey.servlet.ServletContainer.service(ServletContainer.java:205)
	at org.eclipse.jetty.servlet.ServletHolder.handle(ServletHolder.java:764)
	at org.eclipse.jetty.servlet.ServletHandler$ChainEnd.doFilter(ServletHandler.java:1665)
	at io.dropwizard.servlets.ThreadNameFilter.doFilter(ThreadNameFilter.java:35)
	at org.eclipse.jetty.servlet.FilterHolder.doFilter(FilterHolder.java:202)
	at org.eclipse.jetty.servlet.ServletHandler$Chain.doFilter(ServletHandler.java:1635)
	at io.dropwizard.jersey.filter.AllowedMethodsFilter.handle(AllowedMethodsFilter.java:46)
	at io.dropwizard.jersey.filter.AllowedMethodsFilter.doFilter(AllowedMethodsFilter.java:40)
	at org.eclipse.jetty.servlet.FilterHolder.doFilter(FilterHolder.java:202)
	at org.eclipse.jetty.servlet.ServletHandler$Chain.doFilter(ServletHandler.java:1635)
	at com.graphhopper.http.CORSFilter.doFilter(CORSFilter.java:36)
	at org.eclipse.jetty.servlet.FilterHolder.doFilter(FilterHolder.java:202)
	at org.eclipse.jetty.servlet.ServletHandler$Chain.doFilter(ServletHandler.java:1635)
	at org.eclipse.jetty.servlet.ServletHandler.doHandle(ServletHandler.java:527)
	at org.eclipse.jetty.server.handler.ScopedHandler.nextHandle(ScopedHandler.java:221)
	at org.eclipse.jetty.server.handler.ContextHandler.doHandle(ContextHandler.java:1384)
	at org.eclipse.jetty.server.handler.ScopedHandler.nextScope(ScopedHandler.java:176)
	at org.eclipse.jetty.servlet.ServletHandler.doScope(ServletHandler.java:484)
	at org.eclipse.jetty.server.handler.ScopedHandler.nextScope(ScopedHandler.java:174)
	at org.eclipse.jetty.server.handler.ContextHandler.doScope(ContextHandler.java:1306)
	at org.eclipse.jetty.server.handler.ScopedHandler.handle(ScopedHandler.java:129)
	at org.eclipse.jetty.server.handler.HandlerWrapper.handle(HandlerWrapper.java:122)
	at io.dropwizard.metrics.jetty10.InstrumentedHandler.handle(InstrumentedHandler.java:314)
	at io.dropwizard.jetty.RoutingHandler.handle(RoutingHandler.java:52)
	at org.eclipse.jetty.server.handler.HandlerWrapper.handle(HandlerWrapper.java:122)
	at org.eclipse.jetty.server.handler.gzip.GzipHandler.handle(GzipHandler.java:822)
	at io.dropwizard.jetty.ZipExceptionHandlingGzipHandler.handle(ZipExceptionHandlingGzipHandler.java:26)
	at org.eclipse.jetty.server.handler.StatisticsHandler.handle(StatisticsHandler.java:173)
	at org.eclipse.jetty.server.handler.HandlerWrapper.handle(HandlerWrapper.java:122)
	at org.eclipse.jetty.server.Server.handle(Server.java:563)
	at org.eclipse.jetty.server.HttpChannel$RequestDispatchable.dispatch(HttpChannel.java:1598)
	at org.eclipse.jetty.server.HttpChannel.dispatch(HttpChannel.java:753)
	at org.eclipse.jetty.server.HttpChannel.handle(HttpChannel.java:501)
	at org.eclipse.jetty.server.HttpConnection.onFillable(HttpConnection.java:287)
	at org.eclipse.jetty.io.AbstractConnection$ReadCallback.succeeded(AbstractConnection.java:314)
	at org.eclipse.jetty.io.FillInterest.fillable(FillInterest.java:100)
	at org.eclipse.jetty.io.SelectableChannelEndPoint$1.run(SelectableChannelEndPoint.java:53)
	at org.eclipse.jetty.util.thread.QueuedThreadPool.runJob(QueuedThreadPool.java:969)
	at org.eclipse.jetty.util.thread.QueuedThreadPool$Runner.doRunJob(QueuedThreadPool.java:1194)
	at org.eclipse.jetty.util.thread.QueuedThreadPool$Runner.run(QueuedThreadPool.java:1149)
	at java.base/java.lang.Thread.run(Thread.java:842)
2026-01-07 18:32:13.320 [pool-2-thread-4 - GET /route?point=-7.15905106220866,-34.85511302947999&point=-7.15832718842204,-34.85480189323426&profile=pedestrian&points_encoded=false] INFO  c.g.h.IllegalArgumentExceptionMapper - bad request: The requested profile 'pedestrian' does not exist.
Available profiles: [foot]
java.lang.IllegalArgumentException: The requested profile 'pedestrian' does not exist.
Available profiles: [foot]
	at com.graphhopper.http.ProfileResolver.resolveProfile(ProfileResolver.java:46)
	at com.graphhopper.resources.RouteResource.doGet(RouteResource.java:151)
	at java.base/jdk.internal.reflect.NativeMethodAccessorImpl.invoke0(Native Method)
	at java.base/jdk.internal.reflect.NativeMethodAccessorImpl.invoke(NativeMethodAccessorImpl.java:77)
	at java.base/jdk.internal.reflect.DelegatingMethodAccessorImpl.invoke(DelegatingMethodAccessorImpl.java:43)
	at java.base/java.lang.reflect.Method.invoke(Method.java:568)
	at org.glassfish.jersey.server.model.internal.ResourceMethodInvocationHandlerFactory.lambda$static$0(ResourceMethodInvocationHandlerFactory.java:52)
	at org.glassfish.jersey.server.model.internal.AbstractJavaResourceMethodDispatcher$1.run(AbstractJavaResourceMethodDispatcher.java:146)
	at org.glassfish.jersey.server.model.internal.AbstractJavaResourceMethodDispatcher.invoke(AbstractJavaResourceMethodDispatcher.java:189)
	at org.glassfish.jersey.server.model.internal.JavaResourceMethodDispatcherProvider$ResponseOutInvoker.doDispatch(JavaResourceMethodDispatcherProvider.java:176)
	at org.glassfish.jersey.server.model.internal.AbstractJavaResourceMethodDispatcher.dispatch(AbstractJavaResourceMethodDispatcher.java:93)
	at org.glassfish.jersey.server.model.ResourceMethodInvoker.invoke(ResourceMethodInvoker.java:478)
	at org.glassfish.jersey.server.model.ResourceMethodInvoker.apply(ResourceMethodInvoker.java:400)
	at org.glassfish.jersey.server.model.ResourceMethodInvoker.apply(ResourceMethodInvoker.java:81)
	at org.glassfish.jersey.server.ServerRuntime$1.run(ServerRuntime.java:256)
	at org.glassfish.jersey.internal.Errors$1.call(Errors.java:248)
	at org.glassfish.jersey.internal.Errors$1.call(Errors.java:244)
	at org.glassfish.jersey.internal.Errors.process(Errors.java:292)
	at org.glassfish.jersey.internal.Errors.process(Errors.java:274)
	at org.glassfish.jersey.internal.Errors.process(Errors.java:244)
	at org.glassfish.jersey.process.internal.RequestScope.runInScope(RequestScope.java:265)
	at org.glassfish.jersey.server.ServerRuntime.process(ServerRuntime.java:235)
	at org.glassfish.jersey.server.ApplicationHandler.handle(ApplicationHandler.java:684)
	at org.glassfish.jersey.servlet.WebComponent.serviceImpl(WebComponent.java:397)
	at org.glassfish.jersey.servlet.WebComponent.service(WebComponent.java:349)
	at org.glassfish.jersey.servlet.ServletContainer.service(ServletContainer.java:379)
	at org.glassfish.jersey.servlet.ServletContainer.service(ServletContainer.java:312)
	at org.glassfish.jersey.servlet.ServletContainer.service(ServletContainer.java:205)
	at org.eclipse.jetty.servlet.ServletHolder.handle(ServletHolder.java:764)
	at org.eclipse.jetty.servlet.ServletHandler$ChainEnd.doFilter(ServletHandler.java:1665)
	at io.dropwizard.servlets.ThreadNameFilter.doFilter(ThreadNameFilter.java:35)
	at org.eclipse.jetty.servlet.FilterHolder.doFilter(FilterHolder.java:202)
	at org.eclipse.jetty.servlet.ServletHandler$Chain.doFilter(ServletHandler.java:1635)
	at io.dropwizard.jersey.filter.AllowedMethodsFilter.handle(AllowedMethodsFilter.java:46)
	at io.dropwizard.jersey.filter.AllowedMethodsFilter.doFilter(AllowedMethodsFilter.java:40)
	at org.eclipse.jetty.servlet.FilterHolder.doFilter(FilterHolder.java:202)
	at org.eclipse.jetty.servlet.ServletHandler$Chain.doFilter(ServletHandler.java:1635)
	at com.graphhopper.http.CORSFilter.doFilter(CORSFilter.java:36)
	at org.eclipse.jetty.servlet.FilterHolder.doFilter(FilterHolder.java:202)
	at org.eclipse.jetty.servlet.ServletHandler$Chain.doFilter(ServletHandler.java:1635)
	at org.eclipse.jetty.servlet.ServletHandler.doHandle(ServletHandler.java:527)
	at org.eclipse.jetty.server.handler.ScopedHandler.nextHandle(ScopedHandler.java:221)
	at org.eclipse.jetty.server.handler.ContextHandler.doHandle(ContextHandler.java:1384)
	at org.eclipse.jetty.server.handler.ScopedHandler.nextScope(ScopedHandler.java:176)
	at org.eclipse.jetty.servlet.ServletHandler.doScope(ServletHandler.java:484)
	at org.eclipse.jetty.server.handler.ScopedHandler.nextScope(ScopedHandler.java:174)
	at org.eclipse.jetty.server.handler.ContextHandler.doScope(ContextHandler.java:1306)
	at org.eclipse.jetty.server.handler.ScopedHandler.handle(ScopedHandler.java:129)
	at org.eclipse.jetty.server.handler.HandlerWrapper.handle(HandlerWrapper.java:122)
	at io.dropwizard.metrics.jetty10.InstrumentedHandler.handle(InstrumentedHandler.java:314)
	at io.dropwizard.jetty.RoutingHandler.handle(RoutingHandler.java:52)
	at org.eclipse.jetty.server.handler.HandlerWrapper.handle(HandlerWrapper.java:122)
	at org.eclipse.jetty.server.handler.gzip.GzipHandler.handle(GzipHandler.java:822)
	at io.dropwizard.jetty.ZipExceptionHandlingGzipHandler.handle(ZipExceptionHandlingGzipHandler.java:26)
	at org.eclipse.jetty.server.handler.StatisticsHandler.handle(StatisticsHandler.java:173)
	at org.eclipse.jetty.server.handler.HandlerWrapper.handle(HandlerWrapper.java:122)
	at org.eclipse.jetty.server.Server.handle(Server.java:563)
	at org.eclipse.jetty.server.HttpChannel$RequestDispatchable.dispatch(HttpChannel.java:1598)
	at org.eclipse.jetty.server.HttpChannel.dispatch(HttpChannel.java:753)
	at org.eclipse.jetty.server.HttpChannel.handle(HttpChannel.java:501)
	at org.eclipse.jetty.server.HttpConnection.onFillable(HttpConnection.java:287)
	at org.eclipse.jetty.io.AbstractConnection$ReadCallback.succeeded(AbstractConnection.java:314)
	at org.eclipse.jetty.io.FillInterest.fillable(FillInterest.java:100)
	at org.eclipse.jetty.io.SelectableChannelEndPoint$1.run(SelectableChannelEndPoint.java:53)
	at org.eclipse.jetty.util.thread.strategy.AdaptiveExecutionStrategy.runTask(AdaptiveExecutionStrategy.java:421)
	at org.eclipse.jetty.util.thread.strategy.AdaptiveExecutionStrategy.consumeTask(AdaptiveExecutionStrategy.java:390)
	at org.eclipse.jetty.util.thread.strategy.AdaptiveExecutionStrategy.tryProduce(AdaptiveExecutionStrategy.java:277)
	at org.eclipse.jetty.util.thread.strategy.AdaptiveExecutionStrategy.produce(AdaptiveExecutionStrategy.java:193)
	at org.eclipse.jetty.util.thread.QueuedThreadPool.runJob(QueuedThreadPool.java:969)
	at org.eclipse.jetty.util.thread.QueuedThreadPool$Runner.doRunJob(QueuedThreadPool.java:1194)
	at org.eclipse.jetty.util.thread.QueuedThreadPool$Runner.run(QueuedThreadPool.java:1149)
	at java.base/java.lang.Thread.run(Thread.java:842)
2026-01-07 18:36:37.514 [JettyShutdownThread] INFO  org.eclipse.jetty.server.Server - Stopped Server@149c3204{STOPPING}[10.0.23,sto=30000]
2026-01-07 18:36:37.515 [JettyShutdownThread] INFO  org.eclipse.jetty.server.Server - Shutdown Server@149c3204{STOPPING}[10.0.23,sto=30000]
2026-01-07 18:36:37.518 [JettyShutdownThread] INFO  o.e.jetty.server.AbstractConnector - Stopped application@64693226{HTTP/1.1, (http/1.1)}{localhost:8989}
2026-01-07 18:36:37.519 [JettyShutdownThread] INFO  o.e.jetty.server.AbstractConnector - Stopped admin@1c758545{HTTP/1.1, (http/1.1)}{localhost:8990}
2026-01-07 18:36:37.522 [JettyShutdownThread] INFO  o.e.j.server.handler.ContextHandler - Stopped i.d.j.MutableServletContextHandler@cbd40c1{/,null,STOPPED}
2026-01-07 18:36:37.527 [JettyShutdownThread] INFO  o.e.j.server.handler.ContextHandler - Stopped i.d.j.MutableServletContextHandler@18d47df0{/,null,STOPPED}
